[0m16:00:36.161333 [debug] [MainThread]: Sending event: {'category': 'dbt', 'action': 'invocation', 'label': 'start', 'context': [<snowplow_tracker.self_describing_json.SelfDescribingJson object at 0x7f241edb1700>, <snowplow_tracker.self_describing_json.SelfDescribingJson object at 0x7f241f7aca40>, <snowplow_tracker.self_describing_json.SelfDescribingJson object at 0x7f241edb2120>]}


============================== 16:00:36.164598 | e0f72df8-5cf8-49f9-93e1-c00b3fa824a4 ==============================
[0m16:00:36.164598 [info ] [MainThread]: Running with dbt=1.7.19
[0m16:00:36.165301 [debug] [MainThread]: running dbt with arguments {'printer_width': '80', 'indirect_selection': 'eager', 'log_cache_events': 'False', 'write_json': 'True', 'partial_parse': 'True', 'cache_selected_only': 'False', 'profiles_dir': '/home/hiron/.dbt', 'debug': 'False', 'warn_error': 'None', 'log_path': 'logs', 'fail_fast': 'False', 'version_check': 'True', 'use_colors': 'True', 'use_experimental_parser': 'False', 'no_print': 'None', 'quiet': 'False', 'warn_error_options': 'WarnErrorOptions(include=[], exclude=[])', 'introspect': 'True', 'log_format': 'default', 'static_parser': 'True', 'target_path': 'None', 'invocation_command': 'dbt debug', 'send_anonymous_usage_stats': 'True'}
[0m16:00:36.165849 [info ] [MainThread]: dbt version: 1.7.19
[0m16:00:36.166267 [info ] [MainThread]: python version: 3.12.3
[0m16:00:36.166746 [info ] [MainThread]: python path: /home/hiron/spark-env/bin/python3
[0m16:00:36.167204 [info ] [MainThread]: os info: Linux-6.6.87.2-microsoft-standard-WSL2-x86_64-with-glibc2.39
[0m16:00:36.167769 [info ] [MainThread]: Using profiles dir at /home/hiron/.dbt
[0m16:00:36.168189 [info ] [MainThread]: Using profiles.yml file at /home/hiron/.dbt/profiles.yml
[0m16:00:36.168560 [info ] [MainThread]: Using dbt_project.yml file at /home/hiron/Tega-Michael-Brian-Project/snowflake/dbt_taxiops/dbt_project.yml
[0m16:00:36.169320 [info ] [MainThread]: Configuration:
[0m16:00:36.169715 [info ] [MainThread]:   profiles.yml file [[31mERROR not found[0m]
[0m16:00:36.170083 [info ] [MainThread]:   dbt_project.yml file [[31mERROR invalid[0m]
[0m16:00:36.170494 [info ] [MainThread]: Required dependencies:
[0m16:00:36.170908 [debug] [MainThread]: Executing "git --help"
[0m16:00:36.174372 [debug] [MainThread]: STDOUT: "b"usage: git [-v | --version] [-h | --help] [-C <path>] [-c <name>=<value>]\n           [--exec-path[=<path>]] [--html-path] [--man-path] [--info-path]\n           [-p | --paginate | -P | --no-pager] [--no-replace-objects] [--bare]\n           [--git-dir=<path>] [--work-tree=<path>] [--namespace=<name>]\n           [--config-env=<name>=<envvar>] <command> [<args>]\n\nThese are common Git commands used in various situations:\n\nstart a working area (see also: git help tutorial)\n   clone     Clone a repository into a new directory\n   init      Create an empty Git repository or reinitialize an existing one\n\nwork on the current change (see also: git help everyday)\n   add       Add file contents to the index\n   mv        Move or rename a file, a directory, or a symlink\n   restore   Restore working tree files\n   rm        Remove files from the working tree and from the index\n\nexamine the history and state (see also: git help revisions)\n   bisect    Use binary search to find the commit that introduced a bug\n   diff      Show changes between commits, commit and working tree, etc\n   grep      Print lines matching a pattern\n   log       Show commit logs\n   show      Show various types of objects\n   status    Show the working tree status\n\ngrow, mark and tweak your common history\n   branch    List, create, or delete branches\n   commit    Record changes to the repository\n   merge     Join two or more development histories together\n   rebase    Reapply commits on top of another base tip\n   reset     Reset current HEAD to the specified state\n   switch    Switch branches\n   tag       Create, list, delete or verify a tag object signed with GPG\n\ncollaborate (see also: git help workflows)\n   fetch     Download objects and refs from another repository\n   pull      Fetch from and integrate with another repository or a local branch\n   push      Update remote refs along with associated objects\n\n'git help -a' and 'git help -g' list available subcommands and some\nconcept guides. See 'git help <command>' or 'git help <concept>'\nto read about a specific subcommand or concept.\nSee 'git help git' for an overview of the system.\n""
[0m16:00:36.175177 [debug] [MainThread]: STDERR: "b''"
[0m16:00:36.175676 [info ] [MainThread]:  - git [[32mOK found[0m]

[0m16:00:36.176274 [info ] [MainThread]: Connection test skipped since no profile was found
[0m16:00:36.176793 [info ] [MainThread]: [31m2 checks failed:[0m
[0m16:00:36.177424 [info ] [MainThread]: dbt looked for a profiles.yml file in /home/hiron/.dbt/profiles.yml, but did
not find one. For more information on configuring your profile, consult the
documentation:

https://docs.getdbt.com/docs/configure-your-profile


[0m16:00:36.177948 [info ] [MainThread]: Project loading failed for the following reason:
Runtime Error
  dbt_project.yml does not parse to a dictionary


[0m16:00:36.178947 [debug] [MainThread]: Resource report: {"command_name": "debug", "command_wall_clock_time": 0.057693724, "process_user_time": 1.772965, "process_kernel_time": 0.249933, "process_mem_max_rss": "98016", "process_out_blocks": "16", "command_success": false, "process_in_blocks": "0"}
[0m16:00:36.179570 [debug] [MainThread]: Command `dbt debug` failed at 16:00:36.179434 after 0.06 seconds
[0m16:00:36.180229 [debug] [MainThread]: Sending event: {'category': 'dbt', 'action': 'invocation', 'label': 'end', 'context': [<snowplow_tracker.self_describing_json.SelfDescribingJson object at 0x7f241f4b25a0>, <snowplow_tracker.self_describing_json.SelfDescribingJson object at 0x7f241f7ac9b0>, <snowplow_tracker.self_describing_json.SelfDescribingJson object at 0x7f241f7acb30>]}
[0m16:00:36.180802 [debug] [MainThread]: Flushing usage events
[0m16:02:15.819522 [debug] [MainThread]: Sending event: {'category': 'dbt', 'action': 'invocation', 'label': 'start', 'context': [<snowplow_tracker.self_describing_json.SelfDescribingJson object at 0x7c5943f2cc80>, <snowplow_tracker.self_describing_json.SelfDescribingJson object at 0x7c5944151100>, <snowplow_tracker.self_describing_json.SelfDescribingJson object at 0x7c5943f2dc70>]}


============================== 16:02:15.824349 | a817d165-8c4f-4bcf-bcb2-38120ed0d1b7 ==============================
[0m16:02:15.824349 [info ] [MainThread]: Running with dbt=1.7.19
[0m16:02:15.825109 [debug] [MainThread]: running dbt with arguments {'printer_width': '80', 'indirect_selection': 'eager', 'write_json': 'True', 'log_cache_events': 'False', 'partial_parse': 'True', 'cache_selected_only': 'False', 'warn_error': 'None', 'version_check': 'True', 'debug': 'False', 'log_path': '/home/hiron/Tega-Michael-Brian-Project/snowflake/dbt_taxiops/logs', 'fail_fast': 'False', 'profiles_dir': '/home/hiron/.dbt', 'use_colors': 'True', 'use_experimental_parser': 'False', 'no_print': 'None', 'quiet': 'False', 'log_format': 'default', 'invocation_command': 'dbt debug', 'warn_error_options': 'WarnErrorOptions(include=[], exclude=[])', 'introspect': 'True', 'target_path': 'None', 'static_parser': 'True', 'send_anonymous_usage_stats': 'True'}
[0m16:02:15.825686 [info ] [MainThread]: dbt version: 1.7.19
[0m16:02:15.826083 [info ] [MainThread]: python version: 3.12.3
[0m16:02:15.826493 [info ] [MainThread]: python path: /home/hiron/spark-env/bin/python3
[0m16:02:15.826952 [info ] [MainThread]: os info: Linux-6.6.87.2-microsoft-standard-WSL2-x86_64-with-glibc2.39
[0m16:02:15.827429 [info ] [MainThread]: Using profiles dir at /home/hiron/.dbt
[0m16:02:15.827778 [info ] [MainThread]: Using profiles.yml file at /home/hiron/.dbt/profiles.yml
[0m16:02:15.828186 [info ] [MainThread]: Using dbt_project.yml file at /home/hiron/Tega-Michael-Brian-Project/snowflake/dbt_taxiops/dbt_project.yml
[0m16:02:15.905583 [info ] [MainThread]: Configuration:
[0m16:02:15.906322 [info ] [MainThread]:   profiles.yml file [[31mERROR not found[0m]
[0m16:02:15.907801 [info ] [MainThread]:   dbt_project.yml file [[32mOK found and valid[0m]
[0m16:02:15.908584 [info ] [MainThread]: Required dependencies:
[0m16:02:15.909249 [debug] [MainThread]: Executing "git --help"
[0m16:02:15.912407 [debug] [MainThread]: STDOUT: "b"usage: git [-v | --version] [-h | --help] [-C <path>] [-c <name>=<value>]\n           [--exec-path[=<path>]] [--html-path] [--man-path] [--info-path]\n           [-p | --paginate | -P | --no-pager] [--no-replace-objects] [--bare]\n           [--git-dir=<path>] [--work-tree=<path>] [--namespace=<name>]\n           [--config-env=<name>=<envvar>] <command> [<args>]\n\nThese are common Git commands used in various situations:\n\nstart a working area (see also: git help tutorial)\n   clone     Clone a repository into a new directory\n   init      Create an empty Git repository or reinitialize an existing one\n\nwork on the current change (see also: git help everyday)\n   add       Add file contents to the index\n   mv        Move or rename a file, a directory, or a symlink\n   restore   Restore working tree files\n   rm        Remove files from the working tree and from the index\n\nexamine the history and state (see also: git help revisions)\n   bisect    Use binary search to find the commit that introduced a bug\n   diff      Show changes between commits, commit and working tree, etc\n   grep      Print lines matching a pattern\n   log       Show commit logs\n   show      Show various types of objects\n   status    Show the working tree status\n\ngrow, mark and tweak your common history\n   branch    List, create, or delete branches\n   commit    Record changes to the repository\n   merge     Join two or more development histories together\n   rebase    Reapply commits on top of another base tip\n   reset     Reset current HEAD to the specified state\n   switch    Switch branches\n   tag       Create, list, delete or verify a tag object signed with GPG\n\ncollaborate (see also: git help workflows)\n   fetch     Download objects and refs from another repository\n   pull      Fetch from and integrate with another repository or a local branch\n   push      Update remote refs along with associated objects\n\n'git help -a' and 'git help -g' list available subcommands and some\nconcept guides. See 'git help <command>' or 'git help <concept>'\nto read about a specific subcommand or concept.\nSee 'git help git' for an overview of the system.\n""
[0m16:02:15.913111 [debug] [MainThread]: STDERR: "b''"
[0m16:02:15.913456 [info ] [MainThread]:  - git [[32mOK found[0m]

[0m16:02:15.913864 [info ] [MainThread]: Connection test skipped since no profile was found
[0m16:02:15.914319 [info ] [MainThread]: [31m1 check failed:[0m
[0m16:02:15.914915 [info ] [MainThread]: dbt looked for a profiles.yml file in /home/hiron/.dbt/profiles.yml, but did
not find one. For more information on configuring your profile, consult the
documentation:

https://docs.getdbt.com/docs/configure-your-profile


[0m16:02:15.916072 [debug] [MainThread]: Resource report: {"command_name": "debug", "command_wall_clock_time": 0.145536, "process_user_time": 1.847699, "process_kernel_time": 0.27735, "process_mem_max_rss": "99168", "process_out_blocks": "16", "command_success": false, "process_in_blocks": "0"}
[0m16:02:15.916770 [debug] [MainThread]: Command `dbt debug` failed at 16:02:15.916622 after 0.15 seconds
[0m16:02:15.917224 [debug] [MainThread]: Sending event: {'category': 'dbt', 'action': 'invocation', 'label': 'end', 'context': [<snowplow_tracker.self_describing_json.SelfDescribingJson object at 0x7c59441bfa10>, <snowplow_tracker.self_describing_json.SelfDescribingJson object at 0x7c594405cc20>, <snowplow_tracker.self_describing_json.SelfDescribingJson object at 0x7c5943fcf5f0>]}
[0m16:02:15.917675 [debug] [MainThread]: Flushing usage events
[0m16:06:16.413075 [debug] [MainThread]: Sending event: {'category': 'dbt', 'action': 'invocation', 'label': 'start', 'context': [<snowplow_tracker.self_describing_json.SelfDescribingJson object at 0x79dc582974a0>, <snowplow_tracker.self_describing_json.SelfDescribingJson object at 0x79dc57f84a40>, <snowplow_tracker.self_describing_json.SelfDescribingJson object at 0x79dc57269c40>]}


============================== 16:06:16.422560 | a9a3b2f1-0808-47c5-8ed2-30a9fad8da5b ==============================
[0m16:06:16.422560 [info ] [MainThread]: Running with dbt=1.7.19
[0m16:06:16.424251 [debug] [MainThread]: running dbt with arguments {'printer_width': '80', 'indirect_selection': 'eager', 'write_json': 'True', 'log_cache_events': 'False', 'partial_parse': 'True', 'cache_selected_only': 'False', 'warn_error': 'None', 'debug': 'False', 'version_check': 'True', 'log_path': '/home/hiron/Tega-Michael-Brian-Project/snowflake/dbt_taxiops/logs', 'profiles_dir': '/home/hiron/.dbt', 'fail_fast': 'False', 'use_colors': 'True', 'use_experimental_parser': 'False', 'no_print': 'None', 'quiet': 'False', 'log_format': 'default', 'invocation_command': 'dbt debug', 'static_parser': 'True', 'warn_error_options': 'WarnErrorOptions(include=[], exclude=[])', 'target_path': 'None', 'introspect': 'True', 'send_anonymous_usage_stats': 'True'}
[0m16:06:16.424944 [info ] [MainThread]: dbt version: 1.7.19
[0m16:06:16.425467 [info ] [MainThread]: python version: 3.12.3
[0m16:06:16.425950 [info ] [MainThread]: python path: /home/hiron/spark-env/bin/python3
[0m16:06:16.426366 [info ] [MainThread]: os info: Linux-6.6.87.2-microsoft-standard-WSL2-x86_64-with-glibc2.39
[0m16:06:16.756280 [info ] [MainThread]: Using profiles dir at /home/hiron/.dbt
[0m16:06:16.756859 [info ] [MainThread]: Using profiles.yml file at /home/hiron/.dbt/profiles.yml
[0m16:06:16.757256 [info ] [MainThread]: Using dbt_project.yml file at /home/hiron/Tega-Michael-Brian-Project/snowflake/dbt_taxiops/dbt_project.yml
[0m16:06:16.757824 [info ] [MainThread]: adapter type: snowflake
[0m16:06:16.758273 [info ] [MainThread]: adapter version: 1.7.5
[0m16:06:16.842030 [info ] [MainThread]: Configuration:
[0m16:06:16.842730 [info ] [MainThread]:   profiles.yml file [[32mOK found and valid[0m]
[0m16:06:16.843270 [info ] [MainThread]:   dbt_project.yml file [[32mOK found and valid[0m]
[0m16:06:16.843801 [info ] [MainThread]: Required dependencies:
[0m16:06:16.844279 [debug] [MainThread]: Executing "git --help"
[0m16:06:16.868823 [debug] [MainThread]: STDOUT: "b"usage: git [-v | --version] [-h | --help] [-C <path>] [-c <name>=<value>]\n           [--exec-path[=<path>]] [--html-path] [--man-path] [--info-path]\n           [-p | --paginate | -P | --no-pager] [--no-replace-objects] [--bare]\n           [--git-dir=<path>] [--work-tree=<path>] [--namespace=<name>]\n           [--config-env=<name>=<envvar>] <command> [<args>]\n\nThese are common Git commands used in various situations:\n\nstart a working area (see also: git help tutorial)\n   clone     Clone a repository into a new directory\n   init      Create an empty Git repository or reinitialize an existing one\n\nwork on the current change (see also: git help everyday)\n   add       Add file contents to the index\n   mv        Move or rename a file, a directory, or a symlink\n   restore   Restore working tree files\n   rm        Remove files from the working tree and from the index\n\nexamine the history and state (see also: git help revisions)\n   bisect    Use binary search to find the commit that introduced a bug\n   diff      Show changes between commits, commit and working tree, etc\n   grep      Print lines matching a pattern\n   log       Show commit logs\n   show      Show various types of objects\n   status    Show the working tree status\n\ngrow, mark and tweak your common history\n   branch    List, create, or delete branches\n   commit    Record changes to the repository\n   merge     Join two or more development histories together\n   rebase    Reapply commits on top of another base tip\n   reset     Reset current HEAD to the specified state\n   switch    Switch branches\n   tag       Create, list, delete or verify a tag object signed with GPG\n\ncollaborate (see also: git help workflows)\n   fetch     Download objects and refs from another repository\n   pull      Fetch from and integrate with another repository or a local branch\n   push      Update remote refs along with associated objects\n\n'git help -a' and 'git help -g' list available subcommands and some\nconcept guides. See 'git help <command>' or 'git help <concept>'\nto read about a specific subcommand or concept.\nSee 'git help git' for an overview of the system.\n""
[0m16:06:16.869827 [debug] [MainThread]: STDERR: "b''"
[0m16:06:16.870445 [info ] [MainThread]:  - git [[32mOK found[0m]

[0m16:06:16.871059 [info ] [MainThread]: Connection:
[0m16:06:16.871719 [info ] [MainThread]:   account: IFDDGDL-LUC27873
[0m16:06:16.872326 [info ] [MainThread]:   user: BHT8183
[0m16:06:16.872774 [info ] [MainThread]:   database: TAXIOPS_DB
[0m16:06:16.873304 [info ] [MainThread]:   warehouse: TAXIOPS_WH
[0m16:06:16.873840 [info ] [MainThread]:   role: ACCOUNTADMIN
[0m16:06:16.874443 [info ] [MainThread]:   schema: PUBLIC
[0m16:06:16.875079 [info ] [MainThread]:   authenticator: None
[0m16:06:16.875632 [info ] [MainThread]:   oauth_client_id: None
[0m16:06:16.876224 [info ] [MainThread]:   query_tag: None
[0m16:06:16.876877 [info ] [MainThread]:   client_session_keep_alive: False
[0m16:06:16.877370 [info ] [MainThread]:   host: None
[0m16:06:16.877856 [info ] [MainThread]:   port: None
[0m16:06:16.878348 [info ] [MainThread]:   proxy_host: None
[0m16:06:16.878915 [info ] [MainThread]:   proxy_port: None
[0m16:06:16.879512 [info ] [MainThread]:   protocol: None
[0m16:06:16.880344 [info ] [MainThread]:   connect_retries: 1
[0m16:06:16.880817 [info ] [MainThread]:   connect_timeout: None
[0m16:06:16.881303 [info ] [MainThread]:   retry_on_database_errors: False
[0m16:06:16.881772 [info ] [MainThread]:   retry_all: False
[0m16:06:16.882234 [info ] [MainThread]:   insecure_mode: False
[0m16:06:16.882800 [info ] [MainThread]:   reuse_connections: None
[0m16:06:16.883325 [info ] [MainThread]: Registered adapter: snowflake=1.7.5
[0m16:06:16.885806 [debug] [MainThread]: Acquiring new snowflake connection 'debug'
[0m16:06:16.887059 [debug] [MainThread]: Using snowflake connection "debug"
[0m16:06:16.887717 [debug] [MainThread]: On debug: select 1 as id
[0m16:06:16.888317 [debug] [MainThread]: Opening a new connection, currently in state init
[0m16:06:21.006462 [debug] [MainThread]: Snowflake adapter: Error running SQL: select 1 as id
[0m16:06:21.006964 [debug] [MainThread]: Snowflake adapter: Rolling back transaction.
[0m16:06:21.007279 [debug] [MainThread]: On debug: No close available on handle
[0m16:06:21.007682 [info ] [MainThread]:   Connection test: [[31mERROR[0m]

[0m16:06:21.008043 [info ] [MainThread]: [31m1 check failed:[0m
[0m16:06:21.008416 [info ] [MainThread]: dbt was unable to connect to the specified database.
The database returned the following error:

  >Database Error
  250001 (08001): Failed to connect to DB: IFDDGDL-LUC27873.snowflakecomputing.com:443. Incorrect username or password was specified.

Check your database credentials and try again. For more information, visit:
https://docs.getdbt.com/docs/configure-your-profile


[0m16:06:21.009756 [debug] [MainThread]: Resource report: {"command_name": "debug", "command_wall_clock_time": 4.6398783, "process_user_time": 2.430872, "process_kernel_time": 0.729658, "process_mem_max_rss": "141292", "process_in_blocks": "15176", "process_out_blocks": "48", "command_success": false}
[0m16:06:21.010388 [debug] [MainThread]: Command `dbt debug` failed at 16:06:21.010259 after 4.64 seconds
[0m16:06:21.010750 [debug] [MainThread]: Connection 'debug' was properly closed.
[0m16:06:21.011133 [debug] [MainThread]: Sending event: {'category': 'dbt', 'action': 'invocation', 'label': 'end', 'context': [<snowplow_tracker.self_describing_json.SelfDescribingJson object at 0x79dc57269c40>, <snowplow_tracker.self_describing_json.SelfDescribingJson object at 0x79dc55bd1ee0>, <snowplow_tracker.self_describing_json.SelfDescribingJson object at 0x79dc55e714f0>]}
[0m16:06:21.011581 [debug] [MainThread]: Flushing usage events
[0m16:07:02.403935 [debug] [MainThread]: Sending event: {'category': 'dbt', 'action': 'invocation', 'label': 'start', 'context': [<snowplow_tracker.self_describing_json.SelfDescribingJson object at 0x7387a2b90770>, <snowplow_tracker.self_describing_json.SelfDescribingJson object at 0x7387a3001b20>, <snowplow_tracker.self_describing_json.SelfDescribingJson object at 0x7387a2b90920>]}


============================== 16:07:02.407701 | 24212fe3-766d-4ec5-be4f-952646fe25fb ==============================
[0m16:07:02.407701 [info ] [MainThread]: Running with dbt=1.7.19
[0m16:07:02.408445 [debug] [MainThread]: running dbt with arguments {'printer_width': '80', 'indirect_selection': 'eager', 'log_cache_events': 'False', 'write_json': 'True', 'partial_parse': 'True', 'cache_selected_only': 'False', 'warn_error': 'None', 'version_check': 'True', 'fail_fast': 'False', 'log_path': '/home/hiron/Tega-Michael-Brian-Project/snowflake/dbt_taxiops/logs', 'debug': 'False', 'profiles_dir': '/home/hiron/.dbt', 'use_colors': 'True', 'use_experimental_parser': 'False', 'no_print': 'None', 'quiet': 'False', 'log_format': 'default', 'static_parser': 'True', 'introspect': 'True', 'warn_error_options': 'WarnErrorOptions(include=[], exclude=[])', 'target_path': 'None', 'invocation_command': 'dbt debug', 'send_anonymous_usage_stats': 'True'}
[0m16:07:02.409101 [info ] [MainThread]: dbt version: 1.7.19
[0m16:07:02.409532 [info ] [MainThread]: python version: 3.12.3
[0m16:07:02.409934 [info ] [MainThread]: python path: /home/hiron/spark-env/bin/python3
[0m16:07:02.410327 [info ] [MainThread]: os info: Linux-6.6.87.2-microsoft-standard-WSL2-x86_64-with-glibc2.39
[0m16:07:02.720862 [info ] [MainThread]: Using profiles dir at /home/hiron/.dbt
[0m16:07:02.721450 [info ] [MainThread]: Using profiles.yml file at /home/hiron/.dbt/profiles.yml
[0m16:07:02.721847 [info ] [MainThread]: Using dbt_project.yml file at /home/hiron/Tega-Michael-Brian-Project/snowflake/dbt_taxiops/dbt_project.yml
[0m16:07:02.722436 [info ] [MainThread]: adapter type: snowflake
[0m16:07:02.722836 [info ] [MainThread]: adapter version: 1.7.5
[0m16:07:02.798826 [info ] [MainThread]: Configuration:
[0m16:07:02.799464 [info ] [MainThread]:   profiles.yml file [[32mOK found and valid[0m]
[0m16:07:02.799887 [info ] [MainThread]:   dbt_project.yml file [[32mOK found and valid[0m]
[0m16:07:02.800286 [info ] [MainThread]: Required dependencies:
[0m16:07:02.800699 [debug] [MainThread]: Executing "git --help"
[0m16:07:02.803981 [debug] [MainThread]: STDOUT: "b"usage: git [-v | --version] [-h | --help] [-C <path>] [-c <name>=<value>]\n           [--exec-path[=<path>]] [--html-path] [--man-path] [--info-path]\n           [-p | --paginate | -P | --no-pager] [--no-replace-objects] [--bare]\n           [--git-dir=<path>] [--work-tree=<path>] [--namespace=<name>]\n           [--config-env=<name>=<envvar>] <command> [<args>]\n\nThese are common Git commands used in various situations:\n\nstart a working area (see also: git help tutorial)\n   clone     Clone a repository into a new directory\n   init      Create an empty Git repository or reinitialize an existing one\n\nwork on the current change (see also: git help everyday)\n   add       Add file contents to the index\n   mv        Move or rename a file, a directory, or a symlink\n   restore   Restore working tree files\n   rm        Remove files from the working tree and from the index\n\nexamine the history and state (see also: git help revisions)\n   bisect    Use binary search to find the commit that introduced a bug\n   diff      Show changes between commits, commit and working tree, etc\n   grep      Print lines matching a pattern\n   log       Show commit logs\n   show      Show various types of objects\n   status    Show the working tree status\n\ngrow, mark and tweak your common history\n   branch    List, create, or delete branches\n   commit    Record changes to the repository\n   merge     Join two or more development histories together\n   rebase    Reapply commits on top of another base tip\n   reset     Reset current HEAD to the specified state\n   switch    Switch branches\n   tag       Create, list, delete or verify a tag object signed with GPG\n\ncollaborate (see also: git help workflows)\n   fetch     Download objects and refs from another repository\n   pull      Fetch from and integrate with another repository or a local branch\n   push      Update remote refs along with associated objects\n\n'git help -a' and 'git help -g' list available subcommands and some\nconcept guides. See 'git help <command>' or 'git help <concept>'\nto read about a specific subcommand or concept.\nSee 'git help git' for an overview of the system.\n""
[0m16:07:02.805119 [debug] [MainThread]: STDERR: "b''"
[0m16:07:02.805470 [info ] [MainThread]:  - git [[32mOK found[0m]

[0m16:07:02.805860 [info ] [MainThread]: Connection:
[0m16:07:02.806237 [info ] [MainThread]:   account: IFDDGDL-LUC27873
[0m16:07:02.806639 [info ] [MainThread]:   user: bht8183
[0m16:07:02.807032 [info ] [MainThread]:   database: TAXIOPS_DB
[0m16:07:02.807440 [info ] [MainThread]:   warehouse: TAXIOPS_WH
[0m16:07:02.807802 [info ] [MainThread]:   role: ACCOUNTADMIN
[0m16:07:02.808232 [info ] [MainThread]:   schema: PUBLIC
[0m16:07:02.808688 [info ] [MainThread]:   authenticator: None
[0m16:07:02.809146 [info ] [MainThread]:   oauth_client_id: None
[0m16:07:02.809546 [info ] [MainThread]:   query_tag: None
[0m16:07:02.809900 [info ] [MainThread]:   client_session_keep_alive: False
[0m16:07:02.810246 [info ] [MainThread]:   host: None
[0m16:07:02.810604 [info ] [MainThread]:   port: None
[0m16:07:02.810960 [info ] [MainThread]:   proxy_host: None
[0m16:07:02.811362 [info ] [MainThread]:   proxy_port: None
[0m16:07:02.811856 [info ] [MainThread]:   protocol: None
[0m16:07:02.812332 [info ] [MainThread]:   connect_retries: 1
[0m16:07:02.812868 [info ] [MainThread]:   connect_timeout: None
[0m16:07:02.813446 [info ] [MainThread]:   retry_on_database_errors: False
[0m16:07:02.813987 [info ] [MainThread]:   retry_all: False
[0m16:07:02.814666 [info ] [MainThread]:   insecure_mode: False
[0m16:07:02.815155 [info ] [MainThread]:   reuse_connections: None
[0m16:07:02.815709 [info ] [MainThread]: Registered adapter: snowflake=1.7.5
[0m16:07:02.817225 [debug] [MainThread]: Acquiring new snowflake connection 'debug'
[0m16:07:02.818596 [debug] [MainThread]: Using snowflake connection "debug"
[0m16:07:02.819358 [debug] [MainThread]: On debug: select 1 as id
[0m16:07:02.820185 [debug] [MainThread]: Opening a new connection, currently in state init
[0m16:07:06.743409 [debug] [MainThread]: SQL status: SUCCESS 1 in 4.0 seconds
[0m16:07:06.745768 [debug] [MainThread]: On debug: Close
[0m16:07:06.849645 [info ] [MainThread]:   Connection test: [[32mOK connection ok[0m]

[0m16:07:06.850389 [info ] [MainThread]: [32mAll checks passed![0m
[0m16:07:06.851663 [debug] [MainThread]: Resource report: {"command_name": "debug", "command_success": true, "command_wall_clock_time": 4.487522, "process_user_time": 2.159855, "process_kernel_time": 0.499028, "process_mem_max_rss": "141512", "process_in_blocks": "880", "process_out_blocks": "32"}
[0m16:07:06.852363 [debug] [MainThread]: Command `dbt debug` succeeded at 16:07:06.852211 after 4.49 seconds
[0m16:07:06.852844 [debug] [MainThread]: Connection 'debug' was properly closed.
[0m16:07:06.853283 [debug] [MainThread]: Sending event: {'category': 'dbt', 'action': 'invocation', 'label': 'end', 'context': [<snowplow_tracker.self_describing_json.SelfDescribingJson object at 0x7387a2fafd10>, <snowplow_tracker.self_describing_json.SelfDescribingJson object at 0x7387a18de600>, <snowplow_tracker.self_describing_json.SelfDescribingJson object at 0x7387a14dd190>]}
[0m16:07:06.853757 [debug] [MainThread]: Flushing usage events
[0m16:07:31.782164 [debug] [MainThread]: Sending event: {'category': 'dbt', 'action': 'invocation', 'label': 'start', 'context': [<snowplow_tracker.self_describing_json.SelfDescribingJson object at 0x7e0786795a00>, <snowplow_tracker.self_describing_json.SelfDescribingJson object at 0x7e0786ce2480>, <snowplow_tracker.self_describing_json.SelfDescribingJson object at 0x7e07867975c0>]}


============================== 16:07:31.786047 | d6200af8-1dbf-4fd3-a471-a9950c58b8d5 ==============================
[0m16:07:31.786047 [info ] [MainThread]: Running with dbt=1.7.19
[0m16:07:31.786843 [debug] [MainThread]: running dbt with arguments {'printer_width': '80', 'indirect_selection': 'eager', 'write_json': 'True', 'log_cache_events': 'False', 'partial_parse': 'True', 'cache_selected_only': 'False', 'profiles_dir': '/home/hiron/.dbt', 'debug': 'False', 'version_check': 'True', 'log_path': '/home/hiron/Tega-Michael-Brian-Project/snowflake/dbt_taxiops/logs', 'warn_error': 'None', 'fail_fast': 'False', 'use_colors': 'True', 'use_experimental_parser': 'False', 'no_print': 'None', 'quiet': 'False', 'log_format': 'default', 'introspect': 'True', 'warn_error_options': 'WarnErrorOptions(include=[], exclude=[])', 'static_parser': 'True', 'target_path': 'None', 'invocation_command': 'dbt run', 'send_anonymous_usage_stats': 'True'}
[0m16:07:32.362372 [debug] [MainThread]: Sending event: {'category': 'dbt', 'action': 'project_id', 'label': 'd6200af8-1dbf-4fd3-a471-a9950c58b8d5', 'context': [<snowplow_tracker.self_describing_json.SelfDescribingJson object at 0x7e0786794500>]}
[0m16:07:32.425100 [debug] [MainThread]: Sending event: {'category': 'dbt', 'action': 'adapter_info', 'label': 'd6200af8-1dbf-4fd3-a471-a9950c58b8d5', 'context': [<snowplow_tracker.self_describing_json.SelfDescribingJson object at 0x7e0786794b30>]}
[0m16:07:32.426520 [info ] [MainThread]: Registered adapter: snowflake=1.7.5
[0m16:07:32.445496 [debug] [MainThread]: checksum: a8d43cdff37d0f32d7fbe4c5c25bea4bb6c86e162f8ce8fdb1a38cdcf7495431, vars: {}, profile: , target: , version: 1.7.19
[0m16:07:32.447251 [info ] [MainThread]: Unable to do partial parsing because saved manifest not found. Starting full parse.
[0m16:07:32.448338 [debug] [MainThread]: Sending event: {'category': 'dbt', 'action': 'partial_parser', 'label': 'd6200af8-1dbf-4fd3-a471-a9950c58b8d5', 'context': [<snowplow_tracker.self_describing_json.SelfDescribingJson object at 0x7e0785588470>]}
[0m16:07:33.750213 [warn ] [MainThread]: [[33mWARNING[0m]: Configuration paths exist in your dbt_project.yml file which do not apply to any resources.
There are 2 unused configuration paths:
- models.dbt_taxiops.marts
- models.dbt_taxiops.staging
[0m16:07:33.756549 [debug] [MainThread]: Sending event: {'category': 'dbt', 'action': 'load_project', 'label': 'd6200af8-1dbf-4fd3-a471-a9950c58b8d5', 'context': [<snowplow_tracker.self_describing_json.SelfDescribingJson object at 0x7e0784e7a210>]}
[0m16:07:33.780352 [debug] [MainThread]: Sending event: {'category': 'dbt', 'action': 'resource_counts', 'label': 'd6200af8-1dbf-4fd3-a471-a9950c58b8d5', 'context': [<snowplow_tracker.self_describing_json.SelfDescribingJson object at 0x7e077ea59df0>]}
[0m16:07:33.781596 [info ] [MainThread]: Found 1 model, 6 tests, 1 source, 0 exposures, 0 metrics, 431 macros, 0 groups, 0 semantic models
[0m16:07:33.782295 [debug] [MainThread]: Sending event: {'category': 'dbt', 'action': 'runnable_timing', 'label': 'd6200af8-1dbf-4fd3-a471-a9950c58b8d5', 'context': [<snowplow_tracker.self_describing_json.SelfDescribingJson object at 0x7e0784d89c10>]}
[0m16:07:33.788884 [info ] [MainThread]: 
[0m16:07:33.790846 [debug] [MainThread]: Acquiring new snowflake connection 'master'
[0m16:07:33.794024 [debug] [ThreadPool]: Acquiring new snowflake connection 'list_TAXIOPS_DB'
[0m16:07:33.814251 [debug] [ThreadPool]: Using snowflake connection "list_TAXIOPS_DB"
[0m16:07:33.815009 [debug] [ThreadPool]: On list_TAXIOPS_DB: /* {"app": "dbt", "dbt_version": "1.7.19", "profile_name": "dbt_taxiops", "target_name": "dev", "connection_name": "list_TAXIOPS_DB"} */
show terse schemas in database TAXIOPS_DB
    limit 10000
[0m16:07:33.815540 [debug] [ThreadPool]: Opening a new connection, currently in state init
[0m16:07:37.248372 [debug] [ThreadPool]: SQL status: SUCCESS 3 in 3.0 seconds
[0m16:07:37.251450 [debug] [ThreadPool]: On list_TAXIOPS_DB: Close
[0m16:07:37.345127 [debug] [ThreadPool]: Re-using an available connection from the pool (formerly list_TAXIOPS_DB, now list_TAXIOPS_DB_PUBLIC)
[0m16:07:37.354284 [debug] [ThreadPool]: Using snowflake connection "list_TAXIOPS_DB_PUBLIC"
[0m16:07:37.354781 [debug] [ThreadPool]: On list_TAXIOPS_DB_PUBLIC: /* {"app": "dbt", "dbt_version": "1.7.19", "profile_name": "dbt_taxiops", "target_name": "dev", "connection_name": "list_TAXIOPS_DB_PUBLIC"} */
show objects in TAXIOPS_DB.PUBLIC limit 10000
[0m16:07:37.355139 [debug] [ThreadPool]: Opening a new connection, currently in state closed
[0m16:07:40.549901 [debug] [ThreadPool]: SQL status: SUCCESS 0 in 3.0 seconds
[0m16:07:40.551947 [debug] [ThreadPool]: On list_TAXIOPS_DB_PUBLIC: Close
[0m16:07:40.626827 [debug] [MainThread]: Sending event: {'category': 'dbt', 'action': 'runnable_timing', 'label': 'd6200af8-1dbf-4fd3-a471-a9950c58b8d5', 'context': [<snowplow_tracker.self_describing_json.SelfDescribingJson object at 0x7e0784dc7920>]}
[0m16:07:40.628185 [info ] [MainThread]: Concurrency: 4 threads (target='dev')
[0m16:07:40.628761 [info ] [MainThread]: 
[0m16:07:40.634358 [debug] [Thread-1 (]: Began running node model.dbt_taxiops.stg_taxi_trips_silver
[0m16:07:40.635301 [info ] [Thread-1 (]: 1 of 1 START sql view model PUBLIC.stg_taxi_trips_silver ....................... [RUN]
[0m16:07:40.636407 [debug] [Thread-1 (]: Re-using an available connection from the pool (formerly list_TAXIOPS_DB_PUBLIC, now model.dbt_taxiops.stg_taxi_trips_silver)
[0m16:07:40.637115 [debug] [Thread-1 (]: Began compiling node model.dbt_taxiops.stg_taxi_trips_silver
[0m16:07:40.644840 [debug] [Thread-1 (]: Writing injected SQL for node "model.dbt_taxiops.stg_taxi_trips_silver"
[0m16:07:40.649499 [debug] [Thread-1 (]: Timing info for model.dbt_taxiops.stg_taxi_trips_silver (compile): 16:07:40.637503 => 16:07:40.648882
[0m16:07:40.650054 [debug] [Thread-1 (]: Began executing node model.dbt_taxiops.stg_taxi_trips_silver
[0m16:07:40.681534 [debug] [Thread-1 (]: Writing runtime sql for node "model.dbt_taxiops.stg_taxi_trips_silver"
[0m16:07:40.686721 [debug] [Thread-1 (]: Using snowflake connection "model.dbt_taxiops.stg_taxi_trips_silver"
[0m16:07:40.687508 [debug] [Thread-1 (]: On model.dbt_taxiops.stg_taxi_trips_silver: /* {"app": "dbt", "dbt_version": "1.7.19", "profile_name": "dbt_taxiops", "target_name": "dev", "node_id": "model.dbt_taxiops.stg_taxi_trips_silver"} */
create or replace   view TAXIOPS_DB.PUBLIC.stg_taxi_trips_silver
  
   as (
    

select
    vendor_id,
    payment_type,
    pickup_ts,
    dropoff_ts,
    total_amount,
    fare_amount,
    tip_amount,
    trip_distance,

    cast(pickup_ts as date) as pickup_date,
    date_part('hour', pickup_ts) as pickup_hour,

    round(datediff('second', pickup_ts, dropoff_ts) / 60.0, 2) as trip_duration_min,

    case
        when fare_amount > 0 then tip_amount / fare_amount
        else 0.0
    end as tip_rate,
  );
[0m16:07:40.688261 [debug] [Thread-1 (]: Opening a new connection, currently in state closed
[0m16:07:43.810560 [debug] [Thread-1 (]: Snowflake adapter: Snowflake query id: 01c36177-0001-25cf-0018-f943000d80e6
[0m16:07:43.811288 [debug] [Thread-1 (]: Snowflake adapter: Snowflake error: 000904 (42000): SQL compilation error: error line 7 at position 4
invalid identifier 'VENDOR_ID'
[0m16:07:43.812212 [debug] [Thread-1 (]: Timing info for model.dbt_taxiops.stg_taxi_trips_silver (execute): 16:07:40.650348 => 16:07:43.811848
[0m16:07:43.812701 [debug] [Thread-1 (]: On model.dbt_taxiops.stg_taxi_trips_silver: Close
[0m16:07:43.890605 [debug] [Thread-1 (]: Database Error in model stg_taxi_trips_silver (models/stg_taxi_trips_silver.sql)
  000904 (42000): SQL compilation error: error line 7 at position 4
  invalid identifier 'VENDOR_ID'
  compiled Code at target/run/dbt_taxiops/models/stg_taxi_trips_silver.sql
[0m16:07:43.891500 [debug] [Thread-1 (]: Sending event: {'category': 'dbt', 'action': 'run_model', 'label': 'd6200af8-1dbf-4fd3-a471-a9950c58b8d5', 'context': [<snowplow_tracker.self_describing_json.SelfDescribingJson object at 0x7e072ec9f2c0>]}
[0m16:07:43.892683 [error] [Thread-1 (]: 1 of 1 ERROR creating sql view model PUBLIC.stg_taxi_trips_silver .............. [[31mERROR[0m in 3.26s]
[0m16:07:43.893908 [debug] [Thread-1 (]: Finished running node model.dbt_taxiops.stg_taxi_trips_silver
[0m16:07:43.898804 [debug] [MainThread]: Connection 'master' was properly closed.
[0m16:07:43.899318 [debug] [MainThread]: Connection 'model.dbt_taxiops.stg_taxi_trips_silver' was properly closed.
[0m16:07:43.899778 [info ] [MainThread]: 
[0m16:07:43.900378 [info ] [MainThread]: Finished running 1 view model in 0 hours 0 minutes and 10.11 seconds (10.11s).
[0m16:07:43.901396 [debug] [MainThread]: Command end result
[0m16:07:43.924926 [info ] [MainThread]: 
[0m16:07:43.925590 [info ] [MainThread]: [31mCompleted with 1 error and 0 warnings:[0m
[0m16:07:43.926404 [info ] [MainThread]: 
[0m16:07:43.927032 [error] [MainThread]:   Database Error in model stg_taxi_trips_silver (models/stg_taxi_trips_silver.sql)
  000904 (42000): SQL compilation error: error line 7 at position 4
  invalid identifier 'VENDOR_ID'
  compiled Code at target/run/dbt_taxiops/models/stg_taxi_trips_silver.sql
[0m16:07:43.927723 [info ] [MainThread]: 
[0m16:07:43.928459 [info ] [MainThread]: Done. PASS=0 WARN=0 ERROR=1 SKIP=0 TOTAL=1
[0m16:07:43.930264 [debug] [MainThread]: Resource report: {"command_name": "run", "command_wall_clock_time": 12.188423, "process_user_time": 3.779753, "process_kernel_time": 0.771457, "process_mem_max_rss": "154316", "process_in_blocks": "3464", "process_out_blocks": "2664", "command_success": false}
[0m16:07:43.931525 [debug] [MainThread]: Command `dbt run` failed at 16:07:43.931194 after 12.19 seconds
[0m16:07:43.932515 [debug] [MainThread]: Sending event: {'category': 'dbt', 'action': 'invocation', 'label': 'end', 'context': [<snowplow_tracker.self_describing_json.SelfDescribingJson object at 0x7e0786795730>, <snowplow_tracker.self_describing_json.SelfDescribingJson object at 0x7e07850a8b60>, <snowplow_tracker.self_describing_json.SelfDescribingJson object at 0x7e0784e7b440>]}
[0m16:07:43.933259 [debug] [MainThread]: Flushing usage events
[0m16:21:11.516384 [debug] [MainThread]: Sending event: {'category': 'dbt', 'action': 'invocation', 'label': 'start', 'context': [<snowplow_tracker.self_describing_json.SelfDescribingJson object at 0x7b9e6eea0410>, <snowplow_tracker.self_describing_json.SelfDescribingJson object at 0x7b9e6eea02c0>, <snowplow_tracker.self_describing_json.SelfDescribingJson object at 0x7b9e6eea16d0>]}


============================== 16:21:11.520549 | 707f4570-f30f-4262-a877-e623af32f480 ==============================
[0m16:21:11.520549 [info ] [MainThread]: Running with dbt=1.7.19
[0m16:21:11.521244 [debug] [MainThread]: running dbt with arguments {'printer_width': '80', 'indirect_selection': 'eager', 'write_json': 'True', 'log_cache_events': 'False', 'partial_parse': 'True', 'cache_selected_only': 'False', 'warn_error': 'None', 'fail_fast': 'False', 'profiles_dir': '/home/hiron/.dbt', 'log_path': '/home/hiron/Tega-Michael-Brian-Project/dbt_taxiops/logs', 'version_check': 'True', 'debug': 'False', 'use_colors': 'True', 'use_experimental_parser': 'False', 'no_print': 'None', 'quiet': 'False', 'warn_error_options': 'WarnErrorOptions(include=[], exclude=[])', 'static_parser': 'True', 'invocation_command': 'dbt run', 'log_format': 'default', 'target_path': 'None', 'introspect': 'True', 'send_anonymous_usage_stats': 'True'}
[0m16:21:12.447039 [debug] [MainThread]: Sending event: {'category': 'dbt', 'action': 'project_id', 'label': '707f4570-f30f-4262-a877-e623af32f480', 'context': [<snowplow_tracker.self_describing_json.SelfDescribingJson object at 0x7b9e6d7ebc20>]}
[0m16:21:12.499886 [debug] [MainThread]: Sending event: {'category': 'dbt', 'action': 'adapter_info', 'label': '707f4570-f30f-4262-a877-e623af32f480', 'context': [<snowplow_tracker.self_describing_json.SelfDescribingJson object at 0x7b9e6d9b4d10>]}
[0m16:21:12.501531 [info ] [MainThread]: Registered adapter: snowflake=1.7.5
[0m16:21:12.511233 [debug] [MainThread]: checksum: a8d43cdff37d0f32d7fbe4c5c25bea4bb6c86e162f8ce8fdb1a38cdcf7495431, vars: {}, profile: , target: , version: 1.7.19
[0m16:21:12.619751 [debug] [MainThread]: Partial parsing enabled: 0 files deleted, 0 files added, 1 files changed.
[0m16:21:12.620477 [debug] [MainThread]: Partial parsing: updated file: dbt_taxiops://models/stg_taxi_trips_silver.sql
[0m16:21:12.943788 [warn ] [MainThread]: [[33mWARNING[0m]: Configuration paths exist in your dbt_project.yml file which do not apply to any resources.
There are 2 unused configuration paths:
- models.dbt_taxiops.marts
- models.dbt_taxiops.staging
[0m16:21:12.950132 [debug] [MainThread]: Sending event: {'category': 'dbt', 'action': 'load_project', 'label': '707f4570-f30f-4262-a877-e623af32f480', 'context': [<snowplow_tracker.self_describing_json.SelfDescribingJson object at 0x7b9e6d6afaa0>]}
[0m16:21:12.964303 [debug] [MainThread]: Sending event: {'category': 'dbt', 'action': 'resource_counts', 'label': '707f4570-f30f-4262-a877-e623af32f480', 'context': [<snowplow_tracker.self_describing_json.SelfDescribingJson object at 0x7b9e6d57cc80>]}
[0m16:21:12.965328 [info ] [MainThread]: Found 6 tests, 1 model, 1 source, 0 exposures, 0 metrics, 431 macros, 0 groups, 0 semantic models
[0m16:21:12.966077 [debug] [MainThread]: Sending event: {'category': 'dbt', 'action': 'runnable_timing', 'label': '707f4570-f30f-4262-a877-e623af32f480', 'context': [<snowplow_tracker.self_describing_json.SelfDescribingJson object at 0x7b9e6711e3c0>]}
[0m16:21:12.968511 [info ] [MainThread]: 
[0m16:21:12.969588 [debug] [MainThread]: Acquiring new snowflake connection 'master'
[0m16:21:12.971152 [debug] [ThreadPool]: Acquiring new snowflake connection 'list_TAXIOPS_DB'
[0m16:21:12.986425 [debug] [ThreadPool]: Using snowflake connection "list_TAXIOPS_DB"
[0m16:21:12.986959 [debug] [ThreadPool]: On list_TAXIOPS_DB: /* {"app": "dbt", "dbt_version": "1.7.19", "profile_name": "dbt_taxiops", "target_name": "dev", "connection_name": "list_TAXIOPS_DB"} */
show terse schemas in database TAXIOPS_DB
    limit 10000
[0m16:21:12.987304 [debug] [ThreadPool]: Opening a new connection, currently in state init
[0m16:21:16.843854 [debug] [ThreadPool]: SQL status: SUCCESS 3 in 4.0 seconds
[0m16:21:16.845907 [debug] [ThreadPool]: On list_TAXIOPS_DB: Close
[0m16:21:16.922837 [debug] [ThreadPool]: Re-using an available connection from the pool (formerly list_TAXIOPS_DB, now list_TAXIOPS_DB_PUBLIC)
[0m16:21:16.932738 [debug] [ThreadPool]: Using snowflake connection "list_TAXIOPS_DB_PUBLIC"
[0m16:21:16.933447 [debug] [ThreadPool]: On list_TAXIOPS_DB_PUBLIC: /* {"app": "dbt", "dbt_version": "1.7.19", "profile_name": "dbt_taxiops", "target_name": "dev", "connection_name": "list_TAXIOPS_DB_PUBLIC"} */
show objects in TAXIOPS_DB.PUBLIC limit 10000
[0m16:21:16.933896 [debug] [ThreadPool]: Opening a new connection, currently in state closed
[0m16:21:19.282753 [debug] [ThreadPool]: SQL status: SUCCESS 0 in 2.0 seconds
[0m16:21:19.284497 [debug] [ThreadPool]: On list_TAXIOPS_DB_PUBLIC: Close
[0m16:21:19.357214 [debug] [MainThread]: Sending event: {'category': 'dbt', 'action': 'runnable_timing', 'label': '707f4570-f30f-4262-a877-e623af32f480', 'context': [<snowplow_tracker.self_describing_json.SelfDescribingJson object at 0x7b9e46eaddf0>]}
[0m16:21:19.358276 [info ] [MainThread]: Concurrency: 4 threads (target='dev')
[0m16:21:19.359179 [info ] [MainThread]: 
[0m16:21:19.366062 [debug] [Thread-1 (]: Began running node model.dbt_taxiops.stg_taxi_trips_silver
[0m16:21:19.367005 [info ] [Thread-1 (]: 1 of 1 START sql view model PUBLIC.stg_taxi_trips_silver ....................... [RUN]
[0m16:21:19.368006 [debug] [Thread-1 (]: Re-using an available connection from the pool (formerly list_TAXIOPS_DB_PUBLIC, now model.dbt_taxiops.stg_taxi_trips_silver)
[0m16:21:19.368536 [debug] [Thread-1 (]: Began compiling node model.dbt_taxiops.stg_taxi_trips_silver
[0m16:21:19.377408 [debug] [Thread-1 (]: Writing injected SQL for node "model.dbt_taxiops.stg_taxi_trips_silver"
[0m16:21:19.379129 [debug] [Thread-1 (]: Timing info for model.dbt_taxiops.stg_taxi_trips_silver (compile): 16:21:19.368919 => 16:21:19.378671
[0m16:21:19.379654 [debug] [Thread-1 (]: Began executing node model.dbt_taxiops.stg_taxi_trips_silver
[0m16:21:19.411704 [debug] [Thread-1 (]: Writing runtime sql for node "model.dbt_taxiops.stg_taxi_trips_silver"
[0m16:21:19.414069 [debug] [Thread-1 (]: Using snowflake connection "model.dbt_taxiops.stg_taxi_trips_silver"
[0m16:21:19.414552 [debug] [Thread-1 (]: On model.dbt_taxiops.stg_taxi_trips_silver: /* {"app": "dbt", "dbt_version": "1.7.19", "profile_name": "dbt_taxiops", "target_name": "dev", "node_id": "model.dbt_taxiops.stg_taxi_trips_silver"} */
create or replace   view TAXIOPS_DB.PUBLIC.stg_taxi_trips_silver
  
   as (
    

select
    vendor_id,
    payment_type,
    pickup_ts,
    dropoff_ts,
    total_amount,
    fare_amount,
    tip_amount,
    trip_distance,
    passenger_count,
    pickup_location_id,
    dropoff_location_id,

    cast(pickup_ts as date) as pickup_date,
    date_part('hour', pickup_ts) as pickup_hour,

    round(datediff('second', pickup_ts, dropoff_ts) / 60.0, 2) as trip_duration_min,

    case
        when fare_amount > 0 then tip_amount / fare_amount
        else 0.0
    end as tip_rate,

    case
        when trip_distance > 0 then fare_amount / trip_distance
        else 0.0
    end as fare_per_mile

from TAXIOPS_DB.RAW.taxi_trips_silver
  );
[0m16:21:19.414902 [debug] [Thread-1 (]: Opening a new connection, currently in state closed
[0m16:21:22.726113 [debug] [Thread-1 (]: SQL status: SUCCESS 1 in 3.0 seconds
[0m16:21:22.744712 [debug] [Thread-1 (]: Timing info for model.dbt_taxiops.stg_taxi_trips_silver (execute): 16:21:19.379965 => 16:21:22.744506
[0m16:21:22.745241 [debug] [Thread-1 (]: On model.dbt_taxiops.stg_taxi_trips_silver: Close
[0m16:21:22.823948 [debug] [Thread-1 (]: Sending event: {'category': 'dbt', 'action': 'run_model', 'label': '707f4570-f30f-4262-a877-e623af32f480', 'context': [<snowplow_tracker.self_describing_json.SelfDescribingJson object at 0x7b9e47deb770>]}
[0m16:21:22.825208 [info ] [Thread-1 (]: 1 of 1 OK created sql view model PUBLIC.stg_taxi_trips_silver .................. [[32mSUCCESS 1[0m in 3.46s]
[0m16:21:22.826211 [debug] [Thread-1 (]: Finished running node model.dbt_taxiops.stg_taxi_trips_silver
[0m16:21:22.830044 [debug] [MainThread]: Connection 'master' was properly closed.
[0m16:21:22.830598 [debug] [MainThread]: Connection 'model.dbt_taxiops.stg_taxi_trips_silver' was properly closed.
[0m16:21:22.831033 [info ] [MainThread]: 
[0m16:21:22.831583 [info ] [MainThread]: Finished running 1 view model in 0 hours 0 minutes and 9.86 seconds (9.86s).
[0m16:21:22.832659 [debug] [MainThread]: Command end result
[0m16:21:22.842850 [info ] [MainThread]: 
[0m16:21:22.843661 [info ] [MainThread]: [32mCompleted successfully[0m
[0m16:21:22.844337 [info ] [MainThread]: 
[0m16:21:22.845082 [info ] [MainThread]: Done. PASS=1 WARN=0 ERROR=0 SKIP=0 TOTAL=1
[0m16:21:22.846532 [debug] [MainThread]: Resource report: {"command_name": "run", "command_success": true, "command_wall_clock_time": 11.370723, "process_user_time": 2.901763, "process_kernel_time": 0.829075, "process_mem_max_rss": "152508", "process_in_blocks": "47968", "process_out_blocks": "2672"}
[0m16:21:22.847338 [debug] [MainThread]: Command `dbt run` succeeded at 16:21:22.847107 after 11.37 seconds
[0m16:21:22.848047 [debug] [MainThread]: Sending event: {'category': 'dbt', 'action': 'invocation', 'label': 'end', 'context': [<snowplow_tracker.self_describing_json.SelfDescribingJson object at 0x7b9e6f16f7d0>, <snowplow_tracker.self_describing_json.SelfDescribingJson object at 0x7b9e6f7c6a80>, <snowplow_tracker.self_describing_json.SelfDescribingJson object at 0x7b9e6d64e090>]}
[0m16:21:22.848579 [debug] [MainThread]: Flushing usage events
[0m16:25:21.523549 [debug] [MainThread]: Sending event: {'category': 'dbt', 'action': 'invocation', 'label': 'start', 'context': [<snowplow_tracker.self_describing_json.SelfDescribingJson object at 0x78f10ad2f200>, <snowplow_tracker.self_describing_json.SelfDescribingJson object at 0x78f10aa606e0>, <snowplow_tracker.self_describing_json.SelfDescribingJson object at 0x78f10aa62de0>]}


============================== 16:25:21.530630 | f651aa65-c51b-432d-81f6-f515243a0ee9 ==============================
[0m16:25:21.530630 [info ] [MainThread]: Running with dbt=1.7.19
[0m16:25:21.531280 [debug] [MainThread]: running dbt with arguments {'printer_width': '80', 'indirect_selection': 'eager', 'write_json': 'True', 'log_cache_events': 'False', 'partial_parse': 'True', 'cache_selected_only': 'False', 'profiles_dir': '/home/hiron/.dbt', 'fail_fast': 'False', 'debug': 'False', 'log_path': '/home/hiron/Tega-Michael-Brian-Project/dbt_taxiops/logs', 'warn_error': 'None', 'version_check': 'True', 'use_colors': 'True', 'use_experimental_parser': 'False', 'no_print': 'None', 'quiet': 'False', 'log_format': 'default', 'introspect': 'True', 'invocation_command': 'dbt test', 'static_parser': 'True', 'target_path': 'None', 'warn_error_options': 'WarnErrorOptions(include=[], exclude=[])', 'send_anonymous_usage_stats': 'True'}
[0m16:25:22.457565 [debug] [MainThread]: Sending event: {'category': 'dbt', 'action': 'project_id', 'label': 'f651aa65-c51b-432d-81f6-f515243a0ee9', 'context': [<snowplow_tracker.self_describing_json.SelfDescribingJson object at 0x78f10935e000>]}
[0m16:25:22.508245 [debug] [MainThread]: Sending event: {'category': 'dbt', 'action': 'adapter_info', 'label': 'f651aa65-c51b-432d-81f6-f515243a0ee9', 'context': [<snowplow_tracker.self_describing_json.SelfDescribingJson object at 0x78f109243da0>]}
[0m16:25:22.510130 [info ] [MainThread]: Registered adapter: snowflake=1.7.5
[0m16:25:22.521744 [debug] [MainThread]: checksum: a8d43cdff37d0f32d7fbe4c5c25bea4bb6c86e162f8ce8fdb1a38cdcf7495431, vars: {}, profile: , target: , version: 1.7.19
[0m16:25:22.632840 [debug] [MainThread]: Partial parsing enabled: 0 files deleted, 0 files added, 0 files changed.
[0m16:25:22.633302 [debug] [MainThread]: Partial parsing enabled, no changes found, skipping parsing
[0m16:25:22.633869 [warn ] [MainThread]: [[33mWARNING[0m]: Configuration paths exist in your dbt_project.yml file which do not apply to any resources.
There are 2 unused configuration paths:
- models.dbt_taxiops.staging
- models.dbt_taxiops.marts
[0m16:25:22.638744 [debug] [MainThread]: Sending event: {'category': 'dbt', 'action': 'load_project', 'label': 'f651aa65-c51b-432d-81f6-f515243a0ee9', 'context': [<snowplow_tracker.self_describing_json.SelfDescribingJson object at 0x78f1097903b0>]}
[0m16:25:22.657674 [debug] [MainThread]: Sending event: {'category': 'dbt', 'action': 'resource_counts', 'label': 'f651aa65-c51b-432d-81f6-f515243a0ee9', 'context': [<snowplow_tracker.self_describing_json.SelfDescribingJson object at 0x78f10916ce00>]}
[0m16:25:22.658273 [info ] [MainThread]: Found 6 tests, 1 model, 1 source, 0 exposures, 0 metrics, 431 macros, 0 groups, 0 semantic models
[0m16:25:22.658702 [debug] [MainThread]: Sending event: {'category': 'dbt', 'action': 'runnable_timing', 'label': 'f651aa65-c51b-432d-81f6-f515243a0ee9', 'context': [<snowplow_tracker.self_describing_json.SelfDescribingJson object at 0x78f1096766f0>]}
[0m16:25:22.660815 [info ] [MainThread]: 
[0m16:25:22.661796 [debug] [MainThread]: Acquiring new snowflake connection 'master'
[0m16:25:22.664170 [debug] [ThreadPool]: Acquiring new snowflake connection 'list_TAXIOPS_DB_PUBLIC'
[0m16:25:22.680175 [debug] [ThreadPool]: Using snowflake connection "list_TAXIOPS_DB_PUBLIC"
[0m16:25:22.680698 [debug] [ThreadPool]: On list_TAXIOPS_DB_PUBLIC: /* {"app": "dbt", "dbt_version": "1.7.19", "profile_name": "dbt_taxiops", "target_name": "dev", "connection_name": "list_TAXIOPS_DB_PUBLIC"} */
show objects in TAXIOPS_DB.PUBLIC limit 10000
[0m16:25:22.681045 [debug] [ThreadPool]: Opening a new connection, currently in state init
[0m16:25:27.037944 [debug] [ThreadPool]: SQL status: SUCCESS 1 in 4.0 seconds
[0m16:25:27.040192 [debug] [ThreadPool]: On list_TAXIOPS_DB_PUBLIC: Close
[0m16:25:27.120204 [debug] [MainThread]: Sending event: {'category': 'dbt', 'action': 'runnable_timing', 'label': 'f651aa65-c51b-432d-81f6-f515243a0ee9', 'context': [<snowplow_tracker.self_describing_json.SelfDescribingJson object at 0x78f10920f140>]}
[0m16:25:27.121218 [info ] [MainThread]: Concurrency: 4 threads (target='dev')
[0m16:25:27.121752 [info ] [MainThread]: 
[0m16:25:27.130027 [debug] [Thread-1 (]: Began running node test.dbt_taxiops.not_null_stg_taxi_trips_silver_pickup_date.bac8b751ea
[0m16:25:27.131390 [debug] [Thread-2 (]: Began running node test.dbt_taxiops.not_null_stg_taxi_trips_silver_pickup_hour.d5f05d92a1
[0m16:25:27.132240 [debug] [Thread-3 (]: Began running node test.dbt_taxiops.source_not_null_raw_taxi_trips_silver_dropoff_ts.8c6c4f8158
[0m16:25:27.133376 [debug] [Thread-4 (]: Began running node test.dbt_taxiops.source_not_null_raw_taxi_trips_silver_fare_amount.291449e526
[0m16:25:27.132889 [info ] [Thread-1 (]: 1 of 6 START test not_null_stg_taxi_trips_silver_pickup_date ................... [RUN]
[0m16:25:27.134853 [info ] [Thread-2 (]: 2 of 6 START test not_null_stg_taxi_trips_silver_pickup_hour ................... [RUN]
[0m16:25:27.135954 [info ] [Thread-3 (]: 3 of 6 START test source_not_null_raw_taxi_trips_silver_dropoff_ts ............. [RUN]
[0m16:25:27.136949 [info ] [Thread-4 (]: 4 of 6 START test source_not_null_raw_taxi_trips_silver_fare_amount ............ [RUN]
[0m16:25:27.138384 [debug] [Thread-1 (]: Re-using an available connection from the pool (formerly list_TAXIOPS_DB_PUBLIC, now test.dbt_taxiops.not_null_stg_taxi_trips_silver_pickup_date.bac8b751ea)
[0m16:25:27.139877 [debug] [Thread-2 (]: Acquiring new snowflake connection 'test.dbt_taxiops.not_null_stg_taxi_trips_silver_pickup_hour.d5f05d92a1'
[0m16:25:27.141295 [debug] [Thread-3 (]: Acquiring new snowflake connection 'test.dbt_taxiops.source_not_null_raw_taxi_trips_silver_dropoff_ts.8c6c4f8158'
[0m16:25:27.142574 [debug] [Thread-4 (]: Acquiring new snowflake connection 'test.dbt_taxiops.source_not_null_raw_taxi_trips_silver_fare_amount.291449e526'
[0m16:25:27.143473 [debug] [Thread-1 (]: Began compiling node test.dbt_taxiops.not_null_stg_taxi_trips_silver_pickup_date.bac8b751ea
[0m16:25:27.145060 [debug] [Thread-2 (]: Began compiling node test.dbt_taxiops.not_null_stg_taxi_trips_silver_pickup_hour.d5f05d92a1
[0m16:25:27.146035 [debug] [Thread-3 (]: Began compiling node test.dbt_taxiops.source_not_null_raw_taxi_trips_silver_dropoff_ts.8c6c4f8158
[0m16:25:27.146880 [debug] [Thread-4 (]: Began compiling node test.dbt_taxiops.source_not_null_raw_taxi_trips_silver_fare_amount.291449e526
[0m16:25:27.180873 [debug] [Thread-2 (]: Writing injected SQL for node "test.dbt_taxiops.not_null_stg_taxi_trips_silver_pickup_hour.d5f05d92a1"
[0m16:25:27.179241 [debug] [Thread-1 (]: Writing injected SQL for node "test.dbt_taxiops.not_null_stg_taxi_trips_silver_pickup_date.bac8b751ea"
[0m16:25:27.188141 [debug] [Thread-3 (]: Writing injected SQL for node "test.dbt_taxiops.source_not_null_raw_taxi_trips_silver_dropoff_ts.8c6c4f8158"
[0m16:25:27.194024 [debug] [Thread-4 (]: Writing injected SQL for node "test.dbt_taxiops.source_not_null_raw_taxi_trips_silver_fare_amount.291449e526"
[0m16:25:27.199284 [debug] [Thread-1 (]: Timing info for test.dbt_taxiops.not_null_stg_taxi_trips_silver_pickup_date.bac8b751ea (compile): 16:25:27.147446 => 16:25:27.198723
[0m16:25:27.201123 [debug] [Thread-2 (]: Timing info for test.dbt_taxiops.not_null_stg_taxi_trips_silver_pickup_hour.d5f05d92a1 (compile): 16:25:27.168874 => 16:25:27.200702
[0m16:25:27.202234 [debug] [Thread-4 (]: Timing info for test.dbt_taxiops.source_not_null_raw_taxi_trips_silver_fare_amount.291449e526 (compile): 16:25:27.188849 => 16:25:27.201840
[0m16:25:27.202869 [debug] [Thread-1 (]: Began executing node test.dbt_taxiops.not_null_stg_taxi_trips_silver_pickup_date.bac8b751ea
[0m16:25:27.203809 [debug] [Thread-3 (]: Timing info for test.dbt_taxiops.source_not_null_raw_taxi_trips_silver_dropoff_ts.8c6c4f8158 (compile): 16:25:27.181775 => 16:25:27.203385
[0m16:25:27.204842 [debug] [Thread-2 (]: Began executing node test.dbt_taxiops.not_null_stg_taxi_trips_silver_pickup_hour.d5f05d92a1
[0m16:25:27.205878 [debug] [Thread-4 (]: Began executing node test.dbt_taxiops.source_not_null_raw_taxi_trips_silver_fare_amount.291449e526
[0m16:25:27.228621 [debug] [Thread-3 (]: Began executing node test.dbt_taxiops.source_not_null_raw_taxi_trips_silver_dropoff_ts.8c6c4f8158
[0m16:25:27.231180 [debug] [Thread-1 (]: Writing runtime sql for node "test.dbt_taxiops.not_null_stg_taxi_trips_silver_pickup_date.bac8b751ea"
[0m16:25:27.234528 [debug] [Thread-2 (]: Writing runtime sql for node "test.dbt_taxiops.not_null_stg_taxi_trips_silver_pickup_hour.d5f05d92a1"
[0m16:25:27.237769 [debug] [Thread-4 (]: Writing runtime sql for node "test.dbt_taxiops.source_not_null_raw_taxi_trips_silver_fare_amount.291449e526"
[0m16:25:27.241189 [debug] [Thread-3 (]: Writing runtime sql for node "test.dbt_taxiops.source_not_null_raw_taxi_trips_silver_dropoff_ts.8c6c4f8158"
[0m16:25:27.246002 [debug] [Thread-1 (]: Using snowflake connection "test.dbt_taxiops.not_null_stg_taxi_trips_silver_pickup_date.bac8b751ea"
[0m16:25:27.247896 [debug] [Thread-2 (]: Using snowflake connection "test.dbt_taxiops.not_null_stg_taxi_trips_silver_pickup_hour.d5f05d92a1"
[0m16:25:27.249080 [debug] [Thread-1 (]: On test.dbt_taxiops.not_null_stg_taxi_trips_silver_pickup_date.bac8b751ea: /* {"app": "dbt", "dbt_version": "1.7.19", "profile_name": "dbt_taxiops", "target_name": "dev", "node_id": "test.dbt_taxiops.not_null_stg_taxi_trips_silver_pickup_date.bac8b751ea"} */
select
      count(*) as failures,
      count(*) != 0 as should_warn,
      count(*) != 0 as should_error
    from (
      
    
    



select pickup_date
from TAXIOPS_DB.PUBLIC.stg_taxi_trips_silver
where pickup_date is null



      
    ) dbt_internal_test
[0m16:25:27.250273 [debug] [Thread-4 (]: Using snowflake connection "test.dbt_taxiops.source_not_null_raw_taxi_trips_silver_fare_amount.291449e526"
[0m16:25:27.251186 [debug] [Thread-3 (]: Using snowflake connection "test.dbt_taxiops.source_not_null_raw_taxi_trips_silver_dropoff_ts.8c6c4f8158"
[0m16:25:27.252146 [debug] [Thread-2 (]: On test.dbt_taxiops.not_null_stg_taxi_trips_silver_pickup_hour.d5f05d92a1: /* {"app": "dbt", "dbt_version": "1.7.19", "profile_name": "dbt_taxiops", "target_name": "dev", "node_id": "test.dbt_taxiops.not_null_stg_taxi_trips_silver_pickup_hour.d5f05d92a1"} */
select
      count(*) as failures,
      count(*) != 0 as should_warn,
      count(*) != 0 as should_error
    from (
      
    
    



select pickup_hour
from TAXIOPS_DB.PUBLIC.stg_taxi_trips_silver
where pickup_hour is null



      
    ) dbt_internal_test
[0m16:25:27.252916 [debug] [Thread-1 (]: Opening a new connection, currently in state closed
[0m16:25:27.253760 [debug] [Thread-4 (]: On test.dbt_taxiops.source_not_null_raw_taxi_trips_silver_fare_amount.291449e526: /* {"app": "dbt", "dbt_version": "1.7.19", "profile_name": "dbt_taxiops", "target_name": "dev", "node_id": "test.dbt_taxiops.source_not_null_raw_taxi_trips_silver_fare_amount.291449e526"} */
select
      count(*) as failures,
      count(*) != 0 as should_warn,
      count(*) != 0 as should_error
    from (
      
    
    



select fare_amount
from TAXIOPS_DB.RAW.taxi_trips_silver
where fare_amount is null



      
    ) dbt_internal_test
[0m16:25:27.254670 [debug] [Thread-3 (]: On test.dbt_taxiops.source_not_null_raw_taxi_trips_silver_dropoff_ts.8c6c4f8158: /* {"app": "dbt", "dbt_version": "1.7.19", "profile_name": "dbt_taxiops", "target_name": "dev", "node_id": "test.dbt_taxiops.source_not_null_raw_taxi_trips_silver_dropoff_ts.8c6c4f8158"} */
select
      count(*) as failures,
      count(*) != 0 as should_warn,
      count(*) != 0 as should_error
    from (
      
    
    



select dropoff_ts
from TAXIOPS_DB.RAW.taxi_trips_silver
where dropoff_ts is null



      
    ) dbt_internal_test
[0m16:25:27.255451 [debug] [Thread-2 (]: Opening a new connection, currently in state init
[0m16:25:27.261768 [debug] [Thread-4 (]: Opening a new connection, currently in state init
[0m16:25:27.263262 [debug] [Thread-3 (]: Opening a new connection, currently in state init
[0m16:25:31.120341 [debug] [Thread-3 (]: SQL status: SUCCESS 1 in 4.0 seconds
[0m16:25:31.129432 [debug] [Thread-3 (]: Timing info for test.dbt_taxiops.source_not_null_raw_taxi_trips_silver_dropoff_ts.8c6c4f8158 (execute): 16:25:27.238426 => 16:25:31.129048
[0m16:25:31.130637 [debug] [Thread-2 (]: SQL status: SUCCESS 1 in 4.0 seconds
[0m16:25:31.131339 [debug] [Thread-3 (]: On test.dbt_taxiops.source_not_null_raw_taxi_trips_silver_dropoff_ts.8c6c4f8158: Close
[0m16:25:31.134123 [debug] [Thread-2 (]: Timing info for test.dbt_taxiops.not_null_stg_taxi_trips_silver_pickup_hour.d5f05d92a1 (execute): 16:25:27.231986 => 16:25:31.133854
[0m16:25:31.137402 [debug] [Thread-2 (]: On test.dbt_taxiops.not_null_stg_taxi_trips_silver_pickup_hour.d5f05d92a1: Close
[0m16:25:31.159367 [debug] [Thread-4 (]: SQL status: SUCCESS 1 in 4.0 seconds
[0m16:25:31.161808 [debug] [Thread-4 (]: Timing info for test.dbt_taxiops.source_not_null_raw_taxi_trips_silver_fare_amount.291449e526 (execute): 16:25:27.235301 => 16:25:31.161417
[0m16:25:31.162317 [debug] [Thread-4 (]: On test.dbt_taxiops.source_not_null_raw_taxi_trips_silver_fare_amount.291449e526: Close
[0m16:25:31.170478 [debug] [Thread-1 (]: SQL status: SUCCESS 1 in 4.0 seconds
[0m16:25:31.172955 [debug] [Thread-1 (]: Timing info for test.dbt_taxiops.not_null_stg_taxi_trips_silver_pickup_date.bac8b751ea (execute): 16:25:27.206675 => 16:25:31.172621
[0m16:25:31.173483 [debug] [Thread-1 (]: On test.dbt_taxiops.not_null_stg_taxi_trips_silver_pickup_date.bac8b751ea: Close
[0m16:25:31.209648 [info ] [Thread-3 (]: 3 of 6 PASS source_not_null_raw_taxi_trips_silver_dropoff_ts ................... [[32mPASS[0m in 4.07s]
[0m16:25:31.210471 [debug] [Thread-3 (]: Finished running node test.dbt_taxiops.source_not_null_raw_taxi_trips_silver_dropoff_ts.8c6c4f8158
[0m16:25:31.211089 [debug] [Thread-3 (]: Began running node test.dbt_taxiops.source_not_null_raw_taxi_trips_silver_pickup_ts.485e009de6
[0m16:25:31.212366 [info ] [Thread-3 (]: 5 of 6 START test source_not_null_raw_taxi_trips_silver_pickup_ts .............. [RUN]
[0m16:25:31.214973 [debug] [Thread-3 (]: Re-using an available connection from the pool (formerly test.dbt_taxiops.source_not_null_raw_taxi_trips_silver_dropoff_ts.8c6c4f8158, now test.dbt_taxiops.source_not_null_raw_taxi_trips_silver_pickup_ts.485e009de6)
[0m16:25:31.215539 [debug] [Thread-3 (]: Began compiling node test.dbt_taxiops.source_not_null_raw_taxi_trips_silver_pickup_ts.485e009de6
[0m16:25:31.221426 [debug] [Thread-3 (]: Writing injected SQL for node "test.dbt_taxiops.source_not_null_raw_taxi_trips_silver_pickup_ts.485e009de6"
[0m16:25:31.224017 [info ] [Thread-2 (]: 2 of 6 PASS not_null_stg_taxi_trips_silver_pickup_hour ......................... [[32mPASS[0m in 4.08s]
[0m16:25:31.225329 [debug] [Thread-2 (]: Finished running node test.dbt_taxiops.not_null_stg_taxi_trips_silver_pickup_hour.d5f05d92a1
[0m16:25:31.226083 [debug] [Thread-2 (]: Began running node test.dbt_taxiops.source_not_null_raw_taxi_trips_silver_trip_distance.40e7b379fc
[0m16:25:31.226903 [info ] [Thread-2 (]: 6 of 6 START test source_not_null_raw_taxi_trips_silver_trip_distance .......... [RUN]
[0m16:25:31.228334 [debug] [Thread-3 (]: Timing info for test.dbt_taxiops.source_not_null_raw_taxi_trips_silver_pickup_ts.485e009de6 (compile): 16:25:31.215941 => 16:25:31.227855
[0m16:25:31.229541 [debug] [Thread-2 (]: Re-using an available connection from the pool (formerly test.dbt_taxiops.not_null_stg_taxi_trips_silver_pickup_hour.d5f05d92a1, now test.dbt_taxiops.source_not_null_raw_taxi_trips_silver_trip_distance.40e7b379fc)
[0m16:25:31.230675 [debug] [Thread-3 (]: Began executing node test.dbt_taxiops.source_not_null_raw_taxi_trips_silver_pickup_ts.485e009de6
[0m16:25:31.231390 [debug] [Thread-2 (]: Began compiling node test.dbt_taxiops.source_not_null_raw_taxi_trips_silver_trip_distance.40e7b379fc
[0m16:25:31.234589 [debug] [Thread-3 (]: Writing runtime sql for node "test.dbt_taxiops.source_not_null_raw_taxi_trips_silver_pickup_ts.485e009de6"
[0m16:25:31.241485 [debug] [Thread-2 (]: Writing injected SQL for node "test.dbt_taxiops.source_not_null_raw_taxi_trips_silver_trip_distance.40e7b379fc"
[0m16:25:31.243920 [debug] [Thread-3 (]: Using snowflake connection "test.dbt_taxiops.source_not_null_raw_taxi_trips_silver_pickup_ts.485e009de6"
[0m16:25:31.245502 [info ] [Thread-4 (]: 4 of 6 PASS source_not_null_raw_taxi_trips_silver_fare_amount .................. [[32mPASS[0m in 4.10s]
[0m16:25:31.246491 [debug] [Thread-3 (]: On test.dbt_taxiops.source_not_null_raw_taxi_trips_silver_pickup_ts.485e009de6: /* {"app": "dbt", "dbt_version": "1.7.19", "profile_name": "dbt_taxiops", "target_name": "dev", "node_id": "test.dbt_taxiops.source_not_null_raw_taxi_trips_silver_pickup_ts.485e009de6"} */
select
      count(*) as failures,
      count(*) != 0 as should_warn,
      count(*) != 0 as should_error
    from (
      
    
    



select pickup_ts
from TAXIOPS_DB.RAW.taxi_trips_silver
where pickup_ts is null



      
    ) dbt_internal_test
[0m16:25:31.247229 [debug] [Thread-2 (]: Timing info for test.dbt_taxiops.source_not_null_raw_taxi_trips_silver_trip_distance.40e7b379fc (compile): 16:25:31.235393 => 16:25:31.246966
[0m16:25:31.248609 [debug] [Thread-4 (]: Finished running node test.dbt_taxiops.source_not_null_raw_taxi_trips_silver_fare_amount.291449e526
[0m16:25:31.249537 [debug] [Thread-3 (]: Opening a new connection, currently in state closed
[0m16:25:31.250756 [debug] [Thread-2 (]: Began executing node test.dbt_taxiops.source_not_null_raw_taxi_trips_silver_trip_distance.40e7b379fc
[0m16:25:31.256783 [debug] [Thread-2 (]: Writing runtime sql for node "test.dbt_taxiops.source_not_null_raw_taxi_trips_silver_trip_distance.40e7b379fc"
[0m16:25:31.277953 [debug] [Thread-2 (]: Using snowflake connection "test.dbt_taxiops.source_not_null_raw_taxi_trips_silver_trip_distance.40e7b379fc"
[0m16:25:31.279768 [debug] [Thread-2 (]: On test.dbt_taxiops.source_not_null_raw_taxi_trips_silver_trip_distance.40e7b379fc: /* {"app": "dbt", "dbt_version": "1.7.19", "profile_name": "dbt_taxiops", "target_name": "dev", "node_id": "test.dbt_taxiops.source_not_null_raw_taxi_trips_silver_trip_distance.40e7b379fc"} */
select
      count(*) as failures,
      count(*) != 0 as should_warn,
      count(*) != 0 as should_error
    from (
      
    
    



select trip_distance
from TAXIOPS_DB.RAW.taxi_trips_silver
where trip_distance is null



      
    ) dbt_internal_test
[0m16:25:31.283680 [debug] [Thread-2 (]: Opening a new connection, currently in state closed
[0m16:25:31.441585 [info ] [Thread-1 (]: 1 of 6 PASS not_null_stg_taxi_trips_silver_pickup_date ......................... [[32mPASS[0m in 4.30s]
[0m16:25:31.442566 [debug] [Thread-1 (]: Finished running node test.dbt_taxiops.not_null_stg_taxi_trips_silver_pickup_date.bac8b751ea
[0m16:25:33.626685 [debug] [Thread-3 (]: SQL status: SUCCESS 1 in 2.0 seconds
[0m16:25:33.629241 [debug] [Thread-3 (]: Timing info for test.dbt_taxiops.source_not_null_raw_taxi_trips_silver_pickup_ts.485e009de6 (execute): 16:25:31.231937 => 16:25:33.628943
[0m16:25:33.629745 [debug] [Thread-3 (]: On test.dbt_taxiops.source_not_null_raw_taxi_trips_silver_pickup_ts.485e009de6: Close
[0m16:25:33.711951 [info ] [Thread-3 (]: 5 of 6 PASS source_not_null_raw_taxi_trips_silver_pickup_ts .................... [[32mPASS[0m in 2.50s]
[0m16:25:33.712895 [debug] [Thread-3 (]: Finished running node test.dbt_taxiops.source_not_null_raw_taxi_trips_silver_pickup_ts.485e009de6
[0m16:25:34.362306 [debug] [Thread-2 (]: SQL status: SUCCESS 1 in 3.0 seconds
[0m16:25:34.364731 [debug] [Thread-2 (]: Timing info for test.dbt_taxiops.source_not_null_raw_taxi_trips_silver_trip_distance.40e7b379fc (execute): 16:25:31.253482 => 16:25:34.364409
[0m16:25:34.365250 [debug] [Thread-2 (]: On test.dbt_taxiops.source_not_null_raw_taxi_trips_silver_trip_distance.40e7b379fc: Close
[0m16:25:34.438537 [info ] [Thread-2 (]: 6 of 6 PASS source_not_null_raw_taxi_trips_silver_trip_distance ................ [[32mPASS[0m in 3.21s]
[0m16:25:34.439578 [debug] [Thread-2 (]: Finished running node test.dbt_taxiops.source_not_null_raw_taxi_trips_silver_trip_distance.40e7b379fc
[0m16:25:34.444425 [debug] [MainThread]: Connection 'master' was properly closed.
[0m16:25:34.445354 [debug] [MainThread]: Connection 'test.dbt_taxiops.not_null_stg_taxi_trips_silver_pickup_date.bac8b751ea' was properly closed.
[0m16:25:34.446802 [debug] [MainThread]: Connection 'test.dbt_taxiops.source_not_null_raw_taxi_trips_silver_trip_distance.40e7b379fc' was properly closed.
[0m16:25:34.448331 [debug] [MainThread]: Connection 'test.dbt_taxiops.source_not_null_raw_taxi_trips_silver_pickup_ts.485e009de6' was properly closed.
[0m16:25:34.449505 [debug] [MainThread]: Connection 'test.dbt_taxiops.source_not_null_raw_taxi_trips_silver_fare_amount.291449e526' was properly closed.
[0m16:25:34.450639 [info ] [MainThread]: 
[0m16:25:34.451956 [info ] [MainThread]: Finished running 6 tests in 0 hours 0 minutes and 11.79 seconds (11.79s).
[0m16:25:34.453908 [debug] [MainThread]: Command end result
[0m16:25:34.466078 [info ] [MainThread]: 
[0m16:25:34.466991 [info ] [MainThread]: [32mCompleted successfully[0m
[0m16:25:34.467842 [info ] [MainThread]: 
[0m16:25:34.468815 [info ] [MainThread]: Done. PASS=6 WARN=0 ERROR=0 SKIP=0 TOTAL=6
[0m16:25:34.472447 [debug] [MainThread]: Resource report: {"command_name": "test", "command_success": true, "command_wall_clock_time": 12.991943, "process_user_time": 3.44265, "process_kernel_time": 1.133074, "process_mem_max_rss": "153728", "process_in_blocks": "134784", "process_out_blocks": "1944"}
[0m16:25:34.474611 [debug] [MainThread]: Command `dbt test` succeeded at 16:25:34.473949 after 12.99 seconds
[0m16:25:34.475507 [debug] [MainThread]: Sending event: {'category': 'dbt', 'action': 'invocation', 'label': 'end', 'context': [<snowplow_tracker.self_describing_json.SelfDescribingJson object at 0x78f10d8e71a0>, <snowplow_tracker.self_describing_json.SelfDescribingJson object at 0x78f100ef3c20>, <snowplow_tracker.self_describing_json.SelfDescribingJson object at 0x78f1095496a0>]}
[0m16:25:34.476860 [debug] [MainThread]: Flushing usage events
[0m16:25:38.817071 [debug] [MainThread]: Sending event: {'category': 'dbt', 'action': 'invocation', 'label': 'start', 'context': [<snowplow_tracker.self_describing_json.SelfDescribingJson object at 0x782ccf979490>, <snowplow_tracker.self_describing_json.SelfDescribingJson object at 0x782ccfdf1b20>, <snowplow_tracker.self_describing_json.SelfDescribingJson object at 0x782ccfc45730>]}


============================== 16:25:38.820198 | 9ce36cc7-faf1-4aa5-ad42-812b7e8a4eee ==============================
[0m16:25:38.820198 [info ] [MainThread]: Running with dbt=1.7.19
[0m16:25:38.822160 [debug] [MainThread]: running dbt with arguments {'printer_width': '80', 'indirect_selection': 'eager', 'log_cache_events': 'False', 'write_json': 'True', 'partial_parse': 'True', 'cache_selected_only': 'False', 'profiles_dir': '/home/hiron/.dbt', 'version_check': 'True', 'debug': 'False', 'log_path': '/home/hiron/Tega-Michael-Brian-Project/dbt_taxiops/logs', 'warn_error': 'None', 'fail_fast': 'False', 'use_colors': 'True', 'use_experimental_parser': 'False', 'no_print': 'None', 'quiet': 'False', 'log_format': 'default', 'introspect': 'True', 'static_parser': 'True', 'warn_error_options': 'WarnErrorOptions(include=[], exclude=[])', 'target_path': 'None', 'invocation_command': 'dbt docs generate', 'send_anonymous_usage_stats': 'True'}
[0m16:25:39.239261 [debug] [MainThread]: Sending event: {'category': 'dbt', 'action': 'project_id', 'label': '9ce36cc7-faf1-4aa5-ad42-812b7e8a4eee', 'context': [<snowplow_tracker.self_describing_json.SelfDescribingJson object at 0x782cce348fb0>]}
[0m16:25:39.296296 [debug] [MainThread]: Sending event: {'category': 'dbt', 'action': 'adapter_info', 'label': '9ce36cc7-faf1-4aa5-ad42-812b7e8a4eee', 'context': [<snowplow_tracker.self_describing_json.SelfDescribingJson object at 0x782cce4bda30>]}
[0m16:25:39.297195 [info ] [MainThread]: Registered adapter: snowflake=1.7.5
[0m16:25:39.305980 [debug] [MainThread]: checksum: a8d43cdff37d0f32d7fbe4c5c25bea4bb6c86e162f8ce8fdb1a38cdcf7495431, vars: {}, profile: , target: , version: 1.7.19
[0m16:25:39.334206 [debug] [MainThread]: Partial parsing enabled: 0 files deleted, 0 files added, 0 files changed.
[0m16:25:39.334673 [debug] [MainThread]: Partial parsing enabled, no changes found, skipping parsing
[0m16:25:39.335521 [warn ] [MainThread]: [[33mWARNING[0m]: Configuration paths exist in your dbt_project.yml file which do not apply to any resources.
There are 2 unused configuration paths:
- models.dbt_taxiops.marts
- models.dbt_taxiops.staging
[0m16:25:39.341709 [debug] [MainThread]: Sending event: {'category': 'dbt', 'action': 'load_project', 'label': '9ce36cc7-faf1-4aa5-ad42-812b7e8a4eee', 'context': [<snowplow_tracker.self_describing_json.SelfDescribingJson object at 0x782cce271f40>]}
[0m16:25:39.345471 [debug] [MainThread]: Sending event: {'category': 'dbt', 'action': 'resource_counts', 'label': '9ce36cc7-faf1-4aa5-ad42-812b7e8a4eee', 'context': [<snowplow_tracker.self_describing_json.SelfDescribingJson object at 0x782cce080980>]}
[0m16:25:39.346476 [info ] [MainThread]: Found 6 tests, 1 model, 1 source, 0 exposures, 0 metrics, 431 macros, 0 groups, 0 semantic models
[0m16:25:39.347240 [debug] [MainThread]: Sending event: {'category': 'dbt', 'action': 'runnable_timing', 'label': '9ce36cc7-faf1-4aa5-ad42-812b7e8a4eee', 'context': [<snowplow_tracker.self_describing_json.SelfDescribingJson object at 0x782cce080470>]}
[0m16:25:39.349299 [info ] [MainThread]: 
[0m16:25:39.350417 [debug] [MainThread]: Acquiring new snowflake connection 'master'
[0m16:25:39.352413 [debug] [ThreadPool]: Acquiring new snowflake connection 'list_TAXIOPS_DB_PUBLIC'
[0m16:25:39.369049 [debug] [ThreadPool]: Using snowflake connection "list_TAXIOPS_DB_PUBLIC"
[0m16:25:39.369551 [debug] [ThreadPool]: On list_TAXIOPS_DB_PUBLIC: /* {"app": "dbt", "dbt_version": "1.7.19", "profile_name": "dbt_taxiops", "target_name": "dev", "connection_name": "list_TAXIOPS_DB_PUBLIC"} */
show objects in TAXIOPS_DB.PUBLIC limit 10000
[0m16:25:39.369856 [debug] [ThreadPool]: Opening a new connection, currently in state init
[0m16:25:42.984366 [debug] [ThreadPool]: SQL status: SUCCESS 1 in 4.0 seconds
[0m16:25:42.986641 [debug] [ThreadPool]: On list_TAXIOPS_DB_PUBLIC: Close
[0m16:25:43.059630 [debug] [MainThread]: Sending event: {'category': 'dbt', 'action': 'runnable_timing', 'label': '9ce36cc7-faf1-4aa5-ad42-812b7e8a4eee', 'context': [<snowplow_tracker.self_describing_json.SelfDescribingJson object at 0x782cce081040>]}
[0m16:25:43.060798 [info ] [MainThread]: Concurrency: 4 threads (target='dev')
[0m16:25:43.061443 [info ] [MainThread]: 
[0m16:25:43.065773 [debug] [Thread-1 (]: Began running node model.dbt_taxiops.stg_taxi_trips_silver
[0m16:25:43.066684 [debug] [Thread-2 (]: Began running node test.dbt_taxiops.source_not_null_raw_taxi_trips_silver_dropoff_ts.8c6c4f8158
[0m16:25:43.068986 [debug] [Thread-1 (]: Re-using an available connection from the pool (formerly list_TAXIOPS_DB_PUBLIC, now model.dbt_taxiops.stg_taxi_trips_silver)
[0m16:25:43.070037 [debug] [Thread-3 (]: Began running node test.dbt_taxiops.source_not_null_raw_taxi_trips_silver_fare_amount.291449e526
[0m16:25:43.071181 [debug] [Thread-4 (]: Began running node test.dbt_taxiops.source_not_null_raw_taxi_trips_silver_pickup_ts.485e009de6
[0m16:25:43.072495 [debug] [Thread-2 (]: Acquiring new snowflake connection 'test.dbt_taxiops.source_not_null_raw_taxi_trips_silver_dropoff_ts.8c6c4f8158'
[0m16:25:43.073747 [debug] [Thread-1 (]: Began compiling node model.dbt_taxiops.stg_taxi_trips_silver
[0m16:25:43.075540 [debug] [Thread-3 (]: Acquiring new snowflake connection 'test.dbt_taxiops.source_not_null_raw_taxi_trips_silver_fare_amount.291449e526'
[0m16:25:43.077145 [debug] [Thread-4 (]: Acquiring new snowflake connection 'test.dbt_taxiops.source_not_null_raw_taxi_trips_silver_pickup_ts.485e009de6'
[0m16:25:43.078030 [debug] [Thread-2 (]: Began compiling node test.dbt_taxiops.source_not_null_raw_taxi_trips_silver_dropoff_ts.8c6c4f8158
[0m16:25:43.088057 [debug] [Thread-1 (]: Writing injected SQL for node "model.dbt_taxiops.stg_taxi_trips_silver"
[0m16:25:43.088986 [debug] [Thread-3 (]: Began compiling node test.dbt_taxiops.source_not_null_raw_taxi_trips_silver_fare_amount.291449e526
[0m16:25:43.089770 [debug] [Thread-4 (]: Began compiling node test.dbt_taxiops.source_not_null_raw_taxi_trips_silver_pickup_ts.485e009de6
[0m16:25:43.104995 [debug] [Thread-2 (]: Writing injected SQL for node "test.dbt_taxiops.source_not_null_raw_taxi_trips_silver_dropoff_ts.8c6c4f8158"
[0m16:25:43.111859 [debug] [Thread-3 (]: Writing injected SQL for node "test.dbt_taxiops.source_not_null_raw_taxi_trips_silver_fare_amount.291449e526"
[0m16:25:43.117147 [debug] [Thread-4 (]: Writing injected SQL for node "test.dbt_taxiops.source_not_null_raw_taxi_trips_silver_pickup_ts.485e009de6"
[0m16:25:43.119832 [debug] [Thread-3 (]: Timing info for test.dbt_taxiops.source_not_null_raw_taxi_trips_silver_fare_amount.291449e526 (compile): 16:25:43.106122 => 16:25:43.119083
[0m16:25:43.121188 [debug] [Thread-3 (]: Began executing node test.dbt_taxiops.source_not_null_raw_taxi_trips_silver_fare_amount.291449e526
[0m16:25:43.122619 [debug] [Thread-4 (]: Timing info for test.dbt_taxiops.source_not_null_raw_taxi_trips_silver_pickup_ts.485e009de6 (compile): 16:25:43.112529 => 16:25:43.122052
[0m16:25:43.123546 [debug] [Thread-3 (]: Timing info for test.dbt_taxiops.source_not_null_raw_taxi_trips_silver_fare_amount.291449e526 (execute): 16:25:43.123176 => 16:25:43.123207
[0m16:25:43.124556 [debug] [Thread-4 (]: Began executing node test.dbt_taxiops.source_not_null_raw_taxi_trips_silver_pickup_ts.485e009de6
[0m16:25:43.126420 [debug] [Thread-3 (]: Finished running node test.dbt_taxiops.source_not_null_raw_taxi_trips_silver_fare_amount.291449e526
[0m16:25:43.127441 [debug] [Thread-4 (]: Timing info for test.dbt_taxiops.source_not_null_raw_taxi_trips_silver_pickup_ts.485e009de6 (execute): 16:25:43.127085 => 16:25:43.127108
[0m16:25:43.128766 [debug] [Thread-3 (]: Began running node test.dbt_taxiops.source_not_null_raw_taxi_trips_silver_trip_distance.40e7b379fc
[0m16:25:43.130453 [debug] [Thread-4 (]: Finished running node test.dbt_taxiops.source_not_null_raw_taxi_trips_silver_pickup_ts.485e009de6
[0m16:25:43.131714 [debug] [Thread-3 (]: Re-using an available connection from the pool (formerly test.dbt_taxiops.source_not_null_raw_taxi_trips_silver_fare_amount.291449e526, now test.dbt_taxiops.source_not_null_raw_taxi_trips_silver_trip_distance.40e7b379fc)
[0m16:25:43.133153 [debug] [Thread-3 (]: Began compiling node test.dbt_taxiops.source_not_null_raw_taxi_trips_silver_trip_distance.40e7b379fc
[0m16:25:43.138739 [debug] [Thread-3 (]: Writing injected SQL for node "test.dbt_taxiops.source_not_null_raw_taxi_trips_silver_trip_distance.40e7b379fc"
[0m16:25:43.140180 [debug] [Thread-3 (]: Timing info for test.dbt_taxiops.source_not_null_raw_taxi_trips_silver_trip_distance.40e7b379fc (compile): 16:25:43.133846 => 16:25:43.139805
[0m16:25:43.140695 [debug] [Thread-3 (]: Began executing node test.dbt_taxiops.source_not_null_raw_taxi_trips_silver_trip_distance.40e7b379fc
[0m16:25:43.141182 [debug] [Thread-3 (]: Timing info for test.dbt_taxiops.source_not_null_raw_taxi_trips_silver_trip_distance.40e7b379fc (execute): 16:25:43.140979 => 16:25:43.140991
[0m16:25:43.142398 [debug] [Thread-3 (]: Finished running node test.dbt_taxiops.source_not_null_raw_taxi_trips_silver_trip_distance.40e7b379fc
[0m16:25:43.182590 [debug] [Thread-2 (]: Timing info for test.dbt_taxiops.source_not_null_raw_taxi_trips_silver_dropoff_ts.8c6c4f8158 (compile): 16:25:43.090201 => 16:25:43.182081
[0m16:25:43.183352 [debug] [Thread-2 (]: Began executing node test.dbt_taxiops.source_not_null_raw_taxi_trips_silver_dropoff_ts.8c6c4f8158
[0m16:25:43.184128 [debug] [Thread-2 (]: Timing info for test.dbt_taxiops.source_not_null_raw_taxi_trips_silver_dropoff_ts.8c6c4f8158 (execute): 16:25:43.183877 => 16:25:43.183890
[0m16:25:43.185142 [debug] [Thread-2 (]: Finished running node test.dbt_taxiops.source_not_null_raw_taxi_trips_silver_dropoff_ts.8c6c4f8158
[0m16:25:43.445263 [debug] [Thread-1 (]: Timing info for model.dbt_taxiops.stg_taxi_trips_silver (compile): 16:25:43.078934 => 16:25:43.444862
[0m16:25:43.445860 [debug] [Thread-1 (]: Began executing node model.dbt_taxiops.stg_taxi_trips_silver
[0m16:25:43.446548 [debug] [Thread-1 (]: Timing info for model.dbt_taxiops.stg_taxi_trips_silver (execute): 16:25:43.446234 => 16:25:43.446249
[0m16:25:43.448601 [debug] [Thread-1 (]: Finished running node model.dbt_taxiops.stg_taxi_trips_silver
[0m16:25:43.451350 [debug] [Thread-4 (]: Began running node test.dbt_taxiops.not_null_stg_taxi_trips_silver_pickup_date.bac8b751ea
[0m16:25:43.452632 [debug] [Thread-3 (]: Began running node test.dbt_taxiops.not_null_stg_taxi_trips_silver_pickup_hour.d5f05d92a1
[0m16:25:43.453878 [debug] [Thread-4 (]: Re-using an available connection from the pool (formerly test.dbt_taxiops.source_not_null_raw_taxi_trips_silver_pickup_ts.485e009de6, now test.dbt_taxiops.not_null_stg_taxi_trips_silver_pickup_date.bac8b751ea)
[0m16:25:43.455965 [debug] [Thread-3 (]: Re-using an available connection from the pool (formerly test.dbt_taxiops.source_not_null_raw_taxi_trips_silver_trip_distance.40e7b379fc, now test.dbt_taxiops.not_null_stg_taxi_trips_silver_pickup_hour.d5f05d92a1)
[0m16:25:43.457063 [debug] [Thread-4 (]: Began compiling node test.dbt_taxiops.not_null_stg_taxi_trips_silver_pickup_date.bac8b751ea
[0m16:25:43.457899 [debug] [Thread-3 (]: Began compiling node test.dbt_taxiops.not_null_stg_taxi_trips_silver_pickup_hour.d5f05d92a1
[0m16:25:43.462509 [debug] [Thread-4 (]: Writing injected SQL for node "test.dbt_taxiops.not_null_stg_taxi_trips_silver_pickup_date.bac8b751ea"
[0m16:25:43.468610 [debug] [Thread-3 (]: Writing injected SQL for node "test.dbt_taxiops.not_null_stg_taxi_trips_silver_pickup_hour.d5f05d92a1"
[0m16:25:43.470693 [debug] [Thread-3 (]: Timing info for test.dbt_taxiops.not_null_stg_taxi_trips_silver_pickup_hour.d5f05d92a1 (compile): 16:25:43.463247 => 16:25:43.470312
[0m16:25:43.471475 [debug] [Thread-4 (]: Timing info for test.dbt_taxiops.not_null_stg_taxi_trips_silver_pickup_date.bac8b751ea (compile): 16:25:43.458364 => 16:25:43.471075
[0m16:25:43.472188 [debug] [Thread-3 (]: Began executing node test.dbt_taxiops.not_null_stg_taxi_trips_silver_pickup_hour.d5f05d92a1
[0m16:25:43.472993 [debug] [Thread-4 (]: Began executing node test.dbt_taxiops.not_null_stg_taxi_trips_silver_pickup_date.bac8b751ea
[0m16:25:43.473708 [debug] [Thread-3 (]: Timing info for test.dbt_taxiops.not_null_stg_taxi_trips_silver_pickup_hour.d5f05d92a1 (execute): 16:25:43.473446 => 16:25:43.473461
[0m16:25:43.474333 [debug] [Thread-4 (]: Timing info for test.dbt_taxiops.not_null_stg_taxi_trips_silver_pickup_date.bac8b751ea (execute): 16:25:43.474100 => 16:25:43.474112
[0m16:25:43.475491 [debug] [Thread-3 (]: Finished running node test.dbt_taxiops.not_null_stg_taxi_trips_silver_pickup_hour.d5f05d92a1
[0m16:25:43.476976 [debug] [Thread-4 (]: Finished running node test.dbt_taxiops.not_null_stg_taxi_trips_silver_pickup_date.bac8b751ea
[0m16:25:43.480904 [debug] [MainThread]: Connection 'master' was properly closed.
[0m16:25:43.481419 [debug] [MainThread]: Connection 'model.dbt_taxiops.stg_taxi_trips_silver' was properly closed.
[0m16:25:43.481769 [debug] [MainThread]: Connection 'test.dbt_taxiops.source_not_null_raw_taxi_trips_silver_dropoff_ts.8c6c4f8158' was properly closed.
[0m16:25:43.482074 [debug] [MainThread]: Connection 'test.dbt_taxiops.not_null_stg_taxi_trips_silver_pickup_hour.d5f05d92a1' was properly closed.
[0m16:25:43.482380 [debug] [MainThread]: Connection 'test.dbt_taxiops.not_null_stg_taxi_trips_silver_pickup_date.bac8b751ea' was properly closed.
[0m16:25:43.483820 [debug] [MainThread]: Command end result
[0m16:25:43.537479 [debug] [MainThread]: Acquiring new snowflake connection 'generate_catalog'
[0m16:25:43.538323 [info ] [MainThread]: Building catalog
[0m16:25:43.541195 [debug] [ThreadPool]: Acquiring new snowflake connection 'TAXIOPS_DB.information_schema'
[0m16:25:43.558451 [debug] [ThreadPool]: Using snowflake connection "TAXIOPS_DB.information_schema"
[0m16:25:43.559311 [debug] [ThreadPool]: On TAXIOPS_DB.information_schema: /* {"app": "dbt", "dbt_version": "1.7.19", "profile_name": "dbt_taxiops", "target_name": "dev", "connection_name": "TAXIOPS_DB.information_schema"} */
with tables as (
            select
        table_catalog as "table_database",
        table_schema as "table_schema",
        table_name as "table_name",
        case
            when is_dynamic = 'YES' and table_type = 'BASE TABLE' THEN 'DYNAMIC TABLE'
            else table_type
        end as "table_type",
        comment as "table_comment",

        -- note: this is the _role_ that owns the table
        table_owner as "table_owner",

        'Clustering Key' as "stats:clustering_key:label",
        clustering_key as "stats:clustering_key:value",
        'The key used to cluster this table' as "stats:clustering_key:description",
        (clustering_key is not null) as "stats:clustering_key:include",

        'Row Count' as "stats:row_count:label",
        row_count as "stats:row_count:value",
        'An approximate count of rows in this table' as "stats:row_count:description",
        (row_count is not null) as "stats:row_count:include",

        'Approximate Size' as "stats:bytes:label",
        bytes as "stats:bytes:value",
        'Approximate size of the table as reported by Snowflake' as "stats:bytes:description",
        (bytes is not null) as "stats:bytes:include",

        'Last Modified' as "stats:last_modified:label",
        to_varchar(convert_timezone('UTC', last_altered), 'yyyy-mm-dd HH24:MI'||'UTC') as "stats:last_modified:value",
        'The timestamp for last update/change' as "stats:last_modified:description",
        (last_altered is not null and table_type='BASE TABLE') as "stats:last_modified:include"
    from TAXIOPS_DB.INFORMATION_SCHEMA.tables
            where (
                (
                    
    "table_schema" ilike 'RAW' and upper("table_schema") = upper('RAW')

                    and 
    "table_name" ilike 'taxi_trips_silver' and upper("table_name") = upper('taxi_trips_silver')

                )
             or 
                (
                    
    "table_schema" ilike 'PUBLIC' and upper("table_schema") = upper('PUBLIC')

                    and 
    "table_name" ilike 'stg_taxi_trips_silver' and upper("table_name") = upper('stg_taxi_trips_silver')

                )
            )
        ),
        columns as (
            select
        table_catalog as "table_database",
        table_schema as "table_schema",
        table_name as "table_name",

        column_name as "column_name",
        ordinal_position as "column_index",
        data_type as "column_type",
        comment as "column_comment"
    from TAXIOPS_DB.INFORMATION_SCHEMA.columns
            where (
                (
                    
    "table_schema" ilike 'RAW' and upper("table_schema") = upper('RAW')

                    and 
    "table_name" ilike 'taxi_trips_silver' and upper("table_name") = upper('taxi_trips_silver')

                )
             or 
                (
                    
    "table_schema" ilike 'PUBLIC' and upper("table_schema") = upper('PUBLIC')

                    and 
    "table_name" ilike 'stg_taxi_trips_silver' and upper("table_name") = upper('stg_taxi_trips_silver')

                )
            )
        )
        select *
    from tables
    join columns using ("table_database", "table_schema", "table_name")
    order by "column_index"
[0m16:25:43.560690 [debug] [ThreadPool]: Opening a new connection, currently in state init
[0m16:25:48.519480 [debug] [ThreadPool]: SQL status: SUCCESS 30 in 5.0 seconds
[0m16:25:48.528298 [debug] [ThreadPool]: On TAXIOPS_DB.information_schema: Close
[0m16:25:48.620203 [info ] [MainThread]: Catalog written to /home/hiron/Tega-Michael-Brian-Project/dbt_taxiops/target/catalog.json
[0m16:25:48.621626 [debug] [MainThread]: Resource report: {"command_name": "generate", "command_success": true, "command_wall_clock_time": 10.699512, "process_user_time": 3.150512, "process_kernel_time": 0.569584, "process_mem_max_rss": "148800", "process_in_blocks": "2952", "process_out_blocks": "4832"}
[0m16:25:48.622583 [debug] [MainThread]: Command `dbt docs generate` succeeded at 16:25:48.622382 after 10.70 seconds
[0m16:25:48.622998 [debug] [MainThread]: Connection 'generate_catalog' was properly closed.
[0m16:25:48.623303 [debug] [MainThread]: Connection 'TAXIOPS_DB.information_schema' was properly closed.
[0m16:25:48.623640 [debug] [MainThread]: Sending event: {'category': 'dbt', 'action': 'invocation', 'label': 'end', 'context': [<snowplow_tracker.self_describing_json.SelfDescribingJson object at 0x782ccf979340>, <snowplow_tracker.self_describing_json.SelfDescribingJson object at 0x782cce6f5a60>, <snowplow_tracker.self_describing_json.SelfDescribingJson object at 0x782ccfdf1b20>]}
[0m16:25:48.624062 [debug] [MainThread]: Flushing usage events
[0m16:25:57.360465 [debug] [MainThread]: Sending event: {'category': 'dbt', 'action': 'invocation', 'label': 'start', 'context': [<snowplow_tracker.self_describing_json.SelfDescribingJson object at 0x7a777cd713a0>, <snowplow_tracker.self_describing_json.SelfDescribingJson object at 0x7a777cd71340>, <snowplow_tracker.self_describing_json.SelfDescribingJson object at 0x7a777cd711f0>]}


============================== 16:25:57.364663 | a0935e58-28b9-4749-b950-cf773cdde12d ==============================
[0m16:25:57.364663 [info ] [MainThread]: Running with dbt=1.7.19
[0m16:25:57.365489 [debug] [MainThread]: running dbt with arguments {'printer_width': '80', 'indirect_selection': 'eager', 'log_cache_events': 'False', 'write_json': 'True', 'partial_parse': 'True', 'cache_selected_only': 'False', 'profiles_dir': '/home/hiron/.dbt', 'fail_fast': 'False', 'warn_error': 'None', 'log_path': '/home/hiron/Tega-Michael-Brian-Project/dbt_taxiops/logs', 'version_check': 'True', 'debug': 'False', 'use_colors': 'True', 'use_experimental_parser': 'False', 'no_print': 'None', 'quiet': 'False', 'log_format': 'default', 'invocation_command': 'dbt docs serve', 'static_parser': 'True', 'warn_error_options': 'WarnErrorOptions(include=[], exclude=[])', 'target_path': 'None', 'introspect': 'True', 'send_anonymous_usage_stats': 'True'}
[0m16:25:57.779344 [debug] [MainThread]: Sending event: {'category': 'dbt', 'action': 'project_id', 'label': 'a0935e58-28b9-4749-b950-cf773cdde12d', 'context': [<snowplow_tracker.self_describing_json.SelfDescribingJson object at 0x7a777b54c260>]}
[0m16:25:57.846555 [debug] [MainThread]: Sending event: {'category': 'dbt', 'action': 'adapter_info', 'label': 'a0935e58-28b9-4749-b950-cf773cdde12d', 'context': [<snowplow_tracker.self_describing_json.SelfDescribingJson object at 0x7a777b888d40>]}
[0m16:28:26.649299 [error] [MainThread]: Encountered an error:

[0m16:28:26.663434 [error] [MainThread]: Traceback (most recent call last):
  File "/home/hiron/spark-env/lib/python3.12/site-packages/dbt/cli/requires.py", line 91, in wrapper
    result, success = func(*args, **kwargs)
                      ^^^^^^^^^^^^^^^^^^^^^
  File "/home/hiron/spark-env/lib/python3.12/site-packages/dbt/cli/requires.py", line 76, in wrapper
    return func(*args, **kwargs)
           ^^^^^^^^^^^^^^^^^^^^^
  File "/home/hiron/spark-env/lib/python3.12/site-packages/dbt/cli/requires.py", line 169, in wrapper
    return func(*args, **kwargs)
           ^^^^^^^^^^^^^^^^^^^^^
  File "/home/hiron/spark-env/lib/python3.12/site-packages/dbt/cli/requires.py", line 198, in wrapper
    return func(*args, **kwargs)
           ^^^^^^^^^^^^^^^^^^^^^
  File "/home/hiron/spark-env/lib/python3.12/site-packages/dbt/cli/requires.py", line 245, in wrapper
    return func(*args, **kwargs)
           ^^^^^^^^^^^^^^^^^^^^^
  File "/home/hiron/spark-env/lib/python3.12/site-packages/dbt/cli/main.py", line 325, in docs_serve
    results = task.run()
              ^^^^^^^^^^
  File "/home/hiron/spark-env/lib/python3.12/site-packages/dbt/task/serve.py", line 29, in run
    httpd.serve_forever()
  File "/usr/lib/python3.12/socketserver.py", line 235, in serve_forever
    ready = selector.select(poll_interval)
            ^^^^^^^^^^^^^^^^^^^^^^^^^^^^^^
  File "/usr/lib/python3.12/selectors.py", line 415, in select
    fd_event_list = self._selector.poll(timeout)
                    ^^^^^^^^^^^^^^^^^^^^^^^^^^^^
KeyboardInterrupt

[0m16:28:26.672527 [debug] [MainThread]: Resource report: {"command_name": "serve", "command_wall_clock_time": 153.56256, "process_user_time": 2.249198, "process_kernel_time": 0.485667, "process_mem_max_rss": "125472", "process_in_blocks": "2512", "process_out_blocks": "2960", "command_success": false}
[0m16:28:26.674837 [debug] [MainThread]: Command `dbt docs serve` failed at 16:28:26.674299 after 153.57 seconds
[0m16:28:26.676450 [debug] [MainThread]: Sending event: {'category': 'dbt', 'action': 'invocation', 'label': 'end', 'context': [<snowplow_tracker.self_describing_json.SelfDescribingJson object at 0x7a777cd711f0>, <snowplow_tracker.self_describing_json.SelfDescribingJson object at 0x7a777b6eb5c0>, <snowplow_tracker.self_describing_json.SelfDescribingJson object at 0x7a777b85a480>]}
[0m16:28:26.677661 [debug] [MainThread]: Flushing usage events
[0m16:31:32.406705 [debug] [MainThread]: Sending event: {'category': 'dbt', 'action': 'invocation', 'label': 'start', 'context': [<snowplow_tracker.self_describing_json.SelfDescribingJson object at 0x7fe0afd6b9e0>, <snowplow_tracker.self_describing_json.SelfDescribingJson object at 0x7fe0afd6ab40>, <snowplow_tracker.self_describing_json.SelfDescribingJson object at 0x7fe0aff0dcd0>]}


============================== 16:31:32.412266 | 94941b12-da55-4430-af99-4d08c9593d9a ==============================
[0m16:31:32.412266 [info ] [MainThread]: Running with dbt=1.7.19
[0m16:31:32.412866 [debug] [MainThread]: running dbt with arguments {'printer_width': '80', 'indirect_selection': 'eager', 'write_json': 'True', 'log_cache_events': 'False', 'partial_parse': 'True', 'cache_selected_only': 'False', 'profiles_dir': '/home/hiron/.dbt', 'fail_fast': 'False', 'debug': 'False', 'log_path': '/home/hiron/Tega-Michael-Brian-Project/dbt_taxiops/logs', 'warn_error': 'None', 'version_check': 'True', 'use_colors': 'True', 'use_experimental_parser': 'False', 'no_print': 'None', 'quiet': 'False', 'log_format': 'default', 'static_parser': 'True', 'warn_error_options': 'WarnErrorOptions(include=[], exclude=[])', 'introspect': 'True', 'target_path': 'None', 'invocation_command': 'dbt clean', 'send_anonymous_usage_stats': 'True'}
[0m16:31:32.596104 [debug] [MainThread]: Sending event: {'category': 'dbt', 'action': 'project_id', 'label': '94941b12-da55-4430-af99-4d08c9593d9a', 'context': [<snowplow_tracker.self_describing_json.SelfDescribingJson object at 0x7fe0afe40d70>]}
[0m16:31:32.609515 [debug] [MainThread]: Resource report: {"command_name": "clean", "command_success": true, "command_wall_clock_time": 0.25032324, "process_user_time": 2.225986, "process_kernel_time": 0.78118, "process_mem_max_rss": "99164", "process_in_blocks": "54888", "process_out_blocks": "8"}
[0m16:31:32.610483 [debug] [MainThread]: Command `dbt clean` succeeded at 16:31:32.610267 after 0.25 seconds
[0m16:31:32.610957 [debug] [MainThread]: Sending event: {'category': 'dbt', 'action': 'invocation', 'label': 'end', 'context': [<snowplow_tracker.self_describing_json.SelfDescribingJson object at 0x7fe0b02918e0>, <snowplow_tracker.self_describing_json.SelfDescribingJson object at 0x7fe0afd6b9e0>, <snowplow_tracker.self_describing_json.SelfDescribingJson object at 0x7fe0afb173e0>]}
[0m16:31:32.611619 [debug] [MainThread]: Flushing usage events
[0m16:32:10.340862 [debug] [MainThread]: Sending event: {'category': 'dbt', 'action': 'invocation', 'label': 'start', 'context': [<snowplow_tracker.self_describing_json.SelfDescribingJson object at 0x7d257844c950>, <snowplow_tracker.self_describing_json.SelfDescribingJson object at 0x7d257844c800>, <snowplow_tracker.self_describing_json.SelfDescribingJson object at 0x7d257844c6b0>]}


============================== 16:32:10.352655 | 49e0292d-d19e-4715-b479-d4f11e816ec9 ==============================
[0m16:32:10.352655 [info ] [MainThread]: Running with dbt=1.7.19
[0m16:32:10.353445 [debug] [MainThread]: running dbt with arguments {'printer_width': '80', 'indirect_selection': 'eager', 'log_cache_events': 'False', 'write_json': 'True', 'partial_parse': 'True', 'cache_selected_only': 'False', 'warn_error': 'None', 'version_check': 'True', 'profiles_dir': '/home/hiron/.dbt', 'log_path': '/home/hiron/Tega-Michael-Brian-Project/dbt_taxiops/logs', 'debug': 'False', 'fail_fast': 'False', 'use_colors': 'True', 'use_experimental_parser': 'False', 'no_print': 'None', 'quiet': 'False', 'log_format': 'default', 'invocation_command': 'dbt run', 'introspect': 'True', 'warn_error_options': 'WarnErrorOptions(include=[], exclude=[])', 'target_path': 'None', 'static_parser': 'True', 'send_anonymous_usage_stats': 'True'}
[0m16:32:11.832241 [debug] [MainThread]: Sending event: {'category': 'dbt', 'action': 'project_id', 'label': '49e0292d-d19e-4715-b479-d4f11e816ec9', 'context': [<snowplow_tracker.self_describing_json.SelfDescribingJson object at 0x7d2578749c70>]}
[0m16:32:11.883879 [debug] [MainThread]: Sending event: {'category': 'dbt', 'action': 'adapter_info', 'label': '49e0292d-d19e-4715-b479-d4f11e816ec9', 'context': [<snowplow_tracker.self_describing_json.SelfDescribingJson object at 0x7d25788c33b0>]}
[0m16:32:11.885870 [info ] [MainThread]: Registered adapter: snowflake=1.7.5
[0m16:32:11.898633 [debug] [MainThread]: checksum: a8d43cdff37d0f32d7fbe4c5c25bea4bb6c86e162f8ce8fdb1a38cdcf7495431, vars: {}, profile: , target: , version: 1.7.19
[0m16:32:11.899578 [info ] [MainThread]: Unable to do partial parsing because saved manifest not found. Starting full parse.
[0m16:32:11.900136 [debug] [MainThread]: Sending event: {'category': 'dbt', 'action': 'partial_parser', 'label': '49e0292d-d19e-4715-b479-d4f11e816ec9', 'context': [<snowplow_tracker.self_describing_json.SelfDescribingJson object at 0x7d2576c8e5d0>]}
[0m16:32:13.160697 [debug] [MainThread]: Sending event: {'category': 'dbt', 'action': 'load_project', 'label': '49e0292d-d19e-4715-b479-d4f11e816ec9', 'context': [<snowplow_tracker.self_describing_json.SelfDescribingJson object at 0x7d25748f7fb0>]}
[0m16:32:13.181503 [debug] [MainThread]: Sending event: {'category': 'dbt', 'action': 'resource_counts', 'label': '49e0292d-d19e-4715-b479-d4f11e816ec9', 'context': [<snowplow_tracker.self_describing_json.SelfDescribingJson object at 0x7d2574920290>]}
[0m16:32:13.182083 [info ] [MainThread]: Found 4 models, 15 tests, 1 source, 0 exposures, 0 metrics, 431 macros, 0 groups, 0 semantic models
[0m16:32:13.182477 [debug] [MainThread]: Sending event: {'category': 'dbt', 'action': 'runnable_timing', 'label': '49e0292d-d19e-4715-b479-d4f11e816ec9', 'context': [<snowplow_tracker.self_describing_json.SelfDescribingJson object at 0x7d2576ae7f80>]}
[0m16:32:13.184415 [info ] [MainThread]: 
[0m16:32:13.187007 [debug] [MainThread]: Acquiring new snowflake connection 'master'
[0m16:32:13.189556 [debug] [ThreadPool]: Acquiring new snowflake connection 'list_TAXIOPS_DB'
[0m16:32:13.191456 [debug] [ThreadPool]: Acquiring new snowflake connection 'list_TAXIOPS_DB'
[0m16:32:13.206119 [debug] [ThreadPool]: Using snowflake connection "list_TAXIOPS_DB"
[0m16:32:13.208703 [debug] [ThreadPool]: Using snowflake connection "list_TAXIOPS_DB"
[0m16:32:13.209809 [debug] [ThreadPool]: On list_TAXIOPS_DB: /* {"app": "dbt", "dbt_version": "1.7.19", "profile_name": "dbt_taxiops", "target_name": "dev", "connection_name": "list_TAXIOPS_DB"} */
show terse schemas in database TAXIOPS_DB
    limit 10000
[0m16:32:13.210560 [debug] [ThreadPool]: On list_TAXIOPS_DB: /* {"app": "dbt", "dbt_version": "1.7.19", "profile_name": "dbt_taxiops", "target_name": "dev", "connection_name": "list_TAXIOPS_DB"} */
show terse schemas in database TAXIOPS_DB
    limit 10000
[0m16:32:13.211258 [debug] [ThreadPool]: Opening a new connection, currently in state init
[0m16:32:13.211982 [debug] [ThreadPool]: Opening a new connection, currently in state init
[0m16:32:17.324608 [debug] [ThreadPool]: SQL status: SUCCESS 3 in 4.0 seconds
[0m16:32:17.326988 [debug] [ThreadPool]: On list_TAXIOPS_DB: Close
[0m16:32:18.221444 [debug] [ThreadPool]: SQL status: SUCCESS 3 in 5.0 seconds
[0m16:32:18.223124 [debug] [ThreadPool]: On list_TAXIOPS_DB: Close
[0m16:32:18.304122 [debug] [ThreadPool]: Re-using an available connection from the pool (formerly list_TAXIOPS_DB, now create_TAXIOPS_DB_PUBLIC_STAGING)
[0m16:32:18.304991 [debug] [ThreadPool]: Re-using an available connection from the pool (formerly list_TAXIOPS_DB, now create_TAXIOPS_DB_PUBLIC_GOLD)
[0m16:32:18.306233 [debug] [ThreadPool]: Creating schema "database: "TAXIOPS_DB"
schema: "PUBLIC_STAGING"
"
[0m16:32:18.307494 [debug] [ThreadPool]: Creating schema "database: "TAXIOPS_DB"
schema: "PUBLIC_GOLD"
"
[0m16:32:18.315189 [debug] [ThreadPool]: Using snowflake connection "create_TAXIOPS_DB_PUBLIC_STAGING"
[0m16:32:18.318557 [debug] [ThreadPool]: Using snowflake connection "create_TAXIOPS_DB_PUBLIC_GOLD"
[0m16:32:18.319535 [debug] [ThreadPool]: On create_TAXIOPS_DB_PUBLIC_STAGING: /* {"app": "dbt", "dbt_version": "1.7.19", "profile_name": "dbt_taxiops", "target_name": "dev", "connection_name": "create_TAXIOPS_DB_PUBLIC_STAGING"} */
create schema if not exists TAXIOPS_DB.PUBLIC_STAGING
[0m16:32:18.320601 [debug] [ThreadPool]: On create_TAXIOPS_DB_PUBLIC_GOLD: /* {"app": "dbt", "dbt_version": "1.7.19", "profile_name": "dbt_taxiops", "target_name": "dev", "connection_name": "create_TAXIOPS_DB_PUBLIC_GOLD"} */
create schema if not exists TAXIOPS_DB.PUBLIC_GOLD
[0m16:32:18.321075 [debug] [ThreadPool]: Opening a new connection, currently in state closed
[0m16:32:18.321481 [debug] [ThreadPool]: Opening a new connection, currently in state closed
[0m16:32:21.538553 [debug] [ThreadPool]: SQL status: SUCCESS 1 in 3.0 seconds
[0m16:32:21.540398 [debug] [ThreadPool]: On create_TAXIOPS_DB_PUBLIC_GOLD: Close
[0m16:32:21.568532 [debug] [ThreadPool]: SQL status: SUCCESS 1 in 3.0 seconds
[0m16:32:21.569804 [debug] [ThreadPool]: On create_TAXIOPS_DB_PUBLIC_STAGING: Close
[0m16:32:21.756314 [debug] [ThreadPool]: Re-using an available connection from the pool (formerly create_TAXIOPS_DB_PUBLIC_STAGING, now list_TAXIOPS_DB_PUBLIC_STAGING)
[0m16:32:21.763559 [debug] [ThreadPool]: Re-using an available connection from the pool (formerly create_TAXIOPS_DB_PUBLIC_GOLD, now list_TAXIOPS_DB_PUBLIC_GOLD)
[0m16:32:21.768206 [debug] [ThreadPool]: Using snowflake connection "list_TAXIOPS_DB_PUBLIC_STAGING"
[0m16:32:21.770438 [debug] [ThreadPool]: Using snowflake connection "list_TAXIOPS_DB_PUBLIC_GOLD"
[0m16:32:21.771345 [debug] [ThreadPool]: On list_TAXIOPS_DB_PUBLIC_STAGING: /* {"app": "dbt", "dbt_version": "1.7.19", "profile_name": "dbt_taxiops", "target_name": "dev", "connection_name": "list_TAXIOPS_DB_PUBLIC_STAGING"} */
show objects in TAXIOPS_DB.PUBLIC_STAGING limit 10000
[0m16:32:21.772657 [debug] [ThreadPool]: On list_TAXIOPS_DB_PUBLIC_GOLD: /* {"app": "dbt", "dbt_version": "1.7.19", "profile_name": "dbt_taxiops", "target_name": "dev", "connection_name": "list_TAXIOPS_DB_PUBLIC_GOLD"} */
show objects in TAXIOPS_DB.PUBLIC_GOLD limit 10000
[0m16:32:21.773199 [debug] [ThreadPool]: Opening a new connection, currently in state closed
[0m16:32:21.773894 [debug] [ThreadPool]: Opening a new connection, currently in state closed
[0m16:32:24.342329 [debug] [ThreadPool]: SQL status: SUCCESS 0 in 3.0 seconds
[0m16:32:24.344416 [debug] [ThreadPool]: On list_TAXIOPS_DB_PUBLIC_STAGING: Close
[0m16:32:25.056871 [debug] [ThreadPool]: SQL status: SUCCESS 0 in 3.0 seconds
[0m16:32:25.058391 [debug] [ThreadPool]: On list_TAXIOPS_DB_PUBLIC_GOLD: Close
[0m16:32:25.479268 [debug] [MainThread]: Sending event: {'category': 'dbt', 'action': 'runnable_timing', 'label': '49e0292d-d19e-4715-b479-d4f11e816ec9', 'context': [<snowplow_tracker.self_describing_json.SelfDescribingJson object at 0x7d256e255670>]}
[0m16:32:25.480489 [info ] [MainThread]: Concurrency: 4 threads (target='dev')
[0m16:32:25.481175 [info ] [MainThread]: 
[0m16:32:25.487729 [debug] [Thread-1 (]: Began running node model.dbt_taxiops.stg_taxi_trips_silver
[0m16:32:25.488916 [info ] [Thread-1 (]: 1 of 4 START sql view model PUBLIC_STAGING.stg_taxi_trips_silver ............... [RUN]
[0m16:32:25.490074 [debug] [Thread-1 (]: Re-using an available connection from the pool (formerly list_TAXIOPS_DB_PUBLIC_STAGING, now model.dbt_taxiops.stg_taxi_trips_silver)
[0m16:32:25.490734 [debug] [Thread-1 (]: Began compiling node model.dbt_taxiops.stg_taxi_trips_silver
[0m16:32:25.498522 [debug] [Thread-1 (]: Writing injected SQL for node "model.dbt_taxiops.stg_taxi_trips_silver"
[0m16:32:25.505824 [debug] [Thread-1 (]: Timing info for model.dbt_taxiops.stg_taxi_trips_silver (compile): 16:32:25.491160 => 16:32:25.505443
[0m16:32:25.506366 [debug] [Thread-1 (]: Began executing node model.dbt_taxiops.stg_taxi_trips_silver
[0m16:32:25.537859 [debug] [Thread-1 (]: Writing runtime sql for node "model.dbt_taxiops.stg_taxi_trips_silver"
[0m16:32:25.543691 [debug] [Thread-1 (]: Using snowflake connection "model.dbt_taxiops.stg_taxi_trips_silver"
[0m16:32:25.544281 [debug] [Thread-1 (]: On model.dbt_taxiops.stg_taxi_trips_silver: /* {"app": "dbt", "dbt_version": "1.7.19", "profile_name": "dbt_taxiops", "target_name": "dev", "node_id": "model.dbt_taxiops.stg_taxi_trips_silver"} */
create or replace   view TAXIOPS_DB.PUBLIC_STAGING.stg_taxi_trips_silver
  
   as (
    

select
    vendor_id,
    payment_type,
    pickup_ts,
    dropoff_ts,
    total_amount,
    fare_amount,
    tip_amount,
    trip_distance,
    passenger_count,
    pickup_location_id,
    dropoff_location_id,

    cast(pickup_ts as date) as pickup_date,
    date_part('hour', pickup_ts) as pickup_hour,

    round(datediff('second', pickup_ts, dropoff_ts) / 60.0, 2) as trip_duration_min,

    case
        when fare_amount > 0 then tip_amount / fare_amount
        else 0.0
    end as tip_rate,

    case
        when trip_distance > 0 then fare_amount / trip_distance
        else 0.0
    end as fare_per_mile

from TAXIOPS_DB.RAW.taxi_trips_silver
  );
[0m16:32:25.544697 [debug] [Thread-1 (]: Opening a new connection, currently in state closed
[0m16:32:28.834157 [debug] [Thread-1 (]: SQL status: SUCCESS 1 in 3.0 seconds
[0m16:32:28.854781 [debug] [Thread-1 (]: Timing info for model.dbt_taxiops.stg_taxi_trips_silver (execute): 16:32:25.506619 => 16:32:28.854571
[0m16:32:28.855297 [debug] [Thread-1 (]: On model.dbt_taxiops.stg_taxi_trips_silver: Close
[0m16:32:28.941476 [debug] [Thread-1 (]: Sending event: {'category': 'dbt', 'action': 'run_model', 'label': '49e0292d-d19e-4715-b479-d4f11e816ec9', 'context': [<snowplow_tracker.self_describing_json.SelfDescribingJson object at 0x7d256c435ca0>]}
[0m16:32:28.942634 [info ] [Thread-1 (]: 1 of 4 OK created sql view model PUBLIC_STAGING.stg_taxi_trips_silver .......... [[32mSUCCESS 1[0m in 3.45s]
[0m16:32:28.943663 [debug] [Thread-1 (]: Finished running node model.dbt_taxiops.stg_taxi_trips_silver
[0m16:32:28.945360 [debug] [Thread-3 (]: Began running node model.dbt_taxiops.hourly_kpis
[0m16:32:28.946574 [debug] [Thread-4 (]: Began running node model.dbt_taxiops.payment_kpis
[0m16:32:28.949070 [debug] [Thread-2 (]: Began running node model.dbt_taxiops.vendor_kpis
[0m16:32:28.947720 [info ] [Thread-3 (]: 2 of 4 START sql table model PUBLIC_GOLD.hourly_kpis ........................... [RUN]
[0m16:32:28.951011 [info ] [Thread-4 (]: 3 of 4 START sql table model PUBLIC_GOLD.payment_kpis .......................... [RUN]
[0m16:32:28.952094 [info ] [Thread-2 (]: 4 of 4 START sql table model PUBLIC_GOLD.vendor_kpis ........................... [RUN]
[0m16:32:28.953224 [debug] [Thread-3 (]: Acquiring new snowflake connection 'model.dbt_taxiops.hourly_kpis'
[0m16:32:28.954555 [debug] [Thread-4 (]: Acquiring new snowflake connection 'model.dbt_taxiops.payment_kpis'
[0m16:32:28.956058 [debug] [Thread-2 (]: Re-using an available connection from the pool (formerly list_TAXIOPS_DB_PUBLIC_GOLD, now model.dbt_taxiops.vendor_kpis)
[0m16:32:28.957182 [debug] [Thread-3 (]: Began compiling node model.dbt_taxiops.hourly_kpis
[0m16:32:28.958620 [debug] [Thread-4 (]: Began compiling node model.dbt_taxiops.payment_kpis
[0m16:32:28.959995 [debug] [Thread-2 (]: Began compiling node model.dbt_taxiops.vendor_kpis
[0m16:32:28.964386 [debug] [Thread-3 (]: Writing injected SQL for node "model.dbt_taxiops.hourly_kpis"
[0m16:32:28.968044 [debug] [Thread-4 (]: Writing injected SQL for node "model.dbt_taxiops.payment_kpis"
[0m16:32:28.971800 [debug] [Thread-2 (]: Writing injected SQL for node "model.dbt_taxiops.vendor_kpis"
[0m16:32:28.975805 [debug] [Thread-3 (]: Timing info for model.dbt_taxiops.hourly_kpis (compile): 16:32:28.960916 => 16:32:28.975359
[0m16:32:28.977000 [debug] [Thread-4 (]: Timing info for model.dbt_taxiops.payment_kpis (compile): 16:32:28.965121 => 16:32:28.976384
[0m16:32:28.978272 [debug] [Thread-2 (]: Timing info for model.dbt_taxiops.vendor_kpis (compile): 16:32:28.968894 => 16:32:28.977860
[0m16:32:28.979051 [debug] [Thread-3 (]: Began executing node model.dbt_taxiops.hourly_kpis
[0m16:32:28.980105 [debug] [Thread-4 (]: Began executing node model.dbt_taxiops.payment_kpis
[0m16:32:28.980823 [debug] [Thread-2 (]: Began executing node model.dbt_taxiops.vendor_kpis
[0m16:32:29.017366 [debug] [Thread-3 (]: Writing runtime sql for node "model.dbt_taxiops.hourly_kpis"
[0m16:32:29.018543 [debug] [Thread-4 (]: Writing runtime sql for node "model.dbt_taxiops.payment_kpis"
[0m16:32:29.022101 [debug] [Thread-2 (]: Writing runtime sql for node "model.dbt_taxiops.vendor_kpis"
[0m16:32:29.025534 [debug] [Thread-4 (]: Using snowflake connection "model.dbt_taxiops.payment_kpis"
[0m16:32:29.026899 [debug] [Thread-3 (]: Using snowflake connection "model.dbt_taxiops.hourly_kpis"
[0m16:32:29.028434 [debug] [Thread-2 (]: Using snowflake connection "model.dbt_taxiops.vendor_kpis"
[0m16:32:29.029051 [debug] [Thread-4 (]: On model.dbt_taxiops.payment_kpis: /* {"app": "dbt", "dbt_version": "1.7.19", "profile_name": "dbt_taxiops", "target_name": "dev", "node_id": "model.dbt_taxiops.payment_kpis"} */
create or replace transient table TAXIOPS_DB.PUBLIC_GOLD.payment_kpis
         as
        (

select
    pickup_date,
    payment_type,
    count(*) as total_trips,
    round(sum(total_amount), 2) as total_revenue,
    round(avg(fare_amount), 2) as avg_fare_amount,
    round(avg(tip_rate), 4) as avg_tip_rate
from TAXIOPS_DB.PUBLIC_STAGING.stg_taxi_trips_silver
group by pickup_date, payment_type
order by pickup_date, payment_type
        );
[0m16:32:29.029895 [debug] [Thread-3 (]: On model.dbt_taxiops.hourly_kpis: /* {"app": "dbt", "dbt_version": "1.7.19", "profile_name": "dbt_taxiops", "target_name": "dev", "node_id": "model.dbt_taxiops.hourly_kpis"} */
create or replace transient table TAXIOPS_DB.PUBLIC_GOLD.hourly_kpis
         as
        (

select
    pickup_date,
    pickup_hour,
    count(*) as total_trips,
    round(sum(total_amount), 2) as total_revenue,
    round(avg(fare_amount), 2) as avg_fare_amount,
    round(avg(tip_amount), 2) as avg_tip_amount,
    round(avg(trip_distance), 2) as avg_trip_distance,
    round(avg(trip_duration_min), 2) as avg_trip_duration_min
from TAXIOPS_DB.PUBLIC_STAGING.stg_taxi_trips_silver
group by pickup_date, pickup_hour
order by pickup_date, pickup_hour
        );
[0m16:32:29.030485 [debug] [Thread-2 (]: On model.dbt_taxiops.vendor_kpis: /* {"app": "dbt", "dbt_version": "1.7.19", "profile_name": "dbt_taxiops", "target_name": "dev", "node_id": "model.dbt_taxiops.vendor_kpis"} */
create or replace transient table TAXIOPS_DB.PUBLIC_GOLD.vendor_kpis
         as
        (

select
    pickup_date,
    vendor_id,
    count(*) as total_trips,
    round(sum(total_amount), 2) as total_revenue,
    round(avg(trip_distance), 2) as avg_trip_distance,
    round(avg(fare_per_mile), 2) as avg_fare_per_mile,
    round(max(total_amount), 2) as max_trip_total
from TAXIOPS_DB.PUBLIC_STAGING.stg_taxi_trips_silver
group by pickup_date, vendor_id
order by pickup_date, vendor_id
        );
[0m16:32:29.031248 [debug] [Thread-4 (]: Opening a new connection, currently in state init
[0m16:32:29.032186 [debug] [Thread-3 (]: Opening a new connection, currently in state init
[0m16:32:29.032995 [debug] [Thread-2 (]: Opening a new connection, currently in state closed
[0m16:32:32.929293 [debug] [Thread-3 (]: SQL status: SUCCESS 1 in 4.0 seconds
[0m16:32:32.932145 [debug] [Thread-3 (]: Timing info for model.dbt_taxiops.hourly_kpis (execute): 16:32:28.981312 => 16:32:32.931833
[0m16:32:32.932640 [debug] [Thread-3 (]: On model.dbt_taxiops.hourly_kpis: Close
[0m16:32:32.936498 [debug] [Thread-4 (]: SQL status: SUCCESS 1 in 4.0 seconds
[0m16:32:32.938980 [debug] [Thread-4 (]: Timing info for model.dbt_taxiops.payment_kpis (execute): 16:32:29.004062 => 16:32:32.938775
[0m16:32:32.939520 [debug] [Thread-4 (]: On model.dbt_taxiops.payment_kpis: Close
[0m16:32:33.001081 [debug] [Thread-3 (]: Sending event: {'category': 'dbt', 'action': 'run_model', 'label': '49e0292d-d19e-4715-b479-d4f11e816ec9', 'context': [<snowplow_tracker.self_describing_json.SelfDescribingJson object at 0x7d2576af9460>]}
[0m16:32:33.002044 [info ] [Thread-3 (]: 2 of 4 OK created sql table model PUBLIC_GOLD.hourly_kpis ...................... [[32mSUCCESS 1[0m in 4.05s]
[0m16:32:33.002928 [debug] [Thread-3 (]: Finished running node model.dbt_taxiops.hourly_kpis
[0m16:32:33.010202 [debug] [Thread-4 (]: Sending event: {'category': 'dbt', 'action': 'run_model', 'label': '49e0292d-d19e-4715-b479-d4f11e816ec9', 'context': [<snowplow_tracker.self_describing_json.SelfDescribingJson object at 0x7d2574b13a10>]}
[0m16:32:33.011213 [info ] [Thread-4 (]: 3 of 4 OK created sql table model PUBLIC_GOLD.payment_kpis ..................... [[32mSUCCESS 1[0m in 4.06s]
[0m16:32:33.012235 [debug] [Thread-4 (]: Finished running node model.dbt_taxiops.payment_kpis
[0m16:32:33.693549 [debug] [Thread-2 (]: SQL status: SUCCESS 1 in 5.0 seconds
[0m16:32:33.696282 [debug] [Thread-2 (]: Timing info for model.dbt_taxiops.vendor_kpis (execute): 16:32:29.018979 => 16:32:33.696075
[0m16:32:33.696830 [debug] [Thread-2 (]: On model.dbt_taxiops.vendor_kpis: Close
[0m16:32:33.781230 [debug] [Thread-2 (]: Sending event: {'category': 'dbt', 'action': 'run_model', 'label': '49e0292d-d19e-4715-b479-d4f11e816ec9', 'context': [<snowplow_tracker.self_describing_json.SelfDescribingJson object at 0x7d2576af8b00>]}
[0m16:32:33.781970 [info ] [Thread-2 (]: 4 of 4 OK created sql table model PUBLIC_GOLD.vendor_kpis ...................... [[32mSUCCESS 1[0m in 4.83s]
[0m16:32:33.782549 [debug] [Thread-2 (]: Finished running node model.dbt_taxiops.vendor_kpis
[0m16:32:33.786840 [debug] [MainThread]: Connection 'master' was properly closed.
[0m16:32:33.787503 [debug] [MainThread]: Connection 'model.dbt_taxiops.vendor_kpis' was properly closed.
[0m16:32:33.787860 [debug] [MainThread]: Connection 'model.dbt_taxiops.stg_taxi_trips_silver' was properly closed.
[0m16:32:33.788239 [debug] [MainThread]: Connection 'model.dbt_taxiops.hourly_kpis' was properly closed.
[0m16:32:33.788566 [debug] [MainThread]: Connection 'model.dbt_taxiops.payment_kpis' was properly closed.
[0m16:32:33.788960 [info ] [MainThread]: 
[0m16:32:33.789526 [info ] [MainThread]: Finished running 1 view model, 3 table models in 0 hours 0 minutes and 20.60 seconds (20.60s).
[0m16:32:33.790609 [debug] [MainThread]: Command end result
[0m16:32:33.804394 [info ] [MainThread]: 
[0m16:32:33.805096 [info ] [MainThread]: [32mCompleted successfully[0m
[0m16:32:33.805605 [info ] [MainThread]: 
[0m16:32:33.806096 [info ] [MainThread]: Done. PASS=4 WARN=0 ERROR=0 SKIP=0 TOTAL=4
[0m16:32:33.809205 [debug] [MainThread]: Resource report: {"command_name": "run", "command_success": true, "command_wall_clock_time": 24.353195, "process_user_time": 4.913147, "process_kernel_time": 1.832556, "process_mem_max_rss": "167160", "process_in_blocks": "134608", "process_out_blocks": "2936"}
[0m16:32:33.810042 [debug] [MainThread]: Command `dbt run` succeeded at 16:32:33.809837 after 24.35 seconds
[0m16:32:33.810593 [debug] [MainThread]: Sending event: {'category': 'dbt', 'action': 'invocation', 'label': 'end', 'context': [<snowplow_tracker.self_describing_json.SelfDescribingJson object at 0x7d257893e360>, <snowplow_tracker.self_describing_json.SelfDescribingJson object at 0x7d2576bb8950>, <snowplow_tracker.self_describing_json.SelfDescribingJson object at 0x7d257bed7fe0>]}
[0m16:32:33.811279 [debug] [MainThread]: Flushing usage events
[0m16:34:31.655974 [debug] [MainThread]: Sending event: {'category': 'dbt', 'action': 'invocation', 'label': 'start', 'context': [<snowplow_tracker.self_describing_json.SelfDescribingJson object at 0x7707c4d46330>, <snowplow_tracker.self_describing_json.SelfDescribingJson object at 0x7707c4d69b20>, <snowplow_tracker.self_describing_json.SelfDescribingJson object at 0x7707c4a9cef0>]}


============================== 16:34:31.662619 | 72cbaf89-acd5-4bc2-b740-5b8f0d7caf49 ==============================
[0m16:34:31.662619 [info ] [MainThread]: Running with dbt=1.7.19
[0m16:34:31.663499 [debug] [MainThread]: running dbt with arguments {'printer_width': '80', 'indirect_selection': 'eager', 'write_json': 'True', 'log_cache_events': 'False', 'partial_parse': 'True', 'cache_selected_only': 'False', 'profiles_dir': '/home/hiron/.dbt', 'version_check': 'True', 'fail_fast': 'False', 'log_path': '/home/hiron/Tega-Michael-Brian-Project/dbt_taxiops/logs', 'warn_error': 'None', 'debug': 'False', 'use_colors': 'True', 'use_experimental_parser': 'False', 'no_print': 'None', 'quiet': 'False', 'log_format': 'default', 'invocation_command': 'dbt clean', 'warn_error_options': 'WarnErrorOptions(include=[], exclude=[])', 'static_parser': 'True', 'target_path': 'None', 'introspect': 'True', 'send_anonymous_usage_stats': 'True'}
[0m16:34:31.838102 [debug] [MainThread]: Sending event: {'category': 'dbt', 'action': 'project_id', 'label': '72cbaf89-acd5-4bc2-b740-5b8f0d7caf49', 'context': [<snowplow_tracker.self_describing_json.SelfDescribingJson object at 0x7707c4a9ce00>]}
[0m16:34:31.855096 [debug] [MainThread]: Resource report: {"command_name": "clean", "command_success": true, "command_wall_clock_time": 0.2564491, "process_user_time": 2.238173, "process_kernel_time": 0.684229, "process_mem_max_rss": "98816", "process_in_blocks": "86728", "process_out_blocks": "8"}
[0m16:34:31.855855 [debug] [MainThread]: Command `dbt clean` succeeded at 16:34:31.855688 after 0.26 seconds
[0m16:34:31.856338 [debug] [MainThread]: Sending event: {'category': 'dbt', 'action': 'invocation', 'label': 'end', 'context': [<snowplow_tracker.self_describing_json.SelfDescribingJson object at 0x7707c5005d00>, <snowplow_tracker.self_describing_json.SelfDescribingJson object at 0x7707c4ebbc20>, <snowplow_tracker.self_describing_json.SelfDescribingJson object at 0x7707c4b14500>]}
[0m16:34:31.856773 [debug] [MainThread]: Flushing usage events
[0m16:43:48.164675 [debug] [MainThread]: Sending event: {'category': 'dbt', 'action': 'invocation', 'label': 'start', 'context': [<snowplow_tracker.self_describing_json.SelfDescribingJson object at 0x7aec8a9a8a40>, <snowplow_tracker.self_describing_json.SelfDescribingJson object at 0x7aec8adc70b0>, <snowplow_tracker.self_describing_json.SelfDescribingJson object at 0x7aec8a9aab40>]}


============================== 16:43:48.168358 | 604c8e08-8b2e-48d7-a7d5-ae1a6bda9b9f ==============================
[0m16:43:48.168358 [info ] [MainThread]: Running with dbt=1.7.19
[0m16:43:48.169122 [debug] [MainThread]: running dbt with arguments {'printer_width': '80', 'indirect_selection': 'eager', 'log_cache_events': 'False', 'write_json': 'True', 'partial_parse': 'True', 'cache_selected_only': 'False', 'warn_error': 'None', 'fail_fast': 'False', 'profiles_dir': '/home/hiron/.dbt', 'log_path': 'dbt_taxiops/logs', 'version_check': 'True', 'debug': 'False', 'use_colors': 'True', 'use_experimental_parser': 'False', 'no_print': 'None', 'quiet': 'False', 'warn_error_options': 'WarnErrorOptions(include=[], exclude=[])', 'introspect': 'True', 'invocation_command': 'dbt clean --project-dir dbt_taxiops', 'static_parser': 'True', 'target_path': 'None', 'log_format': 'default', 'send_anonymous_usage_stats': 'True'}
[0m16:43:48.302779 [debug] [MainThread]: Sending event: {'category': 'dbt', 'action': 'project_id', 'label': '604c8e08-8b2e-48d7-a7d5-ae1a6bda9b9f', 'context': [<snowplow_tracker.self_describing_json.SelfDescribingJson object at 0x7aec8aa23560>]}
[0m16:43:48.303930 [error] [MainThread]: Encountered an error:
Runtime Error
  dbt will not clean the following directories outside the project: ['/home/hiron/Tega-Michael-Brian-Project/dbt_taxiops/dbt_packages', '/home/hiron/Tega-Michael-Brian-Project/dbt_taxiops/target']
[0m16:43:48.305180 [debug] [MainThread]: Resource report: {"command_name": "clean", "command_wall_clock_time": 0.1853574, "process_user_time": 1.965822, "process_kernel_time": 0.397057, "process_mem_max_rss": "99544", "process_out_blocks": "16", "command_success": false, "process_in_blocks": "0"}
[0m16:43:48.305894 [debug] [MainThread]: Command `dbt clean` failed at 16:43:48.305744 after 0.19 seconds
[0m16:43:48.306327 [debug] [MainThread]: Sending event: {'category': 'dbt', 'action': 'invocation', 'label': 'end', 'context': [<snowplow_tracker.self_describing_json.SelfDescribingJson object at 0x7aec8adc70b0>, <snowplow_tracker.self_describing_json.SelfDescribingJson object at 0x7aec8b2352b0>, <snowplow_tracker.self_describing_json.SelfDescribingJson object at 0x7aec8a87f980>]}
[0m16:43:48.306713 [debug] [MainThread]: Flushing usage events
[0m16:44:07.320581 [debug] [MainThread]: Sending event: {'category': 'dbt', 'action': 'invocation', 'label': 'start', 'context': [<snowplow_tracker.self_describing_json.SelfDescribingJson object at 0x7e0f5709ccb0>, <snowplow_tracker.self_describing_json.SelfDescribingJson object at 0x7e0f5709cf80>, <snowplow_tracker.self_describing_json.SelfDescribingJson object at 0x7e0f5709c3e0>]}


============================== 16:44:07.323709 | 74374b4f-885c-454b-9778-fc368b8212c8 ==============================
[0m16:44:07.323709 [info ] [MainThread]: Running with dbt=1.7.19
[0m16:44:07.324392 [debug] [MainThread]: running dbt with arguments {'printer_width': '80', 'indirect_selection': 'eager', 'log_cache_events': 'False', 'write_json': 'True', 'partial_parse': 'True', 'cache_selected_only': 'False', 'warn_error': 'None', 'debug': 'False', 'profiles_dir': '/home/hiron/.dbt', 'log_path': '/home/hiron/Tega-Michael-Brian-Project/dbt_taxiops/logs', 'version_check': 'True', 'fail_fast': 'False', 'use_colors': 'True', 'use_experimental_parser': 'False', 'no_print': 'None', 'quiet': 'False', 'warn_error_options': 'WarnErrorOptions(include=[], exclude=[])', 'introspect': 'True', 'static_parser': 'True', 'invocation_command': 'dbt clean', 'target_path': 'None', 'log_format': 'default', 'send_anonymous_usage_stats': 'True'}
[0m16:44:07.418621 [debug] [MainThread]: Sending event: {'category': 'dbt', 'action': 'project_id', 'label': '74374b4f-885c-454b-9778-fc368b8212c8', 'context': [<snowplow_tracker.self_describing_json.SelfDescribingJson object at 0x7e0f57341220>]}
[0m16:44:07.422341 [debug] [MainThread]: Resource report: {"command_name": "clean", "command_success": true, "command_wall_clock_time": 0.14270996, "process_user_time": 2.033244, "process_kernel_time": 0.532608, "process_mem_max_rss": "99516", "process_in_blocks": "0", "process_out_blocks": "0"}
[0m16:44:07.423026 [debug] [MainThread]: Command `dbt clean` succeeded at 16:44:07.422849 after 0.14 seconds
[0m16:44:07.423510 [debug] [MainThread]: Sending event: {'category': 'dbt', 'action': 'invocation', 'label': 'end', 'context': [<snowplow_tracker.self_describing_json.SelfDescribingJson object at 0x7e0f57117c20>, <snowplow_tracker.self_describing_json.SelfDescribingJson object at 0x7e0f57d7b530>, <snowplow_tracker.self_describing_json.SelfDescribingJson object at 0x7e0f5750cf50>]}
[0m16:44:07.423972 [debug] [MainThread]: Flushing usage events
[0m15:31:55.623384 [debug] [MainThread]: Sending event: {'category': 'dbt', 'action': 'invocation', 'label': 'start', 'context': [<snowplow_tracker.self_describing_json.SelfDescribingJson object at 0x7275df797800>, <snowplow_tracker.self_describing_json.SelfDescribingJson object at 0x7275df795a00>, <snowplow_tracker.self_describing_json.SelfDescribingJson object at 0x7275df795d00>]}


============================== 15:31:55.633951 | 392876c7-75f1-46d0-bb1c-06136e9856d1 ==============================
[0m15:31:55.633951 [info ] [MainThread]: Running with dbt=1.7.19
[0m15:31:55.634810 [debug] [MainThread]: running dbt with arguments {'printer_width': '80', 'indirect_selection': 'eager', 'write_json': 'True', 'log_cache_events': 'False', 'partial_parse': 'True', 'cache_selected_only': 'False', 'warn_error': 'None', 'version_check': 'True', 'fail_fast': 'False', 'log_path': '/home/hiron/Tega-Michael-Brian-Project/dbt_taxiops/logs', 'debug': 'False', 'profiles_dir': '/home/hiron/.dbt', 'use_colors': 'True', 'use_experimental_parser': 'False', 'no_print': 'None', 'quiet': 'False', 'warn_error_options': 'WarnErrorOptions(include=[], exclude=[])', 'invocation_command': 'dbt run --select stg_taxi_trips_silver hourly_kpis payment_kpis vendor_kpis', 'introspect': 'True', 'log_format': 'default', 'target_path': 'None', 'static_parser': 'True', 'send_anonymous_usage_stats': 'True'}
[0m15:31:56.673490 [debug] [MainThread]: Sending event: {'category': 'dbt', 'action': 'project_id', 'label': '392876c7-75f1-46d0-bb1c-06136e9856d1', 'context': [<snowplow_tracker.self_describing_json.SelfDescribingJson object at 0x7275de1ff6e0>]}
[0m15:31:56.730836 [debug] [MainThread]: Sending event: {'category': 'dbt', 'action': 'adapter_info', 'label': '392876c7-75f1-46d0-bb1c-06136e9856d1', 'context': [<snowplow_tracker.self_describing_json.SelfDescribingJson object at 0x7275de0af5f0>]}
[0m15:31:56.732742 [info ] [MainThread]: Registered adapter: snowflake=1.7.5
[0m15:31:56.745009 [debug] [MainThread]: checksum: a8d43cdff37d0f32d7fbe4c5c25bea4bb6c86e162f8ce8fdb1a38cdcf7495431, vars: {}, profile: , target: , version: 1.7.19
[0m15:31:56.746584 [info ] [MainThread]: Unable to do partial parsing because saved manifest not found. Starting full parse.
[0m15:31:56.747267 [debug] [MainThread]: Sending event: {'category': 'dbt', 'action': 'partial_parser', 'label': '392876c7-75f1-46d0-bb1c-06136e9856d1', 'context': [<snowplow_tracker.self_describing_json.SelfDescribingJson object at 0x7275e0020dd0>]}
[0m15:31:58.079132 [debug] [MainThread]: Sending event: {'category': 'dbt', 'action': 'load_project', 'label': '392876c7-75f1-46d0-bb1c-06136e9856d1', 'context': [<snowplow_tracker.self_describing_json.SelfDescribingJson object at 0x7275dde229f0>]}
[0m15:31:58.095792 [debug] [MainThread]: Sending event: {'category': 'dbt', 'action': 'resource_counts', 'label': '392876c7-75f1-46d0-bb1c-06136e9856d1', 'context': [<snowplow_tracker.self_describing_json.SelfDescribingJson object at 0x7275a7930c20>]}
[0m15:31:58.096575 [info ] [MainThread]: Found 4 models, 15 tests, 1 source, 0 exposures, 0 metrics, 431 macros, 0 groups, 0 semantic models
[0m15:31:58.097070 [debug] [MainThread]: Sending event: {'category': 'dbt', 'action': 'runnable_timing', 'label': '392876c7-75f1-46d0-bb1c-06136e9856d1', 'context': [<snowplow_tracker.self_describing_json.SelfDescribingJson object at 0x7275a7af8e60>]}
[0m15:31:58.099304 [info ] [MainThread]: 
[0m15:31:58.100442 [debug] [MainThread]: Acquiring new snowflake connection 'master'
[0m15:31:58.102787 [debug] [ThreadPool]: Acquiring new snowflake connection 'list_TAXIOPS_DB'
[0m15:31:58.110087 [debug] [ThreadPool]: Acquiring new snowflake connection 'list_TAXIOPS_DB'
[0m15:31:58.123873 [debug] [ThreadPool]: Using snowflake connection "list_TAXIOPS_DB"
[0m15:31:58.124793 [debug] [ThreadPool]: Using snowflake connection "list_TAXIOPS_DB"
[0m15:31:58.125923 [debug] [ThreadPool]: On list_TAXIOPS_DB: /* {"app": "dbt", "dbt_version": "1.7.19", "profile_name": "dbt_taxiops", "target_name": "dev", "connection_name": "list_TAXIOPS_DB"} */
show terse schemas in database TAXIOPS_DB
    limit 10000
[0m15:31:58.126795 [debug] [ThreadPool]: On list_TAXIOPS_DB: /* {"app": "dbt", "dbt_version": "1.7.19", "profile_name": "dbt_taxiops", "target_name": "dev", "connection_name": "list_TAXIOPS_DB"} */
show terse schemas in database TAXIOPS_DB
    limit 10000
[0m15:31:58.127509 [debug] [ThreadPool]: Opening a new connection, currently in state init
[0m15:31:58.128065 [debug] [ThreadPool]: Opening a new connection, currently in state init
[0m15:32:02.816184 [debug] [ThreadPool]: SQL status: SUCCESS 3 in 5.0 seconds
[0m15:32:02.818173 [debug] [ThreadPool]: On list_TAXIOPS_DB: Close
[0m15:32:02.863372 [debug] [ThreadPool]: SQL status: SUCCESS 3 in 5.0 seconds
[0m15:32:02.864877 [debug] [ThreadPool]: On list_TAXIOPS_DB: Close
[0m15:32:02.995176 [debug] [ThreadPool]: Re-using an available connection from the pool (formerly list_TAXIOPS_DB, now create_TAXIOPS_DB_PUBLIC_STAGING)
[0m15:32:02.996221 [debug] [ThreadPool]: Re-using an available connection from the pool (formerly list_TAXIOPS_DB, now create_TAXIOPS_DB_PUBLIC_GOLD)
[0m15:32:02.998245 [debug] [ThreadPool]: Creating schema "database: "TAXIOPS_DB"
schema: "PUBLIC_STAGING"
"
[0m15:32:02.999605 [debug] [ThreadPool]: Creating schema "database: "TAXIOPS_DB"
schema: "PUBLIC_GOLD"
"
[0m15:32:03.006980 [debug] [ThreadPool]: Using snowflake connection "create_TAXIOPS_DB_PUBLIC_STAGING"
[0m15:32:03.011654 [debug] [ThreadPool]: Using snowflake connection "create_TAXIOPS_DB_PUBLIC_GOLD"
[0m15:32:03.012654 [debug] [ThreadPool]: On create_TAXIOPS_DB_PUBLIC_STAGING: /* {"app": "dbt", "dbt_version": "1.7.19", "profile_name": "dbt_taxiops", "target_name": "dev", "connection_name": "create_TAXIOPS_DB_PUBLIC_STAGING"} */
create schema if not exists TAXIOPS_DB.PUBLIC_STAGING
[0m15:32:03.013380 [debug] [ThreadPool]: On create_TAXIOPS_DB_PUBLIC_GOLD: /* {"app": "dbt", "dbt_version": "1.7.19", "profile_name": "dbt_taxiops", "target_name": "dev", "connection_name": "create_TAXIOPS_DB_PUBLIC_GOLD"} */
create schema if not exists TAXIOPS_DB.PUBLIC_GOLD
[0m15:32:03.013981 [debug] [ThreadPool]: Opening a new connection, currently in state closed
[0m15:32:03.014520 [debug] [ThreadPool]: Opening a new connection, currently in state closed
[0m15:32:06.245574 [debug] [ThreadPool]: SQL status: SUCCESS 1 in 3.0 seconds
[0m15:32:06.246981 [debug] [ThreadPool]: On create_TAXIOPS_DB_PUBLIC_STAGING: Close
[0m15:32:06.318572 [debug] [ThreadPool]: SQL status: SUCCESS 1 in 3.0 seconds
[0m15:32:06.319857 [debug] [ThreadPool]: On create_TAXIOPS_DB_PUBLIC_GOLD: Close
[0m15:32:06.672003 [debug] [ThreadPool]: Re-using an available connection from the pool (formerly create_TAXIOPS_DB_PUBLIC_GOLD, now list_TAXIOPS_DB_PUBLIC_STAGING)
[0m15:32:06.678972 [debug] [ThreadPool]: Re-using an available connection from the pool (formerly create_TAXIOPS_DB_PUBLIC_STAGING, now list_TAXIOPS_DB_PUBLIC_GOLD)
[0m15:32:06.683657 [debug] [ThreadPool]: Using snowflake connection "list_TAXIOPS_DB_PUBLIC_STAGING"
[0m15:32:06.686651 [debug] [ThreadPool]: Using snowflake connection "list_TAXIOPS_DB_PUBLIC_GOLD"
[0m15:32:06.687821 [debug] [ThreadPool]: On list_TAXIOPS_DB_PUBLIC_STAGING: /* {"app": "dbt", "dbt_version": "1.7.19", "profile_name": "dbt_taxiops", "target_name": "dev", "connection_name": "list_TAXIOPS_DB_PUBLIC_STAGING"} */
show objects in TAXIOPS_DB.PUBLIC_STAGING limit 10000
[0m15:32:06.688870 [debug] [ThreadPool]: On list_TAXIOPS_DB_PUBLIC_GOLD: /* {"app": "dbt", "dbt_version": "1.7.19", "profile_name": "dbt_taxiops", "target_name": "dev", "connection_name": "list_TAXIOPS_DB_PUBLIC_GOLD"} */
show objects in TAXIOPS_DB.PUBLIC_GOLD limit 10000
[0m15:32:06.689840 [debug] [ThreadPool]: Opening a new connection, currently in state closed
[0m15:32:06.690708 [debug] [ThreadPool]: Opening a new connection, currently in state closed
[0m15:32:09.174145 [debug] [ThreadPool]: SQL status: SUCCESS 0 in 2.0 seconds
[0m15:32:09.175774 [debug] [ThreadPool]: On list_TAXIOPS_DB_PUBLIC_GOLD: Close
[0m15:32:09.970682 [debug] [ThreadPool]: SQL status: SUCCESS 0 in 3.0 seconds
[0m15:32:09.973380 [debug] [ThreadPool]: On list_TAXIOPS_DB_PUBLIC_STAGING: Close
[0m15:32:10.057277 [debug] [MainThread]: Sending event: {'category': 'dbt', 'action': 'runnable_timing', 'label': '392876c7-75f1-46d0-bb1c-06136e9856d1', 'context': [<snowplow_tracker.self_describing_json.SelfDescribingJson object at 0x72757fe08b60>]}
[0m15:32:10.058905 [info ] [MainThread]: Concurrency: 4 threads (target='dev')
[0m15:32:10.059829 [info ] [MainThread]: 
[0m15:32:10.066385 [debug] [Thread-1 (]: Began running node model.dbt_taxiops.stg_taxi_trips_silver
[0m15:32:10.067171 [info ] [Thread-1 (]: 1 of 4 START sql view model PUBLIC_STAGING.stg_taxi_trips_silver ............... [RUN]
[0m15:32:10.068115 [debug] [Thread-1 (]: Re-using an available connection from the pool (formerly list_TAXIOPS_DB_PUBLIC_STAGING, now model.dbt_taxiops.stg_taxi_trips_silver)
[0m15:32:10.068713 [debug] [Thread-1 (]: Began compiling node model.dbt_taxiops.stg_taxi_trips_silver
[0m15:32:10.078468 [debug] [Thread-1 (]: Writing injected SQL for node "model.dbt_taxiops.stg_taxi_trips_silver"
[0m15:32:10.082928 [debug] [Thread-1 (]: Timing info for model.dbt_taxiops.stg_taxi_trips_silver (compile): 15:32:10.069183 => 15:32:10.082499
[0m15:32:10.083488 [debug] [Thread-1 (]: Began executing node model.dbt_taxiops.stg_taxi_trips_silver
[0m15:32:10.120686 [debug] [Thread-1 (]: Writing runtime sql for node "model.dbt_taxiops.stg_taxi_trips_silver"
[0m15:32:10.124905 [debug] [Thread-1 (]: Using snowflake connection "model.dbt_taxiops.stg_taxi_trips_silver"
[0m15:32:10.125659 [debug] [Thread-1 (]: On model.dbt_taxiops.stg_taxi_trips_silver: /* {"app": "dbt", "dbt_version": "1.7.19", "profile_name": "dbt_taxiops", "target_name": "dev", "node_id": "model.dbt_taxiops.stg_taxi_trips_silver"} */
create or replace   view TAXIOPS_DB.PUBLIC_STAGING.stg_taxi_trips_silver
  
   as (
    

select
    vendor_id,
    payment_type,
    pickup_ts,
    dropoff_ts,
    total_amount,
    fare_amount,
    tip_amount,
    trip_distance,
    passenger_count,
    pickup_location_id,
    dropoff_location_id,

    cast(pickup_ts as date) as pickup_date,
    date_part('hour', pickup_ts) as pickup_hour,

    round(datediff('second', pickup_ts, dropoff_ts) / 60.0, 2) as trip_duration_min,

    case
        when fare_amount > 0 then tip_amount / fare_amount
        else 0.0
    end as tip_rate,

    case
        when trip_distance > 0 then fare_amount / trip_distance
        else 0.0
    end as fare_per_mile

from TAXIOPS_DB.RAW.taxi_trips_silver
  );
[0m15:32:10.126453 [debug] [Thread-1 (]: Opening a new connection, currently in state closed
[0m15:32:12.878358 [debug] [Thread-1 (]: SQL status: SUCCESS 1 in 3.0 seconds
[0m15:32:12.899769 [debug] [Thread-1 (]: Timing info for model.dbt_taxiops.stg_taxi_trips_silver (execute): 15:32:10.083811 => 15:32:12.899501
[0m15:32:12.900440 [debug] [Thread-1 (]: On model.dbt_taxiops.stg_taxi_trips_silver: Close
[0m15:32:12.979690 [debug] [Thread-1 (]: Sending event: {'category': 'dbt', 'action': 'run_model', 'label': '392876c7-75f1-46d0-bb1c-06136e9856d1', 'context': [<snowplow_tracker.self_describing_json.SelfDescribingJson object at 0x7275a4745be0>]}
[0m15:32:12.980497 [info ] [Thread-1 (]: 1 of 4 OK created sql view model PUBLIC_STAGING.stg_taxi_trips_silver .......... [[32mSUCCESS 1[0m in 2.91s]
[0m15:32:12.981343 [debug] [Thread-1 (]: Finished running node model.dbt_taxiops.stg_taxi_trips_silver
[0m15:32:12.983542 [debug] [Thread-3 (]: Began running node model.dbt_taxiops.hourly_kpis
[0m15:32:12.984899 [debug] [Thread-4 (]: Began running node model.dbt_taxiops.payment_kpis
[0m15:32:12.987115 [debug] [Thread-2 (]: Began running node model.dbt_taxiops.vendor_kpis
[0m15:32:12.986201 [info ] [Thread-3 (]: 2 of 4 START sql table model PUBLIC_GOLD.hourly_kpis ........................... [RUN]
[0m15:32:12.988629 [info ] [Thread-4 (]: 3 of 4 START sql table model PUBLIC_GOLD.payment_kpis .......................... [RUN]
[0m15:32:12.989866 [info ] [Thread-2 (]: 4 of 4 START sql table model PUBLIC_GOLD.vendor_kpis ........................... [RUN]
[0m15:32:12.991495 [debug] [Thread-3 (]: Acquiring new snowflake connection 'model.dbt_taxiops.hourly_kpis'
[0m15:32:12.992961 [debug] [Thread-4 (]: Acquiring new snowflake connection 'model.dbt_taxiops.payment_kpis'
[0m15:32:12.994092 [debug] [Thread-2 (]: Re-using an available connection from the pool (formerly list_TAXIOPS_DB_PUBLIC_GOLD, now model.dbt_taxiops.vendor_kpis)
[0m15:32:12.994864 [debug] [Thread-3 (]: Began compiling node model.dbt_taxiops.hourly_kpis
[0m15:32:12.995737 [debug] [Thread-4 (]: Began compiling node model.dbt_taxiops.payment_kpis
[0m15:32:12.996437 [debug] [Thread-2 (]: Began compiling node model.dbt_taxiops.vendor_kpis
[0m15:32:13.000708 [debug] [Thread-3 (]: Writing injected SQL for node "model.dbt_taxiops.hourly_kpis"
[0m15:32:13.004563 [debug] [Thread-4 (]: Writing injected SQL for node "model.dbt_taxiops.payment_kpis"
[0m15:32:13.008662 [debug] [Thread-2 (]: Writing injected SQL for node "model.dbt_taxiops.vendor_kpis"
[0m15:32:13.011270 [debug] [Thread-3 (]: Timing info for model.dbt_taxiops.hourly_kpis (compile): 15:32:12.997017 => 15:32:13.010849
[0m15:32:13.012357 [debug] [Thread-3 (]: Began executing node model.dbt_taxiops.hourly_kpis
[0m15:32:13.013614 [debug] [Thread-4 (]: Timing info for model.dbt_taxiops.payment_kpis (compile): 15:32:13.001503 => 15:32:13.013265
[0m15:32:13.036365 [debug] [Thread-2 (]: Timing info for model.dbt_taxiops.vendor_kpis (compile): 15:32:13.005465 => 15:32:13.035979
[0m15:32:13.039421 [debug] [Thread-3 (]: Writing runtime sql for node "model.dbt_taxiops.hourly_kpis"
[0m15:32:13.040169 [debug] [Thread-4 (]: Began executing node model.dbt_taxiops.payment_kpis
[0m15:32:13.041514 [debug] [Thread-2 (]: Began executing node model.dbt_taxiops.vendor_kpis
[0m15:32:13.046467 [debug] [Thread-4 (]: Writing runtime sql for node "model.dbt_taxiops.payment_kpis"
[0m15:32:13.049506 [debug] [Thread-2 (]: Writing runtime sql for node "model.dbt_taxiops.vendor_kpis"
[0m15:32:13.051761 [debug] [Thread-3 (]: Using snowflake connection "model.dbt_taxiops.hourly_kpis"
[0m15:32:13.054091 [debug] [Thread-4 (]: Using snowflake connection "model.dbt_taxiops.payment_kpis"
[0m15:32:13.055735 [debug] [Thread-3 (]: On model.dbt_taxiops.hourly_kpis: /* {"app": "dbt", "dbt_version": "1.7.19", "profile_name": "dbt_taxiops", "target_name": "dev", "node_id": "model.dbt_taxiops.hourly_kpis"} */
create or replace transient table TAXIOPS_DB.PUBLIC_GOLD.hourly_kpis
         as
        (

select
    pickup_date,
    pickup_hour,
    count(*) as total_trips,
    round(sum(total_amount), 2) as total_revenue,
    round(avg(fare_amount), 2) as avg_fare_amount,
    round(avg(tip_amount), 2) as avg_tip_amount,
    round(avg(trip_distance), 2) as avg_trip_distance,
    round(avg(trip_duration_min), 2) as avg_trip_duration_min
from TAXIOPS_DB.PUBLIC_STAGING.stg_taxi_trips_silver
group by pickup_date, pickup_hour
order by pickup_date, pickup_hour
        );
[0m15:32:13.056660 [debug] [Thread-4 (]: On model.dbt_taxiops.payment_kpis: /* {"app": "dbt", "dbt_version": "1.7.19", "profile_name": "dbt_taxiops", "target_name": "dev", "node_id": "model.dbt_taxiops.payment_kpis"} */
create or replace transient table TAXIOPS_DB.PUBLIC_GOLD.payment_kpis
         as
        (

select
    pickup_date,
    payment_type,
    count(*) as total_trips,
    round(sum(total_amount), 2) as total_revenue,
    round(avg(fare_amount), 2) as avg_fare_amount,
    round(avg(tip_rate), 4) as avg_tip_rate
from TAXIOPS_DB.PUBLIC_STAGING.stg_taxi_trips_silver
group by pickup_date, payment_type
order by pickup_date, payment_type
        );
[0m15:32:13.057908 [debug] [Thread-2 (]: Using snowflake connection "model.dbt_taxiops.vendor_kpis"
[0m15:32:13.058730 [debug] [Thread-3 (]: Opening a new connection, currently in state init
[0m15:32:13.059679 [debug] [Thread-4 (]: Opening a new connection, currently in state init
[0m15:32:13.060911 [debug] [Thread-2 (]: On model.dbt_taxiops.vendor_kpis: /* {"app": "dbt", "dbt_version": "1.7.19", "profile_name": "dbt_taxiops", "target_name": "dev", "node_id": "model.dbt_taxiops.vendor_kpis"} */
create or replace transient table TAXIOPS_DB.PUBLIC_GOLD.vendor_kpis
         as
        (

select
    pickup_date,
    vendor_id,
    count(*) as total_trips,
    round(sum(total_amount), 2) as total_revenue,
    round(avg(trip_distance), 2) as avg_trip_distance,
    round(avg(fare_per_mile), 2) as avg_fare_per_mile,
    round(max(total_amount), 2) as max_trip_total
from TAXIOPS_DB.PUBLIC_STAGING.stg_taxi_trips_silver
group by pickup_date, vendor_id
order by pickup_date, vendor_id
        );
[0m15:32:13.096695 [debug] [Thread-2 (]: Opening a new connection, currently in state closed
[0m15:32:15.058828 [debug] [Thread-4 (]: SQL status: SUCCESS 1 in 2.0 seconds
[0m15:32:15.063296 [debug] [Thread-4 (]: Timing info for model.dbt_taxiops.payment_kpis (execute): 15:32:13.043163 => 15:32:15.062879
[0m15:32:15.063944 [debug] [Thread-4 (]: On model.dbt_taxiops.payment_kpis: Close
[0m15:32:15.146256 [debug] [Thread-4 (]: Sending event: {'category': 'dbt', 'action': 'run_model', 'label': '392876c7-75f1-46d0-bb1c-06136e9856d1', 'context': [<snowplow_tracker.self_describing_json.SelfDescribingJson object at 0x7275a7b52540>]}
[0m15:32:15.147443 [info ] [Thread-4 (]: 3 of 4 OK created sql table model PUBLIC_GOLD.payment_kpis ..................... [[32mSUCCESS 1[0m in 2.15s]
[0m15:32:15.148601 [debug] [Thread-4 (]: Finished running node model.dbt_taxiops.payment_kpis
[0m15:32:15.571034 [debug] [Thread-2 (]: SQL status: SUCCESS 1 in 2.0 seconds
[0m15:32:15.573961 [debug] [Thread-2 (]: Timing info for model.dbt_taxiops.vendor_kpis (execute): 15:32:13.047113 => 15:32:15.573633
[0m15:32:15.574649 [debug] [Thread-2 (]: On model.dbt_taxiops.vendor_kpis: Close
[0m15:32:15.655968 [debug] [Thread-2 (]: Sending event: {'category': 'dbt', 'action': 'run_model', 'label': '392876c7-75f1-46d0-bb1c-06136e9856d1', 'context': [<snowplow_tracker.self_describing_json.SelfDescribingJson object at 0x7275a7af5a30>]}
[0m15:32:15.656990 [info ] [Thread-2 (]: 4 of 4 OK created sql table model PUBLIC_GOLD.vendor_kpis ...................... [[32mSUCCESS 1[0m in 2.66s]
[0m15:32:15.658840 [debug] [Thread-2 (]: Finished running node model.dbt_taxiops.vendor_kpis
[0m15:32:15.660231 [debug] [Thread-3 (]: SQL status: SUCCESS 1 in 3.0 seconds
[0m15:32:15.663217 [debug] [Thread-3 (]: Timing info for model.dbt_taxiops.hourly_kpis (execute): 15:32:13.014157 => 15:32:15.663011
[0m15:32:15.663710 [debug] [Thread-3 (]: On model.dbt_taxiops.hourly_kpis: Close
[0m15:32:15.751087 [debug] [Thread-3 (]: Sending event: {'category': 'dbt', 'action': 'run_model', 'label': '392876c7-75f1-46d0-bb1c-06136e9856d1', 'context': [<snowplow_tracker.self_describing_json.SelfDescribingJson object at 0x7275a7abcb90>]}
[0m15:32:15.751877 [info ] [Thread-3 (]: 2 of 4 OK created sql table model PUBLIC_GOLD.hourly_kpis ...................... [[32mSUCCESS 1[0m in 2.76s]
[0m15:32:15.752509 [debug] [Thread-3 (]: Finished running node model.dbt_taxiops.hourly_kpis
[0m15:32:15.756767 [debug] [MainThread]: Connection 'master' was properly closed.
[0m15:32:15.757328 [debug] [MainThread]: Connection 'model.dbt_taxiops.stg_taxi_trips_silver' was properly closed.
[0m15:32:15.757666 [debug] [MainThread]: Connection 'model.dbt_taxiops.vendor_kpis' was properly closed.
[0m15:32:15.758126 [debug] [MainThread]: Connection 'model.dbt_taxiops.hourly_kpis' was properly closed.
[0m15:32:15.758491 [debug] [MainThread]: Connection 'model.dbt_taxiops.payment_kpis' was properly closed.
[0m15:32:15.759025 [info ] [MainThread]: 
[0m15:32:15.759728 [info ] [MainThread]: Finished running 1 view model, 3 table models in 0 hours 0 minutes and 17.66 seconds (17.66s).
[0m15:32:15.761162 [debug] [MainThread]: Command end result
[0m15:32:15.777353 [info ] [MainThread]: 
[0m15:32:15.778238 [info ] [MainThread]: [32mCompleted successfully[0m
[0m15:32:15.778848 [info ] [MainThread]: 
[0m15:32:15.779562 [info ] [MainThread]: Done. PASS=4 WARN=0 ERROR=0 SKIP=0 TOTAL=4
[0m15:32:15.781593 [debug] [MainThread]: Resource report: {"command_name": "run", "command_success": true, "command_wall_clock_time": 21.769144, "process_user_time": 5.207046, "process_kernel_time": 2.256912, "process_mem_max_rss": "168324", "process_in_blocks": "102840", "process_out_blocks": "2920"}
[0m15:32:15.782530 [debug] [MainThread]: Command `dbt run` succeeded at 15:32:15.782317 after 21.77 seconds
[0m15:32:15.783192 [debug] [MainThread]: Sending event: {'category': 'dbt', 'action': 'invocation', 'label': 'end', 'context': [<snowplow_tracker.self_describing_json.SelfDescribingJson object at 0x7275dfb3cd40>, <snowplow_tracker.self_describing_json.SelfDescribingJson object at 0x7275df797800>, <snowplow_tracker.self_describing_json.SelfDescribingJson object at 0x7275e26858b0>]}
[0m15:32:15.783760 [debug] [MainThread]: Flushing usage events
[0m02:52:43.791146 [debug] [MainThread]: Sending event: {'category': 'dbt', 'action': 'invocation', 'label': 'start', 'context': [<snowplow_tracker.self_describing_json.SelfDescribingJson object at 0x785da2dc5e20>, <snowplow_tracker.self_describing_json.SelfDescribingJson object at 0x785da317aab0>, <snowplow_tracker.self_describing_json.SelfDescribingJson object at 0x785da29a88f0>]}


============================== 02:52:43.802668 | 0ac1ae41-67d2-426e-869b-ce5ac5187025 ==============================
[0m02:52:43.802668 [info ] [MainThread]: Running with dbt=1.7.19
[0m02:52:43.803439 [debug] [MainThread]: running dbt with arguments {'printer_width': '80', 'indirect_selection': 'eager', 'log_cache_events': 'False', 'write_json': 'True', 'partial_parse': 'True', 'cache_selected_only': 'False', 'warn_error': 'None', 'version_check': 'True', 'profiles_dir': '/home/hiron/.dbt', 'log_path': '/home/hiron/Tega-Michael-Brian-Project/dbt_taxiops/logs', 'debug': 'False', 'fail_fast': 'False', 'use_colors': 'True', 'use_experimental_parser': 'False', 'no_print': 'None', 'quiet': 'False', 'log_format': 'default', 'invocation_command': 'dbt run --select stg_taxi_trips_silver dim_date dim_payment_type dim_vendor hourly_kpis payment_kpis vendor_kpis airport_kpis', 'introspect': 'True', 'static_parser': 'True', 'target_path': 'None', 'warn_error_options': 'WarnErrorOptions(include=[], exclude=[])', 'send_anonymous_usage_stats': 'True'}
[0m02:52:44.929850 [debug] [MainThread]: Sending event: {'category': 'dbt', 'action': 'project_id', 'label': '0ac1ae41-67d2-426e-869b-ce5ac5187025', 'context': [<snowplow_tracker.self_describing_json.SelfDescribingJson object at 0x785da18baa80>]}
[0m02:52:44.987368 [debug] [MainThread]: Sending event: {'category': 'dbt', 'action': 'adapter_info', 'label': '0ac1ae41-67d2-426e-869b-ce5ac5187025', 'context': [<snowplow_tracker.self_describing_json.SelfDescribingJson object at 0x785da2df0860>]}
[0m02:52:44.989451 [info ] [MainThread]: Registered adapter: snowflake=1.7.5
[0m02:52:45.001485 [debug] [MainThread]: checksum: a8d43cdff37d0f32d7fbe4c5c25bea4bb6c86e162f8ce8fdb1a38cdcf7495431, vars: {}, profile: , target: , version: 1.7.19
[0m02:52:45.150423 [debug] [MainThread]: Partial parsing enabled: 0 files deleted, 5 files added, 5 files changed.
[0m02:52:45.151079 [debug] [MainThread]: Partial parsing: added file: dbt_taxiops://models/dimentions/dim_vendor.sql
[0m02:52:45.151441 [debug] [MainThread]: Partial parsing: added file: dbt_taxiops://models/dimentions/dim_date.sql
[0m02:52:45.151794 [debug] [MainThread]: Partial parsing: added file: dbt_taxiops://models/marts/time_bucket_kpis.sql
[0m02:52:45.152144 [debug] [MainThread]: Partial parsing: added file: dbt_taxiops://models/dimentions/dim_payment_type.sql
[0m02:52:45.152526 [debug] [MainThread]: Partial parsing: added file: dbt_taxiops://models/marts/airport_kpis.sql
[0m02:52:45.153287 [debug] [MainThread]: Partial parsing: updated file: dbt_taxiops://models/marts/marts.yml
[0m02:52:45.153720 [debug] [MainThread]: Partial parsing: updated file: dbt_taxiops://models/marts/payment_kpis.sql
[0m02:52:45.154096 [debug] [MainThread]: Partial parsing: updated file: dbt_taxiops://models/marts/hourly_kpis.sql
[0m02:52:45.154471 [debug] [MainThread]: Partial parsing: updated file: dbt_taxiops://models/marts/vendor_kpis.sql
[0m02:52:45.154963 [debug] [MainThread]: Partial parsing: updated file: dbt_taxiops://models/staging/stg_taxi_trips_silver.sql
[0m02:52:45.544974 [debug] [MainThread]: Sending event: {'category': 'dbt', 'action': 'load_project', 'label': '0ac1ae41-67d2-426e-869b-ce5ac5187025', 'context': [<snowplow_tracker.self_describing_json.SelfDescribingJson object at 0x785da0e02ab0>]}
[0m02:52:45.560700 [debug] [MainThread]: Sending event: {'category': 'dbt', 'action': 'resource_counts', 'label': '0ac1ae41-67d2-426e-869b-ce5ac5187025', 'context': [<snowplow_tracker.self_describing_json.SelfDescribingJson object at 0x785da10741a0>]}
[0m02:52:45.561473 [info ] [MainThread]: Found 15 tests, 9 models, 1 source, 0 exposures, 0 metrics, 431 macros, 0 groups, 0 semantic models
[0m02:52:45.561973 [debug] [MainThread]: Sending event: {'category': 'dbt', 'action': 'runnable_timing', 'label': '0ac1ae41-67d2-426e-869b-ce5ac5187025', 'context': [<snowplow_tracker.self_describing_json.SelfDescribingJson object at 0x785da0e6f410>]}
[0m02:52:45.564651 [info ] [MainThread]: 
[0m02:52:45.565827 [debug] [MainThread]: Acquiring new snowflake connection 'master'
[0m02:52:45.568265 [debug] [ThreadPool]: Acquiring new snowflake connection 'list_TAXIOPS_DB'
[0m02:52:45.576364 [debug] [ThreadPool]: Acquiring new snowflake connection 'list_TAXIOPS_DB'
[0m02:52:45.596640 [debug] [ThreadPool]: Using snowflake connection "list_TAXIOPS_DB"
[0m02:52:45.597970 [debug] [ThreadPool]: Using snowflake connection "list_TAXIOPS_DB"
[0m02:52:45.599351 [debug] [ThreadPool]: On list_TAXIOPS_DB: /* {"app": "dbt", "dbt_version": "1.7.19", "profile_name": "dbt_taxiops", "target_name": "dev", "connection_name": "list_TAXIOPS_DB"} */
show terse schemas in database TAXIOPS_DB
    limit 10000
[0m02:52:45.600401 [debug] [ThreadPool]: Acquiring new snowflake connection 'list_TAXIOPS_DB'
[0m02:52:45.601678 [debug] [ThreadPool]: On list_TAXIOPS_DB: /* {"app": "dbt", "dbt_version": "1.7.19", "profile_name": "dbt_taxiops", "target_name": "dev", "connection_name": "list_TAXIOPS_DB"} */
show terse schemas in database TAXIOPS_DB
    limit 10000
[0m02:52:45.602332 [debug] [ThreadPool]: Opening a new connection, currently in state init
[0m02:52:45.605325 [debug] [ThreadPool]: Using snowflake connection "list_TAXIOPS_DB"
[0m02:52:45.605992 [debug] [ThreadPool]: Opening a new connection, currently in state init
[0m02:52:45.608467 [debug] [ThreadPool]: On list_TAXIOPS_DB: /* {"app": "dbt", "dbt_version": "1.7.19", "profile_name": "dbt_taxiops", "target_name": "dev", "connection_name": "list_TAXIOPS_DB"} */
show terse schemas in database TAXIOPS_DB
    limit 10000
[0m02:52:45.611494 [debug] [ThreadPool]: Opening a new connection, currently in state init
[0m02:52:50.950249 [debug] [ThreadPool]: SQL status: SUCCESS 3 in 5.0 seconds
[0m02:52:50.952885 [debug] [ThreadPool]: On list_TAXIOPS_DB: Close
[0m02:52:50.954832 [debug] [ThreadPool]: SQL status: SUCCESS 3 in 5.0 seconds
[0m02:52:50.958715 [debug] [ThreadPool]: On list_TAXIOPS_DB: Close
[0m02:52:51.035923 [debug] [ThreadPool]: SQL status: SUCCESS 3 in 5.0 seconds
[0m02:52:51.038075 [debug] [ThreadPool]: On list_TAXIOPS_DB: Close
[0m02:52:51.109877 [debug] [ThreadPool]: Re-using an available connection from the pool (formerly list_TAXIOPS_DB, now create_TAXIOPS_DB_PUBLIC_STAGING)
[0m02:52:51.111316 [debug] [ThreadPool]: Re-using an available connection from the pool (formerly list_TAXIOPS_DB, now create_TAXIOPS_DB_PUBLIC_GOLD)
[0m02:52:51.112735 [debug] [ThreadPool]: Creating schema "database: "TAXIOPS_DB"
schema: "PUBLIC_STAGING"
"
[0m02:52:51.114171 [debug] [ThreadPool]: Creating schema "database: "TAXIOPS_DB"
schema: "PUBLIC_GOLD"
"
[0m02:52:51.121279 [debug] [ThreadPool]: Using snowflake connection "create_TAXIOPS_DB_PUBLIC_STAGING"
[0m02:52:51.125623 [debug] [ThreadPool]: Using snowflake connection "create_TAXIOPS_DB_PUBLIC_GOLD"
[0m02:52:51.126692 [debug] [ThreadPool]: On create_TAXIOPS_DB_PUBLIC_STAGING: /* {"app": "dbt", "dbt_version": "1.7.19", "profile_name": "dbt_taxiops", "target_name": "dev", "connection_name": "create_TAXIOPS_DB_PUBLIC_STAGING"} */
create schema if not exists TAXIOPS_DB.PUBLIC_STAGING
[0m02:52:51.127248 [debug] [ThreadPool]: On create_TAXIOPS_DB_PUBLIC_GOLD: /* {"app": "dbt", "dbt_version": "1.7.19", "profile_name": "dbt_taxiops", "target_name": "dev", "connection_name": "create_TAXIOPS_DB_PUBLIC_GOLD"} */
create schema if not exists TAXIOPS_DB.PUBLIC_GOLD
[0m02:52:51.127867 [debug] [ThreadPool]: Opening a new connection, currently in state closed
[0m02:52:51.128709 [debug] [ThreadPool]: Opening a new connection, currently in state closed
[0m02:52:53.453027 [debug] [ThreadPool]: SQL status: SUCCESS 1 in 2.0 seconds
[0m02:52:53.454491 [debug] [ThreadPool]: On create_TAXIOPS_DB_PUBLIC_STAGING: Close
[0m02:52:53.510623 [debug] [ThreadPool]: SQL status: SUCCESS 1 in 2.0 seconds
[0m02:52:53.511940 [debug] [ThreadPool]: On create_TAXIOPS_DB_PUBLIC_GOLD: Close
[0m02:52:53.615269 [debug] [ThreadPool]: Re-using an available connection from the pool (formerly create_TAXIOPS_DB_PUBLIC_GOLD, now list_TAXIOPS_DB_PUBLIC_STAGING)
[0m02:52:53.617237 [debug] [ThreadPool]: Re-using an available connection from the pool (formerly create_TAXIOPS_DB_PUBLIC_STAGING, now list_TAXIOPS_DB_PUBLIC)
[0m02:52:53.624608 [debug] [ThreadPool]: Re-using an available connection from the pool (formerly list_TAXIOPS_DB, now list_TAXIOPS_DB_PUBLIC_GOLD)
[0m02:52:53.629194 [debug] [ThreadPool]: Using snowflake connection "list_TAXIOPS_DB_PUBLIC_STAGING"
[0m02:52:53.631761 [debug] [ThreadPool]: Using snowflake connection "list_TAXIOPS_DB_PUBLIC"
[0m02:52:53.635216 [debug] [ThreadPool]: Using snowflake connection "list_TAXIOPS_DB_PUBLIC_GOLD"
[0m02:52:53.635964 [debug] [ThreadPool]: On list_TAXIOPS_DB_PUBLIC_STAGING: /* {"app": "dbt", "dbt_version": "1.7.19", "profile_name": "dbt_taxiops", "target_name": "dev", "connection_name": "list_TAXIOPS_DB_PUBLIC_STAGING"} */
show objects in TAXIOPS_DB.PUBLIC_STAGING limit 10000
[0m02:52:53.636965 [debug] [ThreadPool]: On list_TAXIOPS_DB_PUBLIC: /* {"app": "dbt", "dbt_version": "1.7.19", "profile_name": "dbt_taxiops", "target_name": "dev", "connection_name": "list_TAXIOPS_DB_PUBLIC"} */
show objects in TAXIOPS_DB.PUBLIC limit 10000
[0m02:52:53.638047 [debug] [ThreadPool]: On list_TAXIOPS_DB_PUBLIC_GOLD: /* {"app": "dbt", "dbt_version": "1.7.19", "profile_name": "dbt_taxiops", "target_name": "dev", "connection_name": "list_TAXIOPS_DB_PUBLIC_GOLD"} */
show objects in TAXIOPS_DB.PUBLIC_GOLD limit 10000
[0m02:52:53.638556 [debug] [ThreadPool]: Opening a new connection, currently in state closed
[0m02:52:53.639034 [debug] [ThreadPool]: Opening a new connection, currently in state closed
[0m02:52:53.639804 [debug] [ThreadPool]: Opening a new connection, currently in state closed
[0m02:52:56.058368 [debug] [ThreadPool]: SQL status: SUCCESS 0 in 2.0 seconds
[0m02:52:56.060544 [debug] [ThreadPool]: On list_TAXIOPS_DB_PUBLIC_GOLD: Close
[0m02:52:56.766948 [debug] [ThreadPool]: SQL status: SUCCESS 0 in 3.0 seconds
[0m02:52:56.768718 [debug] [ThreadPool]: On list_TAXIOPS_DB_PUBLIC: Close
[0m02:52:57.001957 [debug] [ThreadPool]: SQL status: SUCCESS 0 in 3.0 seconds
[0m02:52:57.003988 [debug] [ThreadPool]: On list_TAXIOPS_DB_PUBLIC_STAGING: Close
[0m02:52:57.082559 [debug] [MainThread]: Sending event: {'category': 'dbt', 'action': 'runnable_timing', 'label': '0ac1ae41-67d2-426e-869b-ce5ac5187025', 'context': [<snowplow_tracker.self_describing_json.SelfDescribingJson object at 0x785da1a84140>]}
[0m02:52:57.083826 [info ] [MainThread]: Concurrency: 4 threads (target='dev')
[0m02:52:57.084820 [info ] [MainThread]: 
[0m02:52:57.093471 [debug] [Thread-1 (]: Began running node model.dbt_taxiops.stg_taxi_trips_silver
[0m02:52:57.095051 [info ] [Thread-1 (]: 1 of 8 START sql view model PUBLIC_STAGING.stg_taxi_trips_silver ............... [RUN]
[0m02:52:57.096288 [debug] [Thread-1 (]: Re-using an available connection from the pool (formerly list_TAXIOPS_DB_PUBLIC_STAGING, now model.dbt_taxiops.stg_taxi_trips_silver)
[0m02:52:57.096971 [debug] [Thread-1 (]: Began compiling node model.dbt_taxiops.stg_taxi_trips_silver
[0m02:52:57.106518 [debug] [Thread-1 (]: Writing injected SQL for node "model.dbt_taxiops.stg_taxi_trips_silver"
[0m02:52:57.107743 [debug] [Thread-1 (]: Timing info for model.dbt_taxiops.stg_taxi_trips_silver (compile): 02:52:57.097638 => 02:52:57.107361
[0m02:52:57.108262 [debug] [Thread-1 (]: Began executing node model.dbt_taxiops.stg_taxi_trips_silver
[0m02:52:57.139463 [debug] [Thread-1 (]: Writing runtime sql for node "model.dbt_taxiops.stg_taxi_trips_silver"
[0m02:52:57.141786 [debug] [Thread-1 (]: Using snowflake connection "model.dbt_taxiops.stg_taxi_trips_silver"
[0m02:52:57.142347 [debug] [Thread-1 (]: On model.dbt_taxiops.stg_taxi_trips_silver: /* {"app": "dbt", "dbt_version": "1.7.19", "profile_name": "dbt_taxiops", "target_name": "dev", "node_id": "model.dbt_taxiops.stg_taxi_trips_silver"} */
create or replace   view TAXIOPS_DB.PUBLIC_STAGING.stg_taxi_trips_silver
  
   as (
    

select
    event_id,
    schema_version,

    vendor_id,
    payment_type,
    ratecode_id,
    store_and_fwd_flag,

    pickup_datetime,
    dropoff_datetime,
    pickup_ts,
    dropoff_ts,
    event_ts,

    passenger_count,
    trip_distance,
    fare_amount,
    tip_amount,
    total_amount,
    extra,
    mta_tax,
    tolls_amount,
    improvement_surcharge,
    congestion_surcharge,
    airport_fee,

    pickup_location_id,
    dropoff_location_id,

    cast(pickup_ts as date) as pickup_date,
    date_part('hour', pickup_ts) as pickup_hour,

    round(datediff('second', pickup_ts, dropoff_ts) / 60.0, 2) as trip_duration_min,

    case
        when fare_amount > 0 then round(tip_amount / fare_amount, 4)
        else 0.0
    end as tip_rate,

    case
        when trip_distance > 0 then round(fare_amount / trip_distance, 2)
        else 0.0
    end as fare_per_mile,

    case
        when pickup_location_id in (132, 138) or dropoff_location_id in (132, 138) then true
        else false
    end as is_airport_trip,

    case
        when date_part('hour', pickup_ts) between 6 and 10 then 'morning'
        when date_part('hour', pickup_ts) between 11 and 15 then 'midday'
        when date_part('hour', pickup_ts) between 16 and 20 then 'evening'
        else 'overnight'
    end as trip_time_bucket

from TAXIOPS_DB.RAW.taxi_trips_silver
where pickup_ts is not null
  and dropoff_ts is not null
  and total_amount >= 0
  and fare_amount >= 0
  and trip_distance > 0
  and dropoff_ts > pickup_ts
  );
[0m02:52:57.142760 [debug] [Thread-1 (]: Opening a new connection, currently in state closed
[0m02:53:00.469061 [debug] [Thread-1 (]: SQL status: SUCCESS 1 in 3.0 seconds
[0m02:53:00.487314 [debug] [Thread-1 (]: Timing info for model.dbt_taxiops.stg_taxi_trips_silver (execute): 02:52:57.108670 => 02:53:00.487102
[0m02:53:00.487852 [debug] [Thread-1 (]: On model.dbt_taxiops.stg_taxi_trips_silver: Close
[0m02:53:00.560187 [debug] [Thread-1 (]: Sending event: {'category': 'dbt', 'action': 'run_model', 'label': '0ac1ae41-67d2-426e-869b-ce5ac5187025', 'context': [<snowplow_tracker.self_describing_json.SelfDescribingJson object at 0x785d842df3b0>]}
[0m02:53:00.561207 [info ] [Thread-1 (]: 1 of 8 OK created sql view model PUBLIC_STAGING.stg_taxi_trips_silver .......... [[32mSUCCESS 1[0m in 3.46s]
[0m02:53:00.562063 [debug] [Thread-1 (]: Finished running node model.dbt_taxiops.stg_taxi_trips_silver
[0m02:53:00.564433 [debug] [Thread-3 (]: Began running node model.dbt_taxiops.airport_kpis
[0m02:53:00.565175 [debug] [Thread-4 (]: Began running node model.dbt_taxiops.dim_date
[0m02:53:00.565961 [debug] [Thread-2 (]: Began running node model.dbt_taxiops.dim_payment_type
[0m02:53:00.568045 [debug] [Thread-1 (]: Began running node model.dbt_taxiops.dim_vendor
[0m02:53:00.567247 [info ] [Thread-3 (]: 2 of 8 START sql table model PUBLIC_GOLD.airport_kpis .......................... [RUN]
[0m02:53:00.569330 [info ] [Thread-4 (]: 3 of 8 START sql table model PUBLIC.dim_date ................................... [RUN]
[0m02:53:00.570364 [info ] [Thread-2 (]: 4 of 8 START sql table model PUBLIC.dim_payment_type ........................... [RUN]
[0m02:53:00.571478 [info ] [Thread-1 (]: 5 of 8 START sql table model PUBLIC.dim_vendor ................................. [RUN]
[0m02:53:00.572813 [debug] [Thread-3 (]: Re-using an available connection from the pool (formerly list_TAXIOPS_DB_PUBLIC_GOLD, now model.dbt_taxiops.airport_kpis)
[0m02:53:00.574329 [debug] [Thread-4 (]: Acquiring new snowflake connection 'model.dbt_taxiops.dim_date'
[0m02:53:00.576115 [debug] [Thread-2 (]: Re-using an available connection from the pool (formerly list_TAXIOPS_DB_PUBLIC, now model.dbt_taxiops.dim_payment_type)
[0m02:53:00.578045 [debug] [Thread-1 (]: Re-using an available connection from the pool (formerly model.dbt_taxiops.stg_taxi_trips_silver, now model.dbt_taxiops.dim_vendor)
[0m02:53:00.579087 [debug] [Thread-3 (]: Began compiling node model.dbt_taxiops.airport_kpis
[0m02:53:00.580076 [debug] [Thread-4 (]: Began compiling node model.dbt_taxiops.dim_date
[0m02:53:00.580994 [debug] [Thread-2 (]: Began compiling node model.dbt_taxiops.dim_payment_type
[0m02:53:00.581931 [debug] [Thread-1 (]: Began compiling node model.dbt_taxiops.dim_vendor
[0m02:53:00.586217 [debug] [Thread-3 (]: Writing injected SQL for node "model.dbt_taxiops.airport_kpis"
[0m02:53:00.590534 [debug] [Thread-4 (]: Writing injected SQL for node "model.dbt_taxiops.dim_date"
[0m02:53:00.594944 [debug] [Thread-2 (]: Writing injected SQL for node "model.dbt_taxiops.dim_payment_type"
[0m02:53:00.600152 [debug] [Thread-1 (]: Writing injected SQL for node "model.dbt_taxiops.dim_vendor"
[0m02:53:00.601957 [debug] [Thread-3 (]: Timing info for model.dbt_taxiops.airport_kpis (compile): 02:53:00.582656 => 02:53:00.601557
[0m02:53:00.604969 [debug] [Thread-3 (]: Began executing node model.dbt_taxiops.airport_kpis
[0m02:53:00.606676 [debug] [Thread-2 (]: Timing info for model.dbt_taxiops.dim_payment_type (compile): 02:53:00.591413 => 02:53:00.606101
[0m02:53:00.607969 [debug] [Thread-4 (]: Timing info for model.dbt_taxiops.dim_date (compile): 02:53:00.586928 => 02:53:00.607524
[0m02:53:00.608834 [debug] [Thread-1 (]: Timing info for model.dbt_taxiops.dim_vendor (compile): 02:53:00.595768 => 02:53:00.608446
[0m02:53:00.626000 [debug] [Thread-2 (]: Began executing node model.dbt_taxiops.dim_payment_type
[0m02:53:00.632454 [debug] [Thread-3 (]: Writing runtime sql for node "model.dbt_taxiops.airport_kpis"
[0m02:53:00.633450 [debug] [Thread-4 (]: Began executing node model.dbt_taxiops.dim_date
[0m02:53:00.634643 [debug] [Thread-1 (]: Began executing node model.dbt_taxiops.dim_vendor
[0m02:53:00.638300 [debug] [Thread-2 (]: Writing runtime sql for node "model.dbt_taxiops.dim_payment_type"
[0m02:53:00.642681 [debug] [Thread-4 (]: Writing runtime sql for node "model.dbt_taxiops.dim_date"
[0m02:53:00.644446 [debug] [Thread-3 (]: Using snowflake connection "model.dbt_taxiops.airport_kpis"
[0m02:53:00.647372 [debug] [Thread-1 (]: Writing runtime sql for node "model.dbt_taxiops.dim_vendor"
[0m02:53:00.649166 [debug] [Thread-3 (]: On model.dbt_taxiops.airport_kpis: /* {"app": "dbt", "dbt_version": "1.7.19", "profile_name": "dbt_taxiops", "target_name": "dev", "node_id": "model.dbt_taxiops.airport_kpis"} */
create or replace transient table TAXIOPS_DB.PUBLIC_GOLD.airport_kpis
         as
        (

select
    pickup_date,
    is_airport_trip,

    count(*) as total_trips,
    round(sum(total_amount), 2) as total_revenue,
    round(avg(fare_amount), 2) as avg_fare_amount,
    round(avg(trip_distance), 2) as avg_trip_distance,
    round(avg(trip_duration_min), 2) as avg_trip_duration_min

from TAXIOPS_DB.PUBLIC_STAGING.stg_taxi_trips_silver
group by pickup_date, is_airport_trip
order by pickup_date, is_airport_trip
        );
[0m02:53:00.651225 [debug] [Thread-4 (]: Using snowflake connection "model.dbt_taxiops.dim_date"
[0m02:53:00.652401 [debug] [Thread-3 (]: Opening a new connection, currently in state closed
[0m02:53:00.653412 [debug] [Thread-2 (]: Using snowflake connection "model.dbt_taxiops.dim_payment_type"
[0m02:53:00.654570 [debug] [Thread-4 (]: On model.dbt_taxiops.dim_date: /* {"app": "dbt", "dbt_version": "1.7.19", "profile_name": "dbt_taxiops", "target_name": "dev", "node_id": "model.dbt_taxiops.dim_date"} */
create or replace transient table TAXIOPS_DB.PUBLIC.dim_date
         as
        (

select distinct
    pickup_date as date_key,
    extract(year from pickup_date) as year,
    extract(month from pickup_date) as month_num,
    to_char(pickup_date, 'Mon') as month_name,
    extract(day from pickup_date) as day_of_month,
    extract(dow from pickup_date) as day_of_week_num,
    case
        when extract(dow from pickup_date) in (0, 6) then true
        else false
    end as is_weekend
from TAXIOPS_DB.PUBLIC_STAGING.stg_taxi_trips_silver
where pickup_date is not null
        );
[0m02:53:00.655495 [debug] [Thread-1 (]: Using snowflake connection "model.dbt_taxiops.dim_vendor"
[0m02:53:00.666191 [debug] [Thread-2 (]: On model.dbt_taxiops.dim_payment_type: /* {"app": "dbt", "dbt_version": "1.7.19", "profile_name": "dbt_taxiops", "target_name": "dev", "node_id": "model.dbt_taxiops.dim_payment_type"} */
create or replace transient table TAXIOPS_DB.PUBLIC.dim_payment_type
         as
        (

select distinct
    payment_type,
    case
        when payment_type = '1' then 'Credit Card'
        when payment_type = '2' then 'Cash'
        when payment_type = '3' then 'No Charge'
        when payment_type = '4' then 'Dispute'
        when payment_type = '5' then 'Unknown'
        when payment_type = '6' then 'Voided Trip'
        else 'Other'
    end as payment_type_desc
from TAXIOPS_DB.PUBLIC_STAGING.stg_taxi_trips_silver
where payment_type is not null
        );
[0m02:53:00.674759 [debug] [Thread-4 (]: Opening a new connection, currently in state init
[0m02:53:00.677152 [debug] [Thread-1 (]: On model.dbt_taxiops.dim_vendor: /* {"app": "dbt", "dbt_version": "1.7.19", "profile_name": "dbt_taxiops", "target_name": "dev", "node_id": "model.dbt_taxiops.dim_vendor"} */
create or replace transient table TAXIOPS_DB.PUBLIC.dim_vendor
         as
        (

select distinct
    vendor_id,
    case
        when vendor_id = '1' then 'Creative Mobile Technologies'
        when vendor_id = '2' then 'VeriFone'
        else 'Unknown Vendor'
    end as vendor_name
from TAXIOPS_DB.PUBLIC_STAGING.stg_taxi_trips_silver
where vendor_id is not null
        );
[0m02:53:00.680891 [debug] [Thread-2 (]: Opening a new connection, currently in state closed
[0m02:53:00.689929 [debug] [Thread-1 (]: Opening a new connection, currently in state closed
[0m02:53:04.048932 [debug] [Thread-3 (]: SQL status: SUCCESS 1 in 3.0 seconds
[0m02:53:04.052418 [debug] [Thread-3 (]: Timing info for model.dbt_taxiops.airport_kpis (execute): 02:53:00.609453 => 02:53:04.052160
[0m02:53:04.053236 [debug] [Thread-3 (]: On model.dbt_taxiops.airport_kpis: Close
[0m02:53:04.061267 [debug] [Thread-4 (]: SQL status: SUCCESS 1 in 3.0 seconds
[0m02:53:04.065253 [debug] [Thread-4 (]: Timing info for model.dbt_taxiops.dim_date (execute): 02:53:00.639193 => 02:53:04.064879
[0m02:53:04.066038 [debug] [Thread-4 (]: On model.dbt_taxiops.dim_date: Close
[0m02:53:04.134588 [debug] [Thread-4 (]: Sending event: {'category': 'dbt', 'action': 'run_model', 'label': '0ac1ae41-67d2-426e-869b-ce5ac5187025', 'context': [<snowplow_tracker.self_describing_json.SelfDescribingJson object at 0x785d845876e0>]}
[0m02:53:04.136468 [debug] [Thread-3 (]: Sending event: {'category': 'dbt', 'action': 'run_model', 'label': '0ac1ae41-67d2-426e-869b-ce5ac5187025', 'context': [<snowplow_tracker.self_describing_json.SelfDescribingJson object at 0x785d84587ef0>]}
[0m02:53:04.137686 [info ] [Thread-4 (]: 3 of 8 OK created sql table model PUBLIC.dim_date .............................. [[32mSUCCESS 1[0m in 3.56s]
[0m02:53:04.139050 [info ] [Thread-3 (]: 2 of 8 OK created sql table model PUBLIC_GOLD.airport_kpis ..................... [[32mSUCCESS 1[0m in 3.56s]
[0m02:53:04.140342 [debug] [Thread-4 (]: Finished running node model.dbt_taxiops.dim_date
[0m02:53:04.141550 [debug] [Thread-3 (]: Finished running node model.dbt_taxiops.airport_kpis
[0m02:53:04.142438 [debug] [Thread-4 (]: Began running node model.dbt_taxiops.hourly_kpis
[0m02:53:04.144779 [info ] [Thread-4 (]: 6 of 8 START sql table model PUBLIC_GOLD.hourly_kpis ........................... [RUN]
[0m02:53:04.145952 [debug] [Thread-4 (]: Re-using an available connection from the pool (formerly model.dbt_taxiops.dim_date, now model.dbt_taxiops.hourly_kpis)
[0m02:53:04.146519 [debug] [Thread-4 (]: Began compiling node model.dbt_taxiops.hourly_kpis
[0m02:53:04.150838 [debug] [Thread-4 (]: Writing injected SQL for node "model.dbt_taxiops.hourly_kpis"
[0m02:53:04.152211 [debug] [Thread-4 (]: Timing info for model.dbt_taxiops.hourly_kpis (compile): 02:53:04.146854 => 02:53:04.151824
[0m02:53:04.152773 [debug] [Thread-4 (]: Began executing node model.dbt_taxiops.hourly_kpis
[0m02:53:04.156182 [debug] [Thread-4 (]: Writing runtime sql for node "model.dbt_taxiops.hourly_kpis"
[0m02:53:04.157723 [debug] [Thread-4 (]: Using snowflake connection "model.dbt_taxiops.hourly_kpis"
[0m02:53:04.158404 [debug] [Thread-4 (]: On model.dbt_taxiops.hourly_kpis: /* {"app": "dbt", "dbt_version": "1.7.19", "profile_name": "dbt_taxiops", "target_name": "dev", "node_id": "model.dbt_taxiops.hourly_kpis"} */
create or replace transient table TAXIOPS_DB.PUBLIC_GOLD.hourly_kpis
         as
        (

select
    pickup_date,
    pickup_hour,
    count(*) as total_trips,
    round(sum(total_amount), 2) as total_revenue,
    round(avg(fare_amount), 2) as avg_fare_amount,
    round(avg(tip_amount), 2) as avg_tip_amount,
    round(avg(trip_distance), 2) as avg_trip_distance,
    round(avg(trip_duration_min), 2) as avg_trip_duration_min,
    round(avg(fare_per_mile), 2) as avg_fare_per_mile,
    round(avg(tip_rate), 4) as avg_tip_rate
from TAXIOPS_DB.PUBLIC_STAGING.stg_taxi_trips_silver
group by pickup_date, pickup_hour
order by pickup_date, pickup_hour
        );
[0m02:53:04.158958 [debug] [Thread-4 (]: Opening a new connection, currently in state closed
[0m02:53:04.832833 [debug] [Thread-2 (]: SQL status: SUCCESS 1 in 4.0 seconds
[0m02:53:04.836048 [debug] [Thread-2 (]: Timing info for model.dbt_taxiops.dim_payment_type (execute): 02:53:00.635339 => 02:53:04.835798
[0m02:53:04.836616 [debug] [Thread-2 (]: On model.dbt_taxiops.dim_payment_type: Close
[0m02:53:04.928099 [debug] [Thread-2 (]: Sending event: {'category': 'dbt', 'action': 'run_model', 'label': '0ac1ae41-67d2-426e-869b-ce5ac5187025', 'context': [<snowplow_tracker.self_describing_json.SelfDescribingJson object at 0x785d8436f560>]}
[0m02:53:04.928998 [info ] [Thread-2 (]: 4 of 8 OK created sql table model PUBLIC.dim_payment_type ...................... [[32mSUCCESS 1[0m in 4.35s]
[0m02:53:04.929817 [debug] [Thread-2 (]: Finished running node model.dbt_taxiops.dim_payment_type
[0m02:53:04.931070 [debug] [Thread-3 (]: Began running node model.dbt_taxiops.payment_kpis
[0m02:53:04.931693 [info ] [Thread-3 (]: 7 of 8 START sql table model PUBLIC_GOLD.payment_kpis .......................... [RUN]
[0m02:53:04.932563 [debug] [Thread-3 (]: Re-using an available connection from the pool (formerly model.dbt_taxiops.airport_kpis, now model.dbt_taxiops.payment_kpis)
[0m02:53:04.933240 [debug] [Thread-3 (]: Began compiling node model.dbt_taxiops.payment_kpis
[0m02:53:04.937316 [debug] [Thread-3 (]: Writing injected SQL for node "model.dbt_taxiops.payment_kpis"
[0m02:53:04.938626 [debug] [Thread-3 (]: Timing info for model.dbt_taxiops.payment_kpis (compile): 02:53:04.933564 => 02:53:04.938268
[0m02:53:04.939196 [debug] [Thread-3 (]: Began executing node model.dbt_taxiops.payment_kpis
[0m02:53:04.943644 [debug] [Thread-3 (]: Writing runtime sql for node "model.dbt_taxiops.payment_kpis"
[0m02:53:04.945379 [debug] [Thread-3 (]: Using snowflake connection "model.dbt_taxiops.payment_kpis"
[0m02:53:04.945948 [debug] [Thread-3 (]: On model.dbt_taxiops.payment_kpis: /* {"app": "dbt", "dbt_version": "1.7.19", "profile_name": "dbt_taxiops", "target_name": "dev", "node_id": "model.dbt_taxiops.payment_kpis"} */
create or replace transient table TAXIOPS_DB.PUBLIC_GOLD.payment_kpis
         as
        (

select
    s.pickup_date,
    s.payment_type,
    d.payment_type_desc,
    count(*) as total_trips,
    round(sum(s.total_amount), 2) as total_revenue,
    round(avg(s.fare_amount), 2) as avg_fare_amount,
    round(avg(s.tip_amount), 2) as avg_tip_amount,
    round(avg(s.tip_rate), 4) as avg_tip_rate,
    round(avg(s.trip_distance), 2) as avg_trip_distance
from TAXIOPS_DB.PUBLIC_STAGING.stg_taxi_trips_silver s
left join TAXIOPS_DB.PUBLIC.dim_payment_type d
    on s.payment_type = d.payment_type
group by s.pickup_date, s.payment_type, d.payment_type_desc
order by s.pickup_date, s.payment_type
        );
[0m02:53:04.946459 [debug] [Thread-3 (]: Opening a new connection, currently in state closed
[0m02:53:05.049966 [debug] [Thread-1 (]: SQL status: SUCCESS 1 in 4.0 seconds
[0m02:53:05.052650 [debug] [Thread-1 (]: Timing info for model.dbt_taxiops.dim_vendor (execute): 02:53:00.644987 => 02:53:05.052417
[0m02:53:05.053147 [debug] [Thread-1 (]: On model.dbt_taxiops.dim_vendor: Close
[0m02:53:05.118684 [debug] [Thread-1 (]: Sending event: {'category': 'dbt', 'action': 'run_model', 'label': '0ac1ae41-67d2-426e-869b-ce5ac5187025', 'context': [<snowplow_tracker.self_describing_json.SelfDescribingJson object at 0x785d842cb1d0>]}
[0m02:53:05.119586 [info ] [Thread-1 (]: 5 of 8 OK created sql table model PUBLIC.dim_vendor ............................ [[32mSUCCESS 1[0m in 4.54s]
[0m02:53:05.120417 [debug] [Thread-1 (]: Finished running node model.dbt_taxiops.dim_vendor
[0m02:53:05.121723 [debug] [Thread-2 (]: Began running node model.dbt_taxiops.vendor_kpis
[0m02:53:05.122436 [info ] [Thread-2 (]: 8 of 8 START sql table model PUBLIC_GOLD.vendor_kpis ........................... [RUN]
[0m02:53:05.123390 [debug] [Thread-2 (]: Re-using an available connection from the pool (formerly model.dbt_taxiops.dim_payment_type, now model.dbt_taxiops.vendor_kpis)
[0m02:53:05.123939 [debug] [Thread-2 (]: Began compiling node model.dbt_taxiops.vendor_kpis
[0m02:53:05.127900 [debug] [Thread-2 (]: Writing injected SQL for node "model.dbt_taxiops.vendor_kpis"
[0m02:53:05.128999 [debug] [Thread-2 (]: Timing info for model.dbt_taxiops.vendor_kpis (compile): 02:53:05.124266 => 02:53:05.128692
[0m02:53:05.129600 [debug] [Thread-2 (]: Began executing node model.dbt_taxiops.vendor_kpis
[0m02:53:05.133019 [debug] [Thread-2 (]: Writing runtime sql for node "model.dbt_taxiops.vendor_kpis"
[0m02:53:05.134879 [debug] [Thread-2 (]: Using snowflake connection "model.dbt_taxiops.vendor_kpis"
[0m02:53:05.135596 [debug] [Thread-2 (]: On model.dbt_taxiops.vendor_kpis: /* {"app": "dbt", "dbt_version": "1.7.19", "profile_name": "dbt_taxiops", "target_name": "dev", "node_id": "model.dbt_taxiops.vendor_kpis"} */
create or replace transient table TAXIOPS_DB.PUBLIC_GOLD.vendor_kpis
         as
        (

select
    s.pickup_date,
    s.vendor_id,
    d.vendor_name,
    count(*) as total_trips,
    round(sum(s.total_amount), 2) as total_revenue,
    round(avg(s.trip_distance), 2) as avg_trip_distance,
    round(avg(s.fare_amount), 2) as avg_fare_amount,
    round(avg(s.fare_per_mile), 2) as avg_fare_per_mile,
    round(avg(s.trip_duration_min), 2) as avg_trip_duration_min,
    round(max(s.total_amount), 2) as max_trip_total
from TAXIOPS_DB.PUBLIC_STAGING.stg_taxi_trips_silver s
left join TAXIOPS_DB.PUBLIC.dim_vendor d
    on s.vendor_id = d.vendor_id
group by s.pickup_date, s.vendor_id, d.vendor_name
order by s.pickup_date, s.vendor_id
        );
[0m02:53:05.136031 [debug] [Thread-2 (]: Opening a new connection, currently in state closed
[0m02:53:07.278799 [debug] [Thread-4 (]: SQL status: SUCCESS 1 in 3.0 seconds
[0m02:53:07.281896 [debug] [Thread-4 (]: Timing info for model.dbt_taxiops.hourly_kpis (execute): 02:53:04.153120 => 02:53:07.281655
[0m02:53:07.282458 [debug] [Thread-4 (]: On model.dbt_taxiops.hourly_kpis: Close
[0m02:53:07.346417 [debug] [Thread-4 (]: Sending event: {'category': 'dbt', 'action': 'run_model', 'label': '0ac1ae41-67d2-426e-869b-ce5ac5187025', 'context': [<snowplow_tracker.self_describing_json.SelfDescribingJson object at 0x785d282cd2e0>]}
[0m02:53:07.347338 [info ] [Thread-4 (]: 6 of 8 OK created sql table model PUBLIC_GOLD.hourly_kpis ...................... [[32mSUCCESS 1[0m in 3.20s]
[0m02:53:07.348162 [debug] [Thread-4 (]: Finished running node model.dbt_taxiops.hourly_kpis
[0m02:53:07.997462 [debug] [Thread-2 (]: SQL status: SUCCESS 1 in 3.0 seconds
[0m02:53:08.000412 [debug] [Thread-2 (]: Timing info for model.dbt_taxiops.vendor_kpis (execute): 02:53:05.129983 => 02:53:08.000155
[0m02:53:08.001188 [debug] [Thread-2 (]: On model.dbt_taxiops.vendor_kpis: Close
[0m02:53:08.072290 [debug] [Thread-2 (]: Sending event: {'category': 'dbt', 'action': 'run_model', 'label': '0ac1ae41-67d2-426e-869b-ce5ac5187025', 'context': [<snowplow_tracker.self_describing_json.SelfDescribingJson object at 0x785d8432b8c0>]}
[0m02:53:08.073302 [info ] [Thread-2 (]: 8 of 8 OK created sql table model PUBLIC_GOLD.vendor_kpis ...................... [[32mSUCCESS 1[0m in 2.95s]
[0m02:53:08.074113 [debug] [Thread-2 (]: Finished running node model.dbt_taxiops.vendor_kpis
[0m02:53:08.515420 [debug] [Thread-3 (]: SQL status: SUCCESS 1 in 4.0 seconds
[0m02:53:08.518420 [debug] [Thread-3 (]: Timing info for model.dbt_taxiops.payment_kpis (execute): 02:53:04.939641 => 02:53:08.518171
[0m02:53:08.519043 [debug] [Thread-3 (]: On model.dbt_taxiops.payment_kpis: Close
[0m02:53:08.593160 [debug] [Thread-3 (]: Sending event: {'category': 'dbt', 'action': 'run_model', 'label': '0ac1ae41-67d2-426e-869b-ce5ac5187025', 'context': [<snowplow_tracker.self_describing_json.SelfDescribingJson object at 0x785d84581f10>]}
[0m02:53:08.594110 [info ] [Thread-3 (]: 7 of 8 OK created sql table model PUBLIC_GOLD.payment_kpis ..................... [[32mSUCCESS 1[0m in 3.66s]
[0m02:53:08.594993 [debug] [Thread-3 (]: Finished running node model.dbt_taxiops.payment_kpis
[0m02:53:08.599213 [debug] [MainThread]: Connection 'master' was properly closed.
[0m02:53:08.599770 [debug] [MainThread]: Connection 'model.dbt_taxiops.vendor_kpis' was properly closed.
[0m02:53:08.600148 [debug] [MainThread]: Connection 'model.dbt_taxiops.payment_kpis' was properly closed.
[0m02:53:08.600541 [debug] [MainThread]: Connection 'model.dbt_taxiops.dim_vendor' was properly closed.
[0m02:53:08.600954 [debug] [MainThread]: Connection 'model.dbt_taxiops.hourly_kpis' was properly closed.
[0m02:53:08.601586 [info ] [MainThread]: 
[0m02:53:08.602153 [info ] [MainThread]: Finished running 1 view model, 7 table models in 0 hours 0 minutes and 23.04 seconds (23.04s).
[0m02:53:08.604180 [debug] [MainThread]: Command end result
[0m02:53:08.723014 [info ] [MainThread]: 
[0m02:53:08.723703 [info ] [MainThread]: [32mCompleted successfully[0m
[0m02:53:08.724141 [info ] [MainThread]: 
[0m02:53:08.724550 [info ] [MainThread]: Done. PASS=8 WARN=0 ERROR=0 SKIP=0 TOTAL=8
[0m02:53:08.725995 [debug] [MainThread]: Resource report: {"command_name": "run", "command_success": true, "command_wall_clock_time": 24.979181, "process_user_time": 4.731417, "process_kernel_time": 2.937808, "process_mem_max_rss": "170100", "process_in_blocks": "127064", "process_out_blocks": "3128"}
[0m02:53:08.726621 [debug] [MainThread]: Command `dbt run` succeeded at 02:53:08.726497 after 24.98 seconds
[0m02:53:08.727005 [debug] [MainThread]: Sending event: {'category': 'dbt', 'action': 'invocation', 'label': 'end', 'context': [<snowplow_tracker.self_describing_json.SelfDescribingJson object at 0x785da1c042c0>, <snowplow_tracker.self_describing_json.SelfDescribingJson object at 0x785da58c3f50>, <snowplow_tracker.self_describing_json.SelfDescribingJson object at 0x785d84531dc0>]}
[0m02:53:08.727377 [debug] [MainThread]: Flushing usage events
[0m03:00:13.176460 [debug] [MainThread]: Sending event: {'category': 'dbt', 'action': 'invocation', 'label': 'start', 'context': [<snowplow_tracker.self_describing_json.SelfDescribingJson object at 0x75280b5bc3e0>, <snowplow_tracker.self_describing_json.SelfDescribingJson object at 0x75280b6f4a40>, <snowplow_tracker.self_describing_json.SelfDescribingJson object at 0x75280b065dc0>]}


============================== 03:00:13.190151 | aa3a27d7-830a-4df2-b62b-67c9e82b8172 ==============================
[0m03:00:13.190151 [info ] [MainThread]: Running with dbt=1.7.19
[0m03:00:13.191042 [debug] [MainThread]: running dbt with arguments {'printer_width': '80', 'indirect_selection': 'eager', 'write_json': 'True', 'log_cache_events': 'False', 'partial_parse': 'True', 'cache_selected_only': 'False', 'warn_error': 'None', 'fail_fast': 'False', 'profiles_dir': '/home/hiron/.dbt', 'log_path': '/home/hiron/Tega-Michael-Brian-Project/dbt_taxiops/logs', 'debug': 'False', 'version_check': 'True', 'use_colors': 'True', 'use_experimental_parser': 'False', 'no_print': 'None', 'quiet': 'False', 'log_format': 'default', 'static_parser': 'True', 'invocation_command': 'dbt run --select stg_taxi_trips_silver dim_date dim_payment_type dim_vendor hourly_kpis payment_kpis vendor_kpis airport_kpis', 'warn_error_options': 'WarnErrorOptions(include=[], exclude=[])', 'target_path': 'None', 'introspect': 'True', 'send_anonymous_usage_stats': 'True'}
[0m03:00:11.921544 [debug] [MainThread]: Sending event: {'category': 'dbt', 'action': 'project_id', 'label': 'aa3a27d7-830a-4df2-b62b-67c9e82b8172', 'context': [<snowplow_tracker.self_describing_json.SelfDescribingJson object at 0x75280a326240>]}
[0m03:00:11.971656 [debug] [MainThread]: Sending event: {'category': 'dbt', 'action': 'adapter_info', 'label': 'aa3a27d7-830a-4df2-b62b-67c9e82b8172', 'context': [<snowplow_tracker.self_describing_json.SelfDescribingJson object at 0x752809a12300>]}
[0m03:00:11.973840 [info ] [MainThread]: Registered adapter: snowflake=1.7.5
[0m03:00:11.984243 [debug] [MainThread]: checksum: a8d43cdff37d0f32d7fbe4c5c25bea4bb6c86e162f8ce8fdb1a38cdcf7495431, vars: {}, profile: , target: , version: 1.7.19
[0m03:00:12.101170 [debug] [MainThread]: Partial parsing enabled: 0 files deleted, 0 files added, 0 files changed.
[0m03:00:12.101734 [debug] [MainThread]: Partial parsing enabled, no changes found, skipping parsing
[0m03:00:12.107464 [debug] [MainThread]: Sending event: {'category': 'dbt', 'action': 'load_project', 'label': 'aa3a27d7-830a-4df2-b62b-67c9e82b8172', 'context': [<snowplow_tracker.self_describing_json.SelfDescribingJson object at 0x752809a10ad0>]}
[0m03:00:12.201795 [debug] [MainThread]: Sending event: {'category': 'dbt', 'action': 'resource_counts', 'label': 'aa3a27d7-830a-4df2-b62b-67c9e82b8172', 'context': [<snowplow_tracker.self_describing_json.SelfDescribingJson object at 0x75280b064b00>]}
[0m03:00:12.202493 [info ] [MainThread]: Found 15 tests, 9 models, 1 source, 0 exposures, 0 metrics, 431 macros, 0 groups, 0 semantic models
[0m03:00:12.203011 [debug] [MainThread]: Sending event: {'category': 'dbt', 'action': 'runnable_timing', 'label': 'aa3a27d7-830a-4df2-b62b-67c9e82b8172', 'context': [<snowplow_tracker.self_describing_json.SelfDescribingJson object at 0x752809fa7140>]}
[0m03:00:12.205639 [info ] [MainThread]: 
[0m03:00:12.206800 [debug] [MainThread]: Acquiring new snowflake connection 'master'
[0m03:00:12.209351 [debug] [ThreadPool]: Acquiring new snowflake connection 'list_TAXIOPS_DB'
[0m03:00:12.216699 [debug] [ThreadPool]: Acquiring new snowflake connection 'list_TAXIOPS_DB'
[0m03:00:12.218768 [debug] [ThreadPool]: Acquiring new snowflake connection 'list_TAXIOPS_DB'
[0m03:00:12.240898 [debug] [ThreadPool]: Using snowflake connection "list_TAXIOPS_DB"
[0m03:00:12.241786 [debug] [ThreadPool]: Using snowflake connection "list_TAXIOPS_DB"
[0m03:00:12.244818 [debug] [ThreadPool]: Using snowflake connection "list_TAXIOPS_DB"
[0m03:00:12.245727 [debug] [ThreadPool]: On list_TAXIOPS_DB: /* {"app": "dbt", "dbt_version": "1.7.19", "profile_name": "dbt_taxiops", "target_name": "dev", "connection_name": "list_TAXIOPS_DB"} */
show terse schemas in database TAXIOPS_DB
    limit 10000
[0m03:00:12.247061 [debug] [ThreadPool]: On list_TAXIOPS_DB: /* {"app": "dbt", "dbt_version": "1.7.19", "profile_name": "dbt_taxiops", "target_name": "dev", "connection_name": "list_TAXIOPS_DB"} */
show terse schemas in database TAXIOPS_DB
    limit 10000
[0m03:00:12.247759 [debug] [ThreadPool]: On list_TAXIOPS_DB: /* {"app": "dbt", "dbt_version": "1.7.19", "profile_name": "dbt_taxiops", "target_name": "dev", "connection_name": "list_TAXIOPS_DB"} */
show terse schemas in database TAXIOPS_DB
    limit 10000
[0m03:00:12.248383 [debug] [ThreadPool]: Opening a new connection, currently in state init
[0m03:00:12.249372 [debug] [ThreadPool]: Opening a new connection, currently in state init
[0m03:00:12.250214 [debug] [ThreadPool]: Opening a new connection, currently in state init
[0m03:00:16.986631 [debug] [ThreadPool]: SQL status: SUCCESS 3 in 5.0 seconds
[0m03:00:16.990888 [debug] [ThreadPool]: On list_TAXIOPS_DB: Close
[0m03:00:17.036026 [debug] [ThreadPool]: SQL status: SUCCESS 3 in 5.0 seconds
[0m03:00:17.037937 [debug] [ThreadPool]: On list_TAXIOPS_DB: Close
[0m03:00:17.358299 [debug] [ThreadPool]: SQL status: SUCCESS 3 in 5.0 seconds
[0m03:00:17.359933 [debug] [ThreadPool]: On list_TAXIOPS_DB: Close
[0m03:00:17.488195 [debug] [ThreadPool]: Re-using an available connection from the pool (formerly list_TAXIOPS_DB, now create_TAXIOPS_DB_PUBLIC_GOLD)
[0m03:00:17.489484 [debug] [ThreadPool]: Re-using an available connection from the pool (formerly list_TAXIOPS_DB, now create_TAXIOPS_DB_PUBLIC_STAGING)
[0m03:00:17.491823 [debug] [ThreadPool]: Creating schema "database: "TAXIOPS_DB"
schema: "PUBLIC_GOLD"
"
[0m03:00:17.493662 [debug] [ThreadPool]: Creating schema "database: "TAXIOPS_DB"
schema: "PUBLIC_STAGING"
"
[0m03:00:17.500371 [debug] [ThreadPool]: Using snowflake connection "create_TAXIOPS_DB_PUBLIC_GOLD"
[0m03:00:17.503616 [debug] [ThreadPool]: Using snowflake connection "create_TAXIOPS_DB_PUBLIC_STAGING"
[0m03:00:17.504551 [debug] [ThreadPool]: On create_TAXIOPS_DB_PUBLIC_GOLD: /* {"app": "dbt", "dbt_version": "1.7.19", "profile_name": "dbt_taxiops", "target_name": "dev", "connection_name": "create_TAXIOPS_DB_PUBLIC_GOLD"} */
create schema if not exists TAXIOPS_DB.PUBLIC_GOLD
[0m03:00:17.505245 [debug] [ThreadPool]: On create_TAXIOPS_DB_PUBLIC_STAGING: /* {"app": "dbt", "dbt_version": "1.7.19", "profile_name": "dbt_taxiops", "target_name": "dev", "connection_name": "create_TAXIOPS_DB_PUBLIC_STAGING"} */
create schema if not exists TAXIOPS_DB.PUBLIC_STAGING
[0m03:00:17.505770 [debug] [ThreadPool]: Opening a new connection, currently in state closed
[0m03:00:17.506642 [debug] [ThreadPool]: Opening a new connection, currently in state closed
[0m03:00:19.938537 [debug] [ThreadPool]: SQL status: SUCCESS 1 in 2.0 seconds
[0m03:00:19.939787 [debug] [ThreadPool]: On create_TAXIOPS_DB_PUBLIC_GOLD: Close
[0m03:00:20.737131 [debug] [ThreadPool]: SQL status: SUCCESS 1 in 3.0 seconds
[0m03:00:20.738447 [debug] [ThreadPool]: On create_TAXIOPS_DB_PUBLIC_STAGING: Close
[0m03:00:20.867997 [debug] [ThreadPool]: Re-using an available connection from the pool (formerly create_TAXIOPS_DB_PUBLIC_STAGING, now list_TAXIOPS_DB_PUBLIC_GOLD)
[0m03:00:20.869880 [debug] [ThreadPool]: Re-using an available connection from the pool (formerly create_TAXIOPS_DB_PUBLIC_GOLD, now list_TAXIOPS_DB_PUBLIC_STAGING)
[0m03:00:20.878873 [debug] [ThreadPool]: Re-using an available connection from the pool (formerly list_TAXIOPS_DB, now list_TAXIOPS_DB_PUBLIC)
[0m03:00:20.883263 [debug] [ThreadPool]: Using snowflake connection "list_TAXIOPS_DB_PUBLIC_GOLD"
[0m03:00:20.886583 [debug] [ThreadPool]: Using snowflake connection "list_TAXIOPS_DB_PUBLIC_STAGING"
[0m03:00:20.889036 [debug] [ThreadPool]: Using snowflake connection "list_TAXIOPS_DB_PUBLIC"
[0m03:00:20.889903 [debug] [ThreadPool]: On list_TAXIOPS_DB_PUBLIC_GOLD: /* {"app": "dbt", "dbt_version": "1.7.19", "profile_name": "dbt_taxiops", "target_name": "dev", "connection_name": "list_TAXIOPS_DB_PUBLIC_GOLD"} */
show objects in TAXIOPS_DB.PUBLIC_GOLD limit 10000
[0m03:00:20.890966 [debug] [ThreadPool]: On list_TAXIOPS_DB_PUBLIC_STAGING: /* {"app": "dbt", "dbt_version": "1.7.19", "profile_name": "dbt_taxiops", "target_name": "dev", "connection_name": "list_TAXIOPS_DB_PUBLIC_STAGING"} */
show objects in TAXIOPS_DB.PUBLIC_STAGING limit 10000
[0m03:00:20.891764 [debug] [ThreadPool]: On list_TAXIOPS_DB_PUBLIC: /* {"app": "dbt", "dbt_version": "1.7.19", "profile_name": "dbt_taxiops", "target_name": "dev", "connection_name": "list_TAXIOPS_DB_PUBLIC"} */
show objects in TAXIOPS_DB.PUBLIC limit 10000
[0m03:00:20.892619 [debug] [ThreadPool]: Opening a new connection, currently in state closed
[0m03:00:20.893545 [debug] [ThreadPool]: Opening a new connection, currently in state closed
[0m03:00:20.894650 [debug] [ThreadPool]: Opening a new connection, currently in state closed
[0m03:00:24.274187 [debug] [ThreadPool]: SQL status: SUCCESS 0 in 3.0 seconds
[0m03:00:24.275980 [debug] [ThreadPool]: On list_TAXIOPS_DB_PUBLIC_GOLD: Close
[0m03:00:24.447082 [debug] [ThreadPool]: SQL status: SUCCESS 0 in 4.0 seconds
[0m03:00:24.448876 [debug] [ThreadPool]: On list_TAXIOPS_DB_PUBLIC_STAGING: Close
[0m03:00:24.676612 [debug] [ThreadPool]: SQL status: SUCCESS 0 in 4.0 seconds
[0m03:00:24.678583 [debug] [ThreadPool]: On list_TAXIOPS_DB_PUBLIC: Close
[0m03:00:24.804875 [debug] [MainThread]: Sending event: {'category': 'dbt', 'action': 'runnable_timing', 'label': 'aa3a27d7-830a-4df2-b62b-67c9e82b8172', 'context': [<snowplow_tracker.self_describing_json.SelfDescribingJson object at 0x7528097095b0>]}
[0m03:00:24.806315 [info ] [MainThread]: Concurrency: 4 threads (target='dev')
[0m03:00:24.806956 [info ] [MainThread]: 
[0m03:00:24.812159 [debug] [Thread-1 (]: Began running node model.dbt_taxiops.stg_taxi_trips_silver
[0m03:00:24.813159 [info ] [Thread-1 (]: 1 of 8 START sql view model PUBLIC_STAGING.stg_taxi_trips_silver ............... [RUN]
[0m03:00:24.814541 [debug] [Thread-1 (]: Re-using an available connection from the pool (formerly list_TAXIOPS_DB_PUBLIC, now model.dbt_taxiops.stg_taxi_trips_silver)
[0m03:00:24.815402 [debug] [Thread-1 (]: Began compiling node model.dbt_taxiops.stg_taxi_trips_silver
[0m03:00:24.824542 [debug] [Thread-1 (]: Writing injected SQL for node "model.dbt_taxiops.stg_taxi_trips_silver"
[0m03:00:24.827740 [debug] [Thread-1 (]: Timing info for model.dbt_taxiops.stg_taxi_trips_silver (compile): 03:00:24.815900 => 03:00:24.827098
[0m03:00:24.828616 [debug] [Thread-1 (]: Began executing node model.dbt_taxiops.stg_taxi_trips_silver
[0m03:00:24.863187 [debug] [Thread-1 (]: Writing runtime sql for node "model.dbt_taxiops.stg_taxi_trips_silver"
[0m03:00:24.865564 [debug] [Thread-1 (]: Using snowflake connection "model.dbt_taxiops.stg_taxi_trips_silver"
[0m03:00:24.866216 [debug] [Thread-1 (]: On model.dbt_taxiops.stg_taxi_trips_silver: /* {"app": "dbt", "dbt_version": "1.7.19", "profile_name": "dbt_taxiops", "target_name": "dev", "node_id": "model.dbt_taxiops.stg_taxi_trips_silver"} */
create or replace   view TAXIOPS_DB.PUBLIC_STAGING.stg_taxi_trips_silver
  
   as (
    

select
    event_id,
    schema_version,

    vendor_id,
    payment_type,
    ratecode_id,
    store_and_fwd_flag,

    pickup_datetime,
    dropoff_datetime,
    pickup_ts,
    dropoff_ts,
    event_ts,

    passenger_count,
    trip_distance,
    fare_amount,
    tip_amount,
    total_amount,
    extra,
    mta_tax,
    tolls_amount,
    improvement_surcharge,
    congestion_surcharge,
    airport_fee,

    pickup_location_id,
    dropoff_location_id,

    cast(pickup_ts as date) as pickup_date,
    date_part('hour', pickup_ts) as pickup_hour,

    round(datediff('second', pickup_ts, dropoff_ts) / 60.0, 2) as trip_duration_min,

    case
        when fare_amount > 0 then round(tip_amount / fare_amount, 4)
        else 0.0
    end as tip_rate,

    case
        when trip_distance > 0 then round(fare_amount / trip_distance, 2)
        else 0.0
    end as fare_per_mile,

    case
        when pickup_location_id in (132, 138) or dropoff_location_id in (132, 138) then true
        else false
    end as is_airport_trip,

    case
        when date_part('hour', pickup_ts) between 6 and 10 then 'morning'
        when date_part('hour', pickup_ts) between 11 and 15 then 'midday'
        when date_part('hour', pickup_ts) between 16 and 20 then 'evening'
        else 'overnight'
    end as trip_time_bucket

from TAXIOPS_DB.RAW.taxi_trips_silver
where pickup_ts is not null
  and dropoff_ts is not null
  and total_amount >= 0
  and fare_amount >= 0
  and trip_distance > 0
  and dropoff_ts > pickup_ts
  );
[0m03:00:24.866800 [debug] [Thread-1 (]: Opening a new connection, currently in state closed
[0m03:00:28.348648 [debug] [Thread-1 (]: SQL status: SUCCESS 1 in 3.0 seconds
[0m03:00:28.369448 [debug] [Thread-1 (]: Timing info for model.dbt_taxiops.stg_taxi_trips_silver (execute): 03:00:24.828998 => 03:00:28.369195
[0m03:00:28.369992 [debug] [Thread-1 (]: On model.dbt_taxiops.stg_taxi_trips_silver: Close
[0m03:00:28.447971 [debug] [Thread-1 (]: Sending event: {'category': 'dbt', 'action': 'run_model', 'label': 'aa3a27d7-830a-4df2-b62b-67c9e82b8172', 'context': [<snowplow_tracker.self_describing_json.SelfDescribingJson object at 0x752808444dd0>]}
[0m03:00:28.448979 [info ] [Thread-1 (]: 1 of 8 OK created sql view model PUBLIC_STAGING.stg_taxi_trips_silver .......... [[32mSUCCESS 1[0m in 3.63s]
[0m03:00:28.449809 [debug] [Thread-1 (]: Finished running node model.dbt_taxiops.stg_taxi_trips_silver
[0m03:00:28.451941 [debug] [Thread-3 (]: Began running node model.dbt_taxiops.airport_kpis
[0m03:00:28.452687 [debug] [Thread-4 (]: Began running node model.dbt_taxiops.dim_date
[0m03:00:28.453577 [debug] [Thread-2 (]: Began running node model.dbt_taxiops.dim_payment_type
[0m03:00:28.455905 [debug] [Thread-1 (]: Began running node model.dbt_taxiops.dim_vendor
[0m03:00:28.454910 [info ] [Thread-3 (]: 2 of 8 START sql table model PUBLIC_GOLD.airport_kpis .......................... [RUN]
[0m03:00:28.457197 [info ] [Thread-4 (]: 3 of 8 START sql table model PUBLIC.dim_date ................................... [RUN]
[0m03:00:28.458346 [info ] [Thread-2 (]: 4 of 8 START sql table model PUBLIC.dim_payment_type ........................... [RUN]
[0m03:00:28.459540 [info ] [Thread-1 (]: 5 of 8 START sql table model PUBLIC.dim_vendor ................................. [RUN]
[0m03:00:28.461053 [debug] [Thread-3 (]: Re-using an available connection from the pool (formerly list_TAXIOPS_DB_PUBLIC_GOLD, now model.dbt_taxiops.airport_kpis)
[0m03:00:28.462454 [debug] [Thread-4 (]: Acquiring new snowflake connection 'model.dbt_taxiops.dim_date'
[0m03:00:28.464278 [debug] [Thread-2 (]: Re-using an available connection from the pool (formerly list_TAXIOPS_DB_PUBLIC_STAGING, now model.dbt_taxiops.dim_payment_type)
[0m03:00:28.465749 [debug] [Thread-1 (]: Re-using an available connection from the pool (formerly model.dbt_taxiops.stg_taxi_trips_silver, now model.dbt_taxiops.dim_vendor)
[0m03:00:28.466546 [debug] [Thread-3 (]: Began compiling node model.dbt_taxiops.airport_kpis
[0m03:00:28.467349 [debug] [Thread-4 (]: Began compiling node model.dbt_taxiops.dim_date
[0m03:00:28.468298 [debug] [Thread-2 (]: Began compiling node model.dbt_taxiops.dim_payment_type
[0m03:00:28.469232 [debug] [Thread-1 (]: Began compiling node model.dbt_taxiops.dim_vendor
[0m03:00:28.473004 [debug] [Thread-3 (]: Writing injected SQL for node "model.dbt_taxiops.airport_kpis"
[0m03:00:28.477285 [debug] [Thread-4 (]: Writing injected SQL for node "model.dbt_taxiops.dim_date"
[0m03:00:28.481556 [debug] [Thread-2 (]: Writing injected SQL for node "model.dbt_taxiops.dim_payment_type"
[0m03:00:28.485354 [debug] [Thread-1 (]: Writing injected SQL for node "model.dbt_taxiops.dim_vendor"
[0m03:00:28.487505 [debug] [Thread-3 (]: Timing info for model.dbt_taxiops.airport_kpis (compile): 03:00:28.469789 => 03:00:28.487048
[0m03:00:28.490168 [debug] [Thread-4 (]: Timing info for model.dbt_taxiops.dim_date (compile): 03:00:28.473687 => 03:00:28.489599
[0m03:00:28.491586 [debug] [Thread-2 (]: Timing info for model.dbt_taxiops.dim_payment_type (compile): 03:00:28.478449 => 03:00:28.490996
[0m03:00:28.492908 [debug] [Thread-1 (]: Timing info for model.dbt_taxiops.dim_vendor (compile): 03:00:28.482587 => 03:00:28.492239
[0m03:00:28.493891 [debug] [Thread-3 (]: Began executing node model.dbt_taxiops.airport_kpis
[0m03:00:28.494867 [debug] [Thread-4 (]: Began executing node model.dbt_taxiops.dim_date
[0m03:00:28.495641 [debug] [Thread-2 (]: Began executing node model.dbt_taxiops.dim_payment_type
[0m03:00:28.496376 [debug] [Thread-1 (]: Began executing node model.dbt_taxiops.dim_vendor
[0m03:00:28.529697 [debug] [Thread-4 (]: Writing runtime sql for node "model.dbt_taxiops.dim_date"
[0m03:00:28.536919 [debug] [Thread-3 (]: Writing runtime sql for node "model.dbt_taxiops.airport_kpis"
[0m03:00:28.540818 [debug] [Thread-2 (]: Writing runtime sql for node "model.dbt_taxiops.dim_payment_type"
[0m03:00:28.544740 [debug] [Thread-1 (]: Writing runtime sql for node "model.dbt_taxiops.dim_vendor"
[0m03:00:28.548577 [debug] [Thread-4 (]: Using snowflake connection "model.dbt_taxiops.dim_date"
[0m03:00:28.549674 [debug] [Thread-3 (]: Using snowflake connection "model.dbt_taxiops.airport_kpis"
[0m03:00:28.551099 [debug] [Thread-2 (]: Using snowflake connection "model.dbt_taxiops.dim_payment_type"
[0m03:00:28.552410 [debug] [Thread-4 (]: On model.dbt_taxiops.dim_date: /* {"app": "dbt", "dbt_version": "1.7.19", "profile_name": "dbt_taxiops", "target_name": "dev", "node_id": "model.dbt_taxiops.dim_date"} */
create or replace transient table TAXIOPS_DB.PUBLIC.dim_date
         as
        (

select distinct
    pickup_date as date_key,
    extract(year from pickup_date) as year,
    extract(month from pickup_date) as month_num,
    to_char(pickup_date, 'Mon') as month_name,
    extract(day from pickup_date) as day_of_month,
    extract(dow from pickup_date) as day_of_week_num,
    case
        when extract(dow from pickup_date) in (0, 6) then true
        else false
    end as is_weekend
from TAXIOPS_DB.PUBLIC_STAGING.stg_taxi_trips_silver
where pickup_date is not null
        );
[0m03:00:28.553320 [debug] [Thread-3 (]: On model.dbt_taxiops.airport_kpis: /* {"app": "dbt", "dbt_version": "1.7.19", "profile_name": "dbt_taxiops", "target_name": "dev", "node_id": "model.dbt_taxiops.airport_kpis"} */
create or replace transient table TAXIOPS_DB.PUBLIC_GOLD.airport_kpis
         as
        (

select
    pickup_date,
    is_airport_trip,

    count(*) as total_trips,
    round(sum(total_amount), 2) as total_revenue,
    round(avg(fare_amount), 2) as avg_fare_amount,
    round(avg(trip_distance), 2) as avg_trip_distance,
    round(avg(trip_duration_min), 2) as avg_trip_duration_min

from TAXIOPS_DB.PUBLIC_STAGING.stg_taxi_trips_silver
group by pickup_date, is_airport_trip
order by pickup_date, is_airport_trip
        );
[0m03:00:28.555122 [debug] [Thread-1 (]: Using snowflake connection "model.dbt_taxiops.dim_vendor"
[0m03:00:28.556016 [debug] [Thread-2 (]: On model.dbt_taxiops.dim_payment_type: /* {"app": "dbt", "dbt_version": "1.7.19", "profile_name": "dbt_taxiops", "target_name": "dev", "node_id": "model.dbt_taxiops.dim_payment_type"} */
create or replace transient table TAXIOPS_DB.PUBLIC.dim_payment_type
         as
        (

select distinct
    payment_type,
    case
        when payment_type = '1' then 'Credit Card'
        when payment_type = '2' then 'Cash'
        when payment_type = '3' then 'No Charge'
        when payment_type = '4' then 'Dispute'
        when payment_type = '5' then 'Unknown'
        when payment_type = '6' then 'Voided Trip'
        else 'Other'
    end as payment_type_desc
from TAXIOPS_DB.PUBLIC_STAGING.stg_taxi_trips_silver
where payment_type is not null
        );
[0m03:00:28.556627 [debug] [Thread-4 (]: Opening a new connection, currently in state init
[0m03:00:28.557483 [debug] [Thread-3 (]: Opening a new connection, currently in state closed
[0m03:00:28.558101 [debug] [Thread-1 (]: On model.dbt_taxiops.dim_vendor: /* {"app": "dbt", "dbt_version": "1.7.19", "profile_name": "dbt_taxiops", "target_name": "dev", "node_id": "model.dbt_taxiops.dim_vendor"} */
create or replace transient table TAXIOPS_DB.PUBLIC.dim_vendor
         as
        (

select distinct
    vendor_id,
    case
        when vendor_id = '1' then 'Creative Mobile Technologies'
        when vendor_id = '2' then 'VeriFone'
        else 'Unknown Vendor'
    end as vendor_name
from TAXIOPS_DB.PUBLIC_STAGING.stg_taxi_trips_silver
where vendor_id is not null
        );
[0m03:00:28.558926 [debug] [Thread-2 (]: Opening a new connection, currently in state closed
[0m03:00:28.592111 [debug] [Thread-1 (]: Opening a new connection, currently in state closed
[0m03:00:32.107565 [debug] [Thread-3 (]: SQL status: SUCCESS 1 in 4.0 seconds
[0m03:00:32.111962 [debug] [Thread-3 (]: Timing info for model.dbt_taxiops.airport_kpis (execute): 03:00:28.497082 => 03:00:32.111465
[0m03:00:32.112762 [debug] [Thread-3 (]: On model.dbt_taxiops.airport_kpis: Close
[0m03:00:32.241443 [debug] [Thread-3 (]: Sending event: {'category': 'dbt', 'action': 'run_model', 'label': 'aa3a27d7-830a-4df2-b62b-67c9e82b8172', 'context': [<snowplow_tracker.self_describing_json.SelfDescribingJson object at 0x7528005c2450>]}
[0m03:00:32.242673 [info ] [Thread-3 (]: 2 of 8 OK created sql table model PUBLIC_GOLD.airport_kpis ..................... [[32mSUCCESS 1[0m in 3.78s]
[0m03:00:32.243951 [debug] [Thread-3 (]: Finished running node model.dbt_taxiops.airport_kpis
[0m03:00:32.244917 [debug] [Thread-3 (]: Began running node model.dbt_taxiops.hourly_kpis
[0m03:00:32.246093 [info ] [Thread-3 (]: 6 of 8 START sql table model PUBLIC_GOLD.hourly_kpis ........................... [RUN]
[0m03:00:32.248052 [debug] [Thread-3 (]: Re-using an available connection from the pool (formerly model.dbt_taxiops.airport_kpis, now model.dbt_taxiops.hourly_kpis)
[0m03:00:32.252359 [debug] [Thread-3 (]: Began compiling node model.dbt_taxiops.hourly_kpis
[0m03:00:32.267511 [debug] [Thread-3 (]: Writing injected SQL for node "model.dbt_taxiops.hourly_kpis"
[0m03:00:32.269725 [debug] [Thread-3 (]: Timing info for model.dbt_taxiops.hourly_kpis (compile): 03:00:32.257762 => 03:00:32.269040
[0m03:00:32.270929 [debug] [Thread-3 (]: Began executing node model.dbt_taxiops.hourly_kpis
[0m03:00:32.276908 [debug] [Thread-3 (]: Writing runtime sql for node "model.dbt_taxiops.hourly_kpis"
[0m03:00:32.279204 [debug] [Thread-3 (]: Using snowflake connection "model.dbt_taxiops.hourly_kpis"
[0m03:00:32.280601 [debug] [Thread-3 (]: On model.dbt_taxiops.hourly_kpis: /* {"app": "dbt", "dbt_version": "1.7.19", "profile_name": "dbt_taxiops", "target_name": "dev", "node_id": "model.dbt_taxiops.hourly_kpis"} */
create or replace transient table TAXIOPS_DB.PUBLIC_GOLD.hourly_kpis
         as
        (

select
    pickup_date,
    pickup_hour,
    count(*) as total_trips,
    round(sum(total_amount), 2) as total_revenue,
    round(avg(fare_amount), 2) as avg_fare_amount,
    round(avg(tip_amount), 2) as avg_tip_amount,
    round(avg(trip_distance), 2) as avg_trip_distance,
    round(avg(trip_duration_min), 2) as avg_trip_duration_min,
    round(avg(fare_per_mile), 2) as avg_fare_per_mile,
    round(avg(tip_rate), 4) as avg_tip_rate
from TAXIOPS_DB.PUBLIC_STAGING.stg_taxi_trips_silver
group by pickup_date, pickup_hour
order by pickup_date, pickup_hour
        );
[0m03:00:32.281239 [debug] [Thread-3 (]: Opening a new connection, currently in state closed
[0m03:00:32.304640 [debug] [Thread-4 (]: SQL status: SUCCESS 1 in 4.0 seconds
[0m03:00:32.313893 [debug] [Thread-4 (]: Timing info for model.dbt_taxiops.dim_date (execute): 03:00:28.508567 => 03:00:32.313602
[0m03:00:32.317827 [debug] [Thread-4 (]: On model.dbt_taxiops.dim_date: Close
[0m03:00:32.417038 [debug] [Thread-1 (]: SQL status: SUCCESS 1 in 4.0 seconds
[0m03:00:32.420506 [debug] [Thread-4 (]: Sending event: {'category': 'dbt', 'action': 'run_model', 'label': 'aa3a27d7-830a-4df2-b62b-67c9e82b8172', 'context': [<snowplow_tracker.self_describing_json.SelfDescribingJson object at 0x7527dc407290>]}
[0m03:00:32.425397 [debug] [Thread-1 (]: Timing info for model.dbt_taxiops.dim_vendor (execute): 03:00:28.541565 => 03:00:32.425088
[0m03:00:32.427296 [info ] [Thread-4 (]: 3 of 8 OK created sql table model PUBLIC.dim_date .............................. [[32mSUCCESS 1[0m in 3.96s]
[0m03:00:32.428702 [debug] [Thread-1 (]: On model.dbt_taxiops.dim_vendor: Close
[0m03:00:32.430190 [debug] [Thread-4 (]: Finished running node model.dbt_taxiops.dim_date
[0m03:00:32.551830 [debug] [Thread-1 (]: Sending event: {'category': 'dbt', 'action': 'run_model', 'label': 'aa3a27d7-830a-4df2-b62b-67c9e82b8172', 'context': [<snowplow_tracker.self_describing_json.SelfDescribingJson object at 0x7527bd4561e0>]}
[0m03:00:32.553560 [info ] [Thread-1 (]: 5 of 8 OK created sql table model PUBLIC.dim_vendor ............................ [[32mSUCCESS 1[0m in 4.09s]
[0m03:00:32.561743 [debug] [Thread-1 (]: Finished running node model.dbt_taxiops.dim_vendor
[0m03:00:32.569037 [debug] [Thread-4 (]: Began running node model.dbt_taxiops.vendor_kpis
[0m03:00:32.571484 [info ] [Thread-4 (]: 7 of 8 START sql table model PUBLIC_GOLD.vendor_kpis ........................... [RUN]
[0m03:00:32.574569 [debug] [Thread-4 (]: Re-using an available connection from the pool (formerly model.dbt_taxiops.dim_date, now model.dbt_taxiops.vendor_kpis)
[0m03:00:32.576004 [debug] [Thread-4 (]: Began compiling node model.dbt_taxiops.vendor_kpis
[0m03:00:32.587061 [debug] [Thread-4 (]: Writing injected SQL for node "model.dbt_taxiops.vendor_kpis"
[0m03:00:32.589395 [debug] [Thread-4 (]: Timing info for model.dbt_taxiops.vendor_kpis (compile): 03:00:32.576808 => 03:00:32.588817
[0m03:00:32.590420 [debug] [Thread-4 (]: Began executing node model.dbt_taxiops.vendor_kpis
[0m03:00:32.595250 [debug] [Thread-4 (]: Writing runtime sql for node "model.dbt_taxiops.vendor_kpis"
[0m03:00:32.596965 [debug] [Thread-4 (]: Using snowflake connection "model.dbt_taxiops.vendor_kpis"
[0m03:00:32.597560 [debug] [Thread-4 (]: On model.dbt_taxiops.vendor_kpis: /* {"app": "dbt", "dbt_version": "1.7.19", "profile_name": "dbt_taxiops", "target_name": "dev", "node_id": "model.dbt_taxiops.vendor_kpis"} */
create or replace transient table TAXIOPS_DB.PUBLIC_GOLD.vendor_kpis
         as
        (

select
    s.pickup_date,
    s.vendor_id,
    d.vendor_name,
    count(*) as total_trips,
    round(sum(s.total_amount), 2) as total_revenue,
    round(avg(s.trip_distance), 2) as avg_trip_distance,
    round(avg(s.fare_amount), 2) as avg_fare_amount,
    round(avg(s.fare_per_mile), 2) as avg_fare_per_mile,
    round(avg(s.trip_duration_min), 2) as avg_trip_duration_min,
    round(max(s.total_amount), 2) as max_trip_total
from TAXIOPS_DB.PUBLIC_STAGING.stg_taxi_trips_silver s
left join TAXIOPS_DB.PUBLIC.dim_vendor d
    on s.vendor_id = d.vendor_id
group by s.pickup_date, s.vendor_id, d.vendor_name
order by s.pickup_date, s.vendor_id
        );
[0m03:00:32.598062 [debug] [Thread-4 (]: Opening a new connection, currently in state closed
[0m03:00:33.109923 [debug] [Thread-2 (]: SQL status: SUCCESS 1 in 5.0 seconds
[0m03:00:33.112897 [debug] [Thread-2 (]: Timing info for model.dbt_taxiops.dim_payment_type (execute): 03:00:28.537743 => 03:00:33.112665
[0m03:00:33.113462 [debug] [Thread-2 (]: On model.dbt_taxiops.dim_payment_type: Close
[0m03:00:33.205708 [debug] [Thread-2 (]: Sending event: {'category': 'dbt', 'action': 'run_model', 'label': 'aa3a27d7-830a-4df2-b62b-67c9e82b8172', 'context': [<snowplow_tracker.self_describing_json.SelfDescribingJson object at 0x7527dc404b90>]}
[0m03:00:33.206835 [info ] [Thread-2 (]: 4 of 8 OK created sql table model PUBLIC.dim_payment_type ...................... [[32mSUCCESS 1[0m in 4.74s]
[0m03:00:33.207924 [debug] [Thread-2 (]: Finished running node model.dbt_taxiops.dim_payment_type
[0m03:00:33.209474 [debug] [Thread-1 (]: Began running node model.dbt_taxiops.payment_kpis
[0m03:00:33.210480 [info ] [Thread-1 (]: 8 of 8 START sql table model PUBLIC_GOLD.payment_kpis .......................... [RUN]
[0m03:00:33.211786 [debug] [Thread-1 (]: Re-using an available connection from the pool (formerly model.dbt_taxiops.dim_vendor, now model.dbt_taxiops.payment_kpis)
[0m03:00:33.212537 [debug] [Thread-1 (]: Began compiling node model.dbt_taxiops.payment_kpis
[0m03:00:33.217174 [debug] [Thread-1 (]: Writing injected SQL for node "model.dbt_taxiops.payment_kpis"
[0m03:00:33.218742 [debug] [Thread-1 (]: Timing info for model.dbt_taxiops.payment_kpis (compile): 03:00:33.213030 => 03:00:33.218325
[0m03:00:33.219375 [debug] [Thread-1 (]: Began executing node model.dbt_taxiops.payment_kpis
[0m03:00:33.224413 [debug] [Thread-1 (]: Writing runtime sql for node "model.dbt_taxiops.payment_kpis"
[0m03:00:33.226131 [debug] [Thread-1 (]: Using snowflake connection "model.dbt_taxiops.payment_kpis"
[0m03:00:33.226991 [debug] [Thread-1 (]: On model.dbt_taxiops.payment_kpis: /* {"app": "dbt", "dbt_version": "1.7.19", "profile_name": "dbt_taxiops", "target_name": "dev", "node_id": "model.dbt_taxiops.payment_kpis"} */
create or replace transient table TAXIOPS_DB.PUBLIC_GOLD.payment_kpis
         as
        (

select
    s.pickup_date,
    s.payment_type,
    d.payment_type_desc,
    count(*) as total_trips,
    round(sum(s.total_amount), 2) as total_revenue,
    round(avg(s.fare_amount), 2) as avg_fare_amount,
    round(avg(s.tip_amount), 2) as avg_tip_amount,
    round(avg(s.tip_rate), 4) as avg_tip_rate,
    round(avg(s.trip_distance), 2) as avg_trip_distance
from TAXIOPS_DB.PUBLIC_STAGING.stg_taxi_trips_silver s
left join TAXIOPS_DB.PUBLIC.dim_payment_type d
    on s.payment_type = d.payment_type
group by s.pickup_date, s.payment_type, d.payment_type_desc
order by s.pickup_date, s.payment_type
        );
[0m03:00:33.227946 [debug] [Thread-1 (]: Opening a new connection, currently in state closed
[0m03:00:35.806841 [debug] [Thread-3 (]: SQL status: SUCCESS 1 in 4.0 seconds
[0m03:00:35.810275 [debug] [Thread-3 (]: Timing info for model.dbt_taxiops.hourly_kpis (execute): 03:00:32.271585 => 03:00:35.810037
[0m03:00:35.810935 [debug] [Thread-3 (]: On model.dbt_taxiops.hourly_kpis: Close
[0m03:00:35.912063 [debug] [Thread-3 (]: Sending event: {'category': 'dbt', 'action': 'run_model', 'label': 'aa3a27d7-830a-4df2-b62b-67c9e82b8172', 'context': [<snowplow_tracker.self_describing_json.SelfDescribingJson object at 0x7527dc49a840>]}
[0m03:00:35.912981 [info ] [Thread-3 (]: 6 of 8 OK created sql table model PUBLIC_GOLD.hourly_kpis ...................... [[32mSUCCESS 1[0m in 3.66s]
[0m03:00:35.913851 [debug] [Thread-3 (]: Finished running node model.dbt_taxiops.hourly_kpis
[0m03:00:36.812649 [debug] [Thread-4 (]: SQL status: SUCCESS 1 in 4.0 seconds
[0m03:00:36.816356 [debug] [Thread-4 (]: Timing info for model.dbt_taxiops.vendor_kpis (execute): 03:00:32.591037 => 03:00:36.816132
[0m03:00:36.816991 [debug] [Thread-4 (]: On model.dbt_taxiops.vendor_kpis: Close
[0m03:00:36.918128 [debug] [Thread-4 (]: Sending event: {'category': 'dbt', 'action': 'run_model', 'label': 'aa3a27d7-830a-4df2-b62b-67c9e82b8172', 'context': [<snowplow_tracker.self_describing_json.SelfDescribingJson object at 0x7528084ad1f0>]}
[0m03:00:36.919233 [info ] [Thread-4 (]: 7 of 8 OK created sql table model PUBLIC_GOLD.vendor_kpis ...................... [[32mSUCCESS 1[0m in 4.34s]
[0m03:00:36.920122 [debug] [Thread-4 (]: Finished running node model.dbt_taxiops.vendor_kpis
[0m03:00:39.731600 [debug] [Thread-1 (]: SQL status: SUCCESS 1 in 7.0 seconds
[0m03:00:39.734699 [debug] [Thread-1 (]: Timing info for model.dbt_taxiops.payment_kpis (execute): 03:00:33.220335 => 03:00:39.734484
[0m03:00:39.735212 [debug] [Thread-1 (]: On model.dbt_taxiops.payment_kpis: Close
[0m03:00:39.808562 [debug] [Thread-1 (]: Sending event: {'category': 'dbt', 'action': 'run_model', 'label': 'aa3a27d7-830a-4df2-b62b-67c9e82b8172', 'context': [<snowplow_tracker.self_describing_json.SelfDescribingJson object at 0x7528005c6930>]}
[0m03:00:39.809574 [info ] [Thread-1 (]: 8 of 8 OK created sql table model PUBLIC_GOLD.payment_kpis ..................... [[32mSUCCESS 1[0m in 6.60s]
[0m03:00:39.810587 [debug] [Thread-1 (]: Finished running node model.dbt_taxiops.payment_kpis
[0m03:00:39.815896 [debug] [MainThread]: Connection 'master' was properly closed.
[0m03:00:39.816484 [debug] [MainThread]: Connection 'model.dbt_taxiops.payment_kpis' was properly closed.
[0m03:00:39.816909 [debug] [MainThread]: Connection 'model.dbt_taxiops.hourly_kpis' was properly closed.
[0m03:00:39.817367 [debug] [MainThread]: Connection 'model.dbt_taxiops.dim_payment_type' was properly closed.
[0m03:00:39.817754 [debug] [MainThread]: Connection 'model.dbt_taxiops.vendor_kpis' was properly closed.
[0m03:00:39.818238 [info ] [MainThread]: 
[0m03:00:39.819086 [info ] [MainThread]: Finished running 1 view model, 7 table models in 0 hours 0 minutes and 27.61 seconds (27.61s).
[0m03:00:39.821009 [debug] [MainThread]: Command end result
[0m03:00:39.833230 [info ] [MainThread]: 
[0m03:00:39.834064 [info ] [MainThread]: [32mCompleted successfully[0m
[0m03:00:39.834718 [info ] [MainThread]: 
[0m03:00:39.835169 [info ] [MainThread]: Done. PASS=8 WARN=0 ERROR=0 SKIP=0 TOTAL=8
[0m03:00:39.836408 [debug] [MainThread]: Resource report: {"command_name": "run", "command_success": true, "command_wall_clock_time": 28.634377, "process_user_time": 4.424424, "process_kernel_time": 2.103876, "process_mem_max_rss": "168900", "process_in_blocks": "63048", "process_out_blocks": "2200"}
[0m03:00:39.837146 [debug] [MainThread]: Command `dbt run` succeeded at 03:00:39.836982 after 28.64 seconds
[0m03:00:39.837649 [debug] [MainThread]: Sending event: {'category': 'dbt', 'action': 'invocation', 'label': 'end', 'context': [<snowplow_tracker.self_describing_json.SelfDescribingJson object at 0x75280b3249b0>, <snowplow_tracker.self_describing_json.SelfDescribingJson object at 0x75280b5bc3e0>, <snowplow_tracker.self_describing_json.SelfDescribingJson object at 0x7528099df650>]}
[0m03:00:39.838157 [debug] [MainThread]: Flushing usage events
[0m03:23:58.889844 [debug] [MainThread]: Sending event: {'category': 'dbt', 'action': 'invocation', 'label': 'start', 'context': [<snowplow_tracker.self_describing_json.SelfDescribingJson object at 0x7a866c4236e0>, <snowplow_tracker.self_describing_json.SelfDescribingJson object at 0x7a866c067bc0>, <snowplow_tracker.self_describing_json.SelfDescribingJson object at 0x7a866c064f50>]}


============================== 03:23:58.898596 | 15c4010f-df81-419c-b616-8344b6aaae41 ==============================
[0m03:23:58.898596 [info ] [MainThread]: Running with dbt=1.7.19
[0m03:23:58.899547 [debug] [MainThread]: running dbt with arguments {'printer_width': '80', 'indirect_selection': 'eager', 'log_cache_events': 'False', 'write_json': 'True', 'partial_parse': 'True', 'cache_selected_only': 'False', 'profiles_dir': '/home/hiron/.dbt', 'fail_fast': 'False', 'debug': 'False', 'log_path': '/home/hiron/Tega-Michael-Brian-Project/dbt_taxiops/logs', 'version_check': 'True', 'warn_error': 'None', 'use_colors': 'True', 'use_experimental_parser': 'False', 'no_print': 'None', 'quiet': 'False', 'log_format': 'default', 'introspect': 'True', 'invocation_command': 'dbt run --select stg_taxi_trips_silver dim_date dim_payment_type dim_vendor hourly_kpis payment_kpis vendor_kpis airport_kpis', 'static_parser': 'True', 'target_path': 'None', 'warn_error_options': 'WarnErrorOptions(include=[], exclude=[])', 'send_anonymous_usage_stats': 'True'}
[0m03:23:59.885204 [debug] [MainThread]: Sending event: {'category': 'dbt', 'action': 'project_id', 'label': '15c4010f-df81-419c-b616-8344b6aaae41', 'context': [<snowplow_tracker.self_describing_json.SelfDescribingJson object at 0x7a866ac2ce60>]}
[0m03:23:59.934925 [debug] [MainThread]: Sending event: {'category': 'dbt', 'action': 'adapter_info', 'label': '15c4010f-df81-419c-b616-8344b6aaae41', 'context': [<snowplow_tracker.self_describing_json.SelfDescribingJson object at 0x7a866a7161e0>]}
[0m03:23:59.936808 [info ] [MainThread]: Registered adapter: snowflake=1.7.5
[0m03:23:59.950063 [debug] [MainThread]: checksum: a8d43cdff37d0f32d7fbe4c5c25bea4bb6c86e162f8ce8fdb1a38cdcf7495431, vars: {}, profile: , target: , version: 1.7.19
[0m03:24:00.071999 [debug] [MainThread]: Partial parsing enabled: 0 files deleted, 0 files added, 0 files changed.
[0m03:24:00.072645 [debug] [MainThread]: Partial parsing enabled, no changes found, skipping parsing
[0m03:24:00.078728 [debug] [MainThread]: Sending event: {'category': 'dbt', 'action': 'load_project', 'label': '15c4010f-df81-419c-b616-8344b6aaae41', 'context': [<snowplow_tracker.self_describing_json.SelfDescribingJson object at 0x7a866a6628a0>]}
[0m03:24:00.175393 [debug] [MainThread]: Sending event: {'category': 'dbt', 'action': 'resource_counts', 'label': '15c4010f-df81-419c-b616-8344b6aaae41', 'context': [<snowplow_tracker.self_describing_json.SelfDescribingJson object at 0x7a866bdc6ab0>]}
[0m03:24:00.176148 [info ] [MainThread]: Found 15 tests, 9 models, 1 source, 0 exposures, 0 metrics, 431 macros, 0 groups, 0 semantic models
[0m03:24:00.176725 [debug] [MainThread]: Sending event: {'category': 'dbt', 'action': 'runnable_timing', 'label': '15c4010f-df81-419c-b616-8344b6aaae41', 'context': [<snowplow_tracker.self_describing_json.SelfDescribingJson object at 0x7a866a604c80>]}
[0m03:24:00.179536 [info ] [MainThread]: 
[0m03:24:00.180690 [debug] [MainThread]: Acquiring new snowflake connection 'master'
[0m03:24:00.183030 [debug] [ThreadPool]: Acquiring new snowflake connection 'list_TAXIOPS_DB'
[0m03:24:00.190830 [debug] [ThreadPool]: Acquiring new snowflake connection 'list_TAXIOPS_DB'
[0m03:24:00.205440 [debug] [ThreadPool]: Using snowflake connection "list_TAXIOPS_DB"
[0m03:24:00.207237 [debug] [ThreadPool]: Using snowflake connection "list_TAXIOPS_DB"
[0m03:24:00.208997 [debug] [ThreadPool]: Acquiring new snowflake connection 'list_TAXIOPS_DB'
[0m03:24:00.209762 [debug] [ThreadPool]: On list_TAXIOPS_DB: /* {"app": "dbt", "dbt_version": "1.7.19", "profile_name": "dbt_taxiops", "target_name": "dev", "connection_name": "list_TAXIOPS_DB"} */
show terse schemas in database TAXIOPS_DB
    limit 10000
[0m03:24:00.211063 [debug] [ThreadPool]: On list_TAXIOPS_DB: /* {"app": "dbt", "dbt_version": "1.7.19", "profile_name": "dbt_taxiops", "target_name": "dev", "connection_name": "list_TAXIOPS_DB"} */
show terse schemas in database TAXIOPS_DB
    limit 10000
[0m03:24:00.214435 [debug] [ThreadPool]: Using snowflake connection "list_TAXIOPS_DB"
[0m03:24:00.215600 [debug] [ThreadPool]: Opening a new connection, currently in state init
[0m03:24:00.216663 [debug] [ThreadPool]: Opening a new connection, currently in state init
[0m03:24:00.217539 [debug] [ThreadPool]: On list_TAXIOPS_DB: /* {"app": "dbt", "dbt_version": "1.7.19", "profile_name": "dbt_taxiops", "target_name": "dev", "connection_name": "list_TAXIOPS_DB"} */
show terse schemas in database TAXIOPS_DB
    limit 10000
[0m03:24:00.223003 [debug] [ThreadPool]: Opening a new connection, currently in state init
[0m03:24:05.394641 [debug] [ThreadPool]: SQL status: SUCCESS 3 in 5.0 seconds
[0m03:24:05.396974 [debug] [ThreadPool]: On list_TAXIOPS_DB: Close
[0m03:24:05.491843 [debug] [ThreadPool]: SQL status: SUCCESS 3 in 5.0 seconds
[0m03:24:05.493830 [debug] [ThreadPool]: On list_TAXIOPS_DB: Close
[0m03:24:05.496227 [debug] [ThreadPool]: SQL status: SUCCESS 3 in 5.0 seconds
[0m03:24:05.500312 [debug] [ThreadPool]: On list_TAXIOPS_DB: Close
[0m03:24:05.689986 [debug] [ThreadPool]: Re-using an available connection from the pool (formerly list_TAXIOPS_DB, now create_TAXIOPS_DB_PUBLIC_GOLD)
[0m03:24:05.691457 [debug] [ThreadPool]: Re-using an available connection from the pool (formerly list_TAXIOPS_DB, now create_TAXIOPS_DB_PUBLIC_STAGING)
[0m03:24:05.692700 [debug] [ThreadPool]: Creating schema "database: "TAXIOPS_DB"
schema: "PUBLIC_GOLD"
"
[0m03:24:05.694799 [debug] [ThreadPool]: Creating schema "database: "TAXIOPS_DB"
schema: "PUBLIC_STAGING"
"
[0m03:24:05.700452 [debug] [ThreadPool]: Using snowflake connection "create_TAXIOPS_DB_PUBLIC_GOLD"
[0m03:24:05.705107 [debug] [ThreadPool]: On create_TAXIOPS_DB_PUBLIC_GOLD: /* {"app": "dbt", "dbt_version": "1.7.19", "profile_name": "dbt_taxiops", "target_name": "dev", "connection_name": "create_TAXIOPS_DB_PUBLIC_GOLD"} */
create schema if not exists TAXIOPS_DB.PUBLIC_GOLD
[0m03:24:05.704184 [debug] [ThreadPool]: Using snowflake connection "create_TAXIOPS_DB_PUBLIC_STAGING"
[0m03:24:05.705551 [debug] [ThreadPool]: Opening a new connection, currently in state closed
[0m03:24:05.706382 [debug] [ThreadPool]: On create_TAXIOPS_DB_PUBLIC_STAGING: /* {"app": "dbt", "dbt_version": "1.7.19", "profile_name": "dbt_taxiops", "target_name": "dev", "connection_name": "create_TAXIOPS_DB_PUBLIC_STAGING"} */
create schema if not exists TAXIOPS_DB.PUBLIC_STAGING
[0m03:24:05.711758 [debug] [ThreadPool]: Opening a new connection, currently in state closed
[0m03:24:07.072384 [debug] [ThreadPool]: SQL status: SUCCESS 1 in 1.0 seconds
[0m03:24:07.073812 [debug] [ThreadPool]: On create_TAXIOPS_DB_PUBLIC_STAGING: Close
[0m03:24:07.117309 [debug] [ThreadPool]: SQL status: SUCCESS 1 in 1.0 seconds
[0m03:24:07.120462 [debug] [ThreadPool]: On create_TAXIOPS_DB_PUBLIC_GOLD: Close
[0m03:24:07.199378 [debug] [ThreadPool]: Re-using an available connection from the pool (formerly create_TAXIOPS_DB_PUBLIC_GOLD, now list_TAXIOPS_DB_PUBLIC_GOLD)
[0m03:24:07.206148 [debug] [ThreadPool]: Re-using an available connection from the pool (formerly create_TAXIOPS_DB_PUBLIC_STAGING, now list_TAXIOPS_DB_PUBLIC_STAGING)
[0m03:24:07.208623 [debug] [ThreadPool]: Re-using an available connection from the pool (formerly list_TAXIOPS_DB, now list_TAXIOPS_DB_PUBLIC)
[0m03:24:07.218590 [debug] [ThreadPool]: Using snowflake connection "list_TAXIOPS_DB_PUBLIC_GOLD"
[0m03:24:07.222889 [debug] [ThreadPool]: Using snowflake connection "list_TAXIOPS_DB_PUBLIC_STAGING"
[0m03:24:07.226774 [debug] [ThreadPool]: Using snowflake connection "list_TAXIOPS_DB_PUBLIC"
[0m03:24:07.227765 [debug] [ThreadPool]: On list_TAXIOPS_DB_PUBLIC_GOLD: /* {"app": "dbt", "dbt_version": "1.7.19", "profile_name": "dbt_taxiops", "target_name": "dev", "connection_name": "list_TAXIOPS_DB_PUBLIC_GOLD"} */
show objects in TAXIOPS_DB.PUBLIC_GOLD limit 10000
[0m03:24:07.228483 [debug] [ThreadPool]: On list_TAXIOPS_DB_PUBLIC_STAGING: /* {"app": "dbt", "dbt_version": "1.7.19", "profile_name": "dbt_taxiops", "target_name": "dev", "connection_name": "list_TAXIOPS_DB_PUBLIC_STAGING"} */
show objects in TAXIOPS_DB.PUBLIC_STAGING limit 10000
[0m03:24:07.229127 [debug] [ThreadPool]: On list_TAXIOPS_DB_PUBLIC: /* {"app": "dbt", "dbt_version": "1.7.19", "profile_name": "dbt_taxiops", "target_name": "dev", "connection_name": "list_TAXIOPS_DB_PUBLIC"} */
show objects in TAXIOPS_DB.PUBLIC limit 10000
[0m03:24:07.229962 [debug] [ThreadPool]: Opening a new connection, currently in state closed
[0m03:24:07.230654 [debug] [ThreadPool]: Opening a new connection, currently in state closed
[0m03:24:07.231358 [debug] [ThreadPool]: Opening a new connection, currently in state closed
[0m03:24:09.720781 [debug] [ThreadPool]: SQL status: SUCCESS 0 in 2.0 seconds
[0m03:24:09.722783 [debug] [ThreadPool]: On list_TAXIOPS_DB_PUBLIC: Close
[0m03:24:10.377399 [debug] [ThreadPool]: SQL status: SUCCESS 0 in 3.0 seconds
[0m03:24:10.379532 [debug] [ThreadPool]: On list_TAXIOPS_DB_PUBLIC_STAGING: Close
[0m03:24:10.383505 [debug] [ThreadPool]: SQL status: SUCCESS 0 in 3.0 seconds
[0m03:24:10.385202 [debug] [ThreadPool]: On list_TAXIOPS_DB_PUBLIC_GOLD: Close
[0m03:24:10.456367 [debug] [MainThread]: Sending event: {'category': 'dbt', 'action': 'runnable_timing', 'label': '15c4010f-df81-419c-b616-8344b6aaae41', 'context': [<snowplow_tracker.self_describing_json.SelfDescribingJson object at 0x7a866a9cec30>]}
[0m03:24:10.457869 [info ] [MainThread]: Concurrency: 4 threads (target='dev')
[0m03:24:10.458589 [info ] [MainThread]: 
[0m03:24:10.464565 [debug] [Thread-1 (]: Began running node model.dbt_taxiops.stg_taxi_trips_silver
[0m03:24:10.465487 [info ] [Thread-1 (]: 1 of 8 START sql view model PUBLIC_STAGING.stg_taxi_trips_silver ............... [RUN]
[0m03:24:10.466644 [debug] [Thread-1 (]: Re-using an available connection from the pool (formerly list_TAXIOPS_DB_PUBLIC_GOLD, now model.dbt_taxiops.stg_taxi_trips_silver)
[0m03:24:10.467478 [debug] [Thread-1 (]: Began compiling node model.dbt_taxiops.stg_taxi_trips_silver
[0m03:24:10.479094 [debug] [Thread-1 (]: Writing injected SQL for node "model.dbt_taxiops.stg_taxi_trips_silver"
[0m03:24:10.480332 [debug] [Thread-1 (]: Timing info for model.dbt_taxiops.stg_taxi_trips_silver (compile): 03:24:10.468207 => 03:24:10.479993
[0m03:24:10.480938 [debug] [Thread-1 (]: Began executing node model.dbt_taxiops.stg_taxi_trips_silver
[0m03:24:10.516021 [debug] [Thread-1 (]: Writing runtime sql for node "model.dbt_taxiops.stg_taxi_trips_silver"
[0m03:24:10.518357 [debug] [Thread-1 (]: Using snowflake connection "model.dbt_taxiops.stg_taxi_trips_silver"
[0m03:24:10.518929 [debug] [Thread-1 (]: On model.dbt_taxiops.stg_taxi_trips_silver: /* {"app": "dbt", "dbt_version": "1.7.19", "profile_name": "dbt_taxiops", "target_name": "dev", "node_id": "model.dbt_taxiops.stg_taxi_trips_silver"} */
create or replace   view TAXIOPS_DB.PUBLIC_STAGING.stg_taxi_trips_silver
  
   as (
    

select
    event_id,
    schema_version,

    vendor_id,
    payment_type,
    ratecode_id,
    store_and_fwd_flag,

    pickup_datetime,
    dropoff_datetime,
    pickup_ts,
    dropoff_ts,
    event_ts,

    passenger_count,
    trip_distance,
    fare_amount,
    tip_amount,
    total_amount,
    extra,
    mta_tax,
    tolls_amount,
    improvement_surcharge,
    congestion_surcharge,
    airport_fee,

    pickup_location_id,
    dropoff_location_id,

    cast(pickup_ts as date) as pickup_date,
    date_part('hour', pickup_ts) as pickup_hour,

    round(datediff('second', pickup_ts, dropoff_ts) / 60.0, 2) as trip_duration_min,

    case
        when fare_amount > 0 then round(tip_amount / fare_amount, 4)
        else 0.0
    end as tip_rate,

    case
        when trip_distance > 0 then round(fare_amount / trip_distance, 2)
        else 0.0
    end as fare_per_mile,

    case
        when pickup_location_id in (132, 138) or dropoff_location_id in (132, 138) then true
        else false
    end as is_airport_trip,

    case
        when date_part('hour', pickup_ts) between 6 and 10 then 'morning'
        when date_part('hour', pickup_ts) between 11 and 15 then 'midday'
        when date_part('hour', pickup_ts) between 16 and 20 then 'evening'
        else 'overnight'
    end as trip_time_bucket

from TAXIOPS_DB.RAW.taxi_trips_silver
where pickup_ts is not null
  and dropoff_ts is not null
  and total_amount >= 0
  and fare_amount >= 0
  and trip_distance > 0
  and dropoff_ts > pickup_ts
  );
[0m03:24:10.519481 [debug] [Thread-1 (]: Opening a new connection, currently in state closed
[0m03:24:13.084484 [debug] [Thread-1 (]: SQL status: SUCCESS 1 in 3.0 seconds
[0m03:24:13.106172 [debug] [Thread-1 (]: Timing info for model.dbt_taxiops.stg_taxi_trips_silver (execute): 03:24:10.481243 => 03:24:13.105902
[0m03:24:13.106747 [debug] [Thread-1 (]: On model.dbt_taxiops.stg_taxi_trips_silver: Close
[0m03:24:13.170448 [debug] [Thread-1 (]: Sending event: {'category': 'dbt', 'action': 'run_model', 'label': '15c4010f-df81-419c-b616-8344b6aaae41', 'context': [<snowplow_tracker.self_describing_json.SelfDescribingJson object at 0x7a866ec56540>]}
[0m03:24:13.171880 [info ] [Thread-1 (]: 1 of 8 OK created sql view model PUBLIC_STAGING.stg_taxi_trips_silver .......... [[32mSUCCESS 1[0m in 2.70s]
[0m03:24:13.173087 [debug] [Thread-1 (]: Finished running node model.dbt_taxiops.stg_taxi_trips_silver
[0m03:24:13.175685 [debug] [Thread-3 (]: Began running node model.dbt_taxiops.airport_kpis
[0m03:24:13.176596 [debug] [Thread-4 (]: Began running node model.dbt_taxiops.dim_date
[0m03:24:13.177984 [debug] [Thread-2 (]: Began running node model.dbt_taxiops.dim_payment_type
[0m03:24:13.180096 [debug] [Thread-1 (]: Began running node model.dbt_taxiops.dim_vendor
[0m03:24:13.178852 [info ] [Thread-3 (]: 2 of 8 START sql table model PUBLIC_GOLD.airport_kpis .......................... [RUN]
[0m03:24:13.181403 [info ] [Thread-4 (]: 3 of 8 START sql table model PUBLIC.dim_date ................................... [RUN]
[0m03:24:13.182850 [info ] [Thread-2 (]: 4 of 8 START sql table model PUBLIC.dim_payment_type ........................... [RUN]
[0m03:24:13.184560 [info ] [Thread-1 (]: 5 of 8 START sql table model PUBLIC.dim_vendor ................................. [RUN]
[0m03:24:13.186103 [debug] [Thread-3 (]: Re-using an available connection from the pool (formerly list_TAXIOPS_DB_PUBLIC, now model.dbt_taxiops.airport_kpis)
[0m03:24:13.187628 [debug] [Thread-4 (]: Acquiring new snowflake connection 'model.dbt_taxiops.dim_date'
[0m03:24:13.190387 [debug] [Thread-2 (]: Re-using an available connection from the pool (formerly list_TAXIOPS_DB_PUBLIC_STAGING, now model.dbt_taxiops.dim_payment_type)
[0m03:24:13.191622 [debug] [Thread-1 (]: Re-using an available connection from the pool (formerly model.dbt_taxiops.stg_taxi_trips_silver, now model.dbt_taxiops.dim_vendor)
[0m03:24:13.192482 [debug] [Thread-3 (]: Began compiling node model.dbt_taxiops.airport_kpis
[0m03:24:13.193356 [debug] [Thread-4 (]: Began compiling node model.dbt_taxiops.dim_date
[0m03:24:13.194171 [debug] [Thread-2 (]: Began compiling node model.dbt_taxiops.dim_payment_type
[0m03:24:13.195292 [debug] [Thread-1 (]: Began compiling node model.dbt_taxiops.dim_vendor
[0m03:24:13.198828 [debug] [Thread-3 (]: Writing injected SQL for node "model.dbt_taxiops.airport_kpis"
[0m03:24:13.203201 [debug] [Thread-4 (]: Writing injected SQL for node "model.dbt_taxiops.dim_date"
[0m03:24:13.207508 [debug] [Thread-2 (]: Writing injected SQL for node "model.dbt_taxiops.dim_payment_type"
[0m03:24:13.210886 [debug] [Thread-1 (]: Writing injected SQL for node "model.dbt_taxiops.dim_vendor"
[0m03:24:13.213897 [debug] [Thread-4 (]: Timing info for model.dbt_taxiops.dim_date (compile): 03:24:13.199599 => 03:24:13.213498
[0m03:24:13.214992 [debug] [Thread-1 (]: Timing info for model.dbt_taxiops.dim_vendor (compile): 03:24:13.208093 => 03:24:13.214648
[0m03:24:13.216076 [debug] [Thread-4 (]: Began executing node model.dbt_taxiops.dim_date
[0m03:24:13.217350 [debug] [Thread-3 (]: Timing info for model.dbt_taxiops.airport_kpis (compile): 03:24:13.195814 => 03:24:13.216923
[0m03:24:13.218330 [debug] [Thread-1 (]: Began executing node model.dbt_taxiops.dim_vendor
[0m03:24:13.219285 [debug] [Thread-2 (]: Timing info for model.dbt_taxiops.dim_payment_type (compile): 03:24:13.204190 => 03:24:13.218852
[0m03:24:13.231516 [debug] [Thread-3 (]: Began executing node model.dbt_taxiops.airport_kpis
[0m03:24:13.245082 [debug] [Thread-4 (]: Writing runtime sql for node "model.dbt_taxiops.dim_date"
[0m03:24:13.248542 [debug] [Thread-1 (]: Writing runtime sql for node "model.dbt_taxiops.dim_vendor"
[0m03:24:13.249695 [debug] [Thread-2 (]: Began executing node model.dbt_taxiops.dim_payment_type
[0m03:24:13.253459 [debug] [Thread-3 (]: Writing runtime sql for node "model.dbt_taxiops.airport_kpis"
[0m03:24:13.256456 [debug] [Thread-1 (]: Using snowflake connection "model.dbt_taxiops.dim_vendor"
[0m03:24:13.260846 [debug] [Thread-2 (]: Writing runtime sql for node "model.dbt_taxiops.dim_payment_type"
[0m03:24:13.262798 [debug] [Thread-4 (]: Using snowflake connection "model.dbt_taxiops.dim_date"
[0m03:24:13.264167 [debug] [Thread-1 (]: On model.dbt_taxiops.dim_vendor: /* {"app": "dbt", "dbt_version": "1.7.19", "profile_name": "dbt_taxiops", "target_name": "dev", "node_id": "model.dbt_taxiops.dim_vendor"} */
create or replace transient table TAXIOPS_DB.PUBLIC.dim_vendor
         as
        (

select distinct
    vendor_id,
    case
        when vendor_id = '1' then 'Creative Mobile Technologies'
        when vendor_id = '2' then 'VeriFone'
        else 'Unknown Vendor'
    end as vendor_name
from TAXIOPS_DB.PUBLIC_STAGING.stg_taxi_trips_silver
where vendor_id is not null
        );
[0m03:24:13.265576 [debug] [Thread-3 (]: Using snowflake connection "model.dbt_taxiops.airport_kpis"
[0m03:24:13.266645 [debug] [Thread-4 (]: On model.dbt_taxiops.dim_date: /* {"app": "dbt", "dbt_version": "1.7.19", "profile_name": "dbt_taxiops", "target_name": "dev", "node_id": "model.dbt_taxiops.dim_date"} */
create or replace transient table TAXIOPS_DB.PUBLIC.dim_date
         as
        (

select distinct
    pickup_date as date_key,
    extract(year from pickup_date) as year,
    extract(month from pickup_date) as month_num,
    to_char(pickup_date, 'Mon') as month_name,
    extract(day from pickup_date) as day_of_month,
    extract(dow from pickup_date) as day_of_week_num,
    case
        when extract(dow from pickup_date) in (0, 6) then true
        else false
    end as is_weekend
from TAXIOPS_DB.PUBLIC_STAGING.stg_taxi_trips_silver
where pickup_date is not null
        );
[0m03:24:13.268068 [debug] [Thread-1 (]: Opening a new connection, currently in state closed
[0m03:24:13.269179 [debug] [Thread-2 (]: Using snowflake connection "model.dbt_taxiops.dim_payment_type"
[0m03:24:13.269962 [debug] [Thread-3 (]: On model.dbt_taxiops.airport_kpis: /* {"app": "dbt", "dbt_version": "1.7.19", "profile_name": "dbt_taxiops", "target_name": "dev", "node_id": "model.dbt_taxiops.airport_kpis"} */
create or replace transient table TAXIOPS_DB.PUBLIC_GOLD.airport_kpis
         as
        (

select
    pickup_date,
    is_airport_trip,

    count(*) as total_trips,
    round(sum(total_amount), 2) as total_revenue,
    round(avg(fare_amount), 2) as avg_fare_amount,
    round(avg(trip_distance), 2) as avg_trip_distance,
    round(avg(trip_duration_min), 2) as avg_trip_duration_min

from TAXIOPS_DB.PUBLIC_STAGING.stg_taxi_trips_silver
group by pickup_date, is_airport_trip
order by pickup_date, is_airport_trip
        );
[0m03:24:13.271106 [debug] [Thread-4 (]: Opening a new connection, currently in state init
[0m03:24:13.286001 [debug] [Thread-2 (]: On model.dbt_taxiops.dim_payment_type: /* {"app": "dbt", "dbt_version": "1.7.19", "profile_name": "dbt_taxiops", "target_name": "dev", "node_id": "model.dbt_taxiops.dim_payment_type"} */
create or replace transient table TAXIOPS_DB.PUBLIC.dim_payment_type
         as
        (

select distinct
    payment_type,
    case
        when payment_type = '1' then 'Credit Card'
        when payment_type = '2' then 'Cash'
        when payment_type = '3' then 'No Charge'
        when payment_type = '4' then 'Dispute'
        when payment_type = '5' then 'Unknown'
        when payment_type = '6' then 'Voided Trip'
        else 'Other'
    end as payment_type_desc
from TAXIOPS_DB.PUBLIC_STAGING.stg_taxi_trips_silver
where payment_type is not null
        );
[0m03:24:13.290228 [debug] [Thread-3 (]: Opening a new connection, currently in state closed
[0m03:24:13.301691 [debug] [Thread-2 (]: Opening a new connection, currently in state closed
[0m03:24:16.465339 [debug] [Thread-3 (]: SQL status: SUCCESS 1 in 3.0 seconds
[0m03:24:16.468786 [debug] [Thread-3 (]: Timing info for model.dbt_taxiops.airport_kpis (execute): 03:24:13.250631 => 03:24:16.468510
[0m03:24:16.469624 [debug] [Thread-3 (]: On model.dbt_taxiops.airport_kpis: Close
[0m03:24:16.475067 [debug] [Thread-1 (]: SQL status: SUCCESS 1 in 3.0 seconds
[0m03:24:16.477087 [debug] [Thread-2 (]: SQL status: SUCCESS 1 in 3.0 seconds
[0m03:24:16.480917 [debug] [Thread-1 (]: Timing info for model.dbt_taxiops.dim_vendor (execute): 03:24:13.245664 => 03:24:16.480702
[0m03:24:16.483807 [debug] [Thread-2 (]: Timing info for model.dbt_taxiops.dim_payment_type (execute): 03:24:13.256969 => 03:24:16.483595
[0m03:24:16.484573 [debug] [Thread-1 (]: On model.dbt_taxiops.dim_vendor: Close
[0m03:24:16.485628 [debug] [Thread-2 (]: On model.dbt_taxiops.dim_payment_type: Close
[0m03:24:16.555046 [debug] [Thread-3 (]: Sending event: {'category': 'dbt', 'action': 'run_model', 'label': '15c4010f-df81-419c-b616-8344b6aaae41', 'context': [<snowplow_tracker.self_describing_json.SelfDescribingJson object at 0x7a86681ac830>]}
[0m03:24:16.556054 [info ] [Thread-3 (]: 2 of 8 OK created sql table model PUBLIC_GOLD.airport_kpis ..................... [[32mSUCCESS 1[0m in 3.37s]
[0m03:24:16.556795 [debug] [Thread-3 (]: Finished running node model.dbt_taxiops.airport_kpis
[0m03:24:16.557371 [debug] [Thread-3 (]: Began running node model.dbt_taxiops.hourly_kpis
[0m03:24:16.558215 [info ] [Thread-3 (]: 6 of 8 START sql table model PUBLIC_GOLD.hourly_kpis ........................... [RUN]
[0m03:24:16.559153 [debug] [Thread-3 (]: Re-using an available connection from the pool (formerly model.dbt_taxiops.airport_kpis, now model.dbt_taxiops.hourly_kpis)
[0m03:24:16.559679 [debug] [Thread-3 (]: Began compiling node model.dbt_taxiops.hourly_kpis
[0m03:24:16.563440 [debug] [Thread-3 (]: Writing injected SQL for node "model.dbt_taxiops.hourly_kpis"
[0m03:24:16.564603 [debug] [Thread-3 (]: Timing info for model.dbt_taxiops.hourly_kpis (compile): 03:24:16.559989 => 03:24:16.564247
[0m03:24:16.565102 [debug] [Thread-3 (]: Began executing node model.dbt_taxiops.hourly_kpis
[0m03:24:16.569325 [debug] [Thread-3 (]: Writing runtime sql for node "model.dbt_taxiops.hourly_kpis"
[0m03:24:16.571383 [debug] [Thread-3 (]: Using snowflake connection "model.dbt_taxiops.hourly_kpis"
[0m03:24:16.572189 [debug] [Thread-3 (]: On model.dbt_taxiops.hourly_kpis: /* {"app": "dbt", "dbt_version": "1.7.19", "profile_name": "dbt_taxiops", "target_name": "dev", "node_id": "model.dbt_taxiops.hourly_kpis"} */
create or replace transient table TAXIOPS_DB.PUBLIC_GOLD.hourly_kpis
         as
        (

select
    pickup_date,
    pickup_hour,
    count(*) as total_trips,
    round(sum(total_amount), 2) as total_revenue,
    round(avg(fare_amount), 2) as avg_fare_amount,
    round(avg(tip_amount), 2) as avg_tip_amount,
    round(avg(trip_distance), 2) as avg_trip_distance,
    round(avg(trip_duration_min), 2) as avg_trip_duration_min,
    round(avg(fare_per_mile), 2) as avg_fare_per_mile,
    round(avg(tip_rate), 4) as avg_tip_rate
from TAXIOPS_DB.PUBLIC_STAGING.stg_taxi_trips_silver
group by pickup_date, pickup_hour
order by pickup_date, pickup_hour
        );
[0m03:24:16.572716 [debug] [Thread-3 (]: Opening a new connection, currently in state closed
[0m03:24:16.593054 [debug] [Thread-2 (]: Sending event: {'category': 'dbt', 'action': 'run_model', 'label': '15c4010f-df81-419c-b616-8344b6aaae41', 'context': [<snowplow_tracker.self_describing_json.SelfDescribingJson object at 0x7a86346d4260>]}
[0m03:24:16.599508 [debug] [Thread-1 (]: Sending event: {'category': 'dbt', 'action': 'run_model', 'label': '15c4010f-df81-419c-b616-8344b6aaae41', 'context': [<snowplow_tracker.self_describing_json.SelfDescribingJson object at 0x7a86346d4320>]}
[0m03:24:16.595253 [info ] [Thread-2 (]: 4 of 8 OK created sql table model PUBLIC.dim_payment_type ...................... [[32mSUCCESS 1[0m in 3.40s]
[0m03:24:16.603925 [info ] [Thread-1 (]: 5 of 8 OK created sql table model PUBLIC.dim_vendor ............................ [[32mSUCCESS 1[0m in 3.41s]
[0m03:24:16.612843 [debug] [Thread-2 (]: Finished running node model.dbt_taxiops.dim_payment_type
[0m03:24:16.614927 [debug] [Thread-1 (]: Finished running node model.dbt_taxiops.dim_vendor
[0m03:24:16.617978 [debug] [Thread-2 (]: Began running node model.dbt_taxiops.payment_kpis
[0m03:24:16.620708 [info ] [Thread-2 (]: 7 of 8 START sql table model PUBLIC_GOLD.payment_kpis .......................... [RUN]
[0m03:24:16.622149 [debug] [Thread-1 (]: Began running node model.dbt_taxiops.vendor_kpis
[0m03:24:16.624037 [debug] [Thread-2 (]: Re-using an available connection from the pool (formerly model.dbt_taxiops.dim_payment_type, now model.dbt_taxiops.payment_kpis)
[0m03:24:16.625221 [info ] [Thread-1 (]: 8 of 8 START sql table model PUBLIC_GOLD.vendor_kpis ........................... [RUN]
[0m03:24:16.626212 [debug] [Thread-2 (]: Began compiling node model.dbt_taxiops.payment_kpis
[0m03:24:16.627838 [debug] [Thread-1 (]: Re-using an available connection from the pool (formerly model.dbt_taxiops.dim_vendor, now model.dbt_taxiops.vendor_kpis)
[0m03:24:16.632449 [debug] [Thread-2 (]: Writing injected SQL for node "model.dbt_taxiops.payment_kpis"
[0m03:24:16.633226 [debug] [Thread-1 (]: Began compiling node model.dbt_taxiops.vendor_kpis
[0m03:24:16.637112 [debug] [Thread-1 (]: Writing injected SQL for node "model.dbt_taxiops.vendor_kpis"
[0m03:24:16.638453 [debug] [Thread-2 (]: Timing info for model.dbt_taxiops.payment_kpis (compile): 03:24:16.628485 => 03:24:16.637946
[0m03:24:16.639107 [debug] [Thread-2 (]: Began executing node model.dbt_taxiops.payment_kpis
[0m03:24:16.642470 [debug] [Thread-2 (]: Writing runtime sql for node "model.dbt_taxiops.payment_kpis"
[0m03:24:16.643472 [debug] [Thread-1 (]: Timing info for model.dbt_taxiops.vendor_kpis (compile): 03:24:16.633799 => 03:24:16.642982
[0m03:24:16.644388 [debug] [Thread-1 (]: Began executing node model.dbt_taxiops.vendor_kpis
[0m03:24:16.648416 [debug] [Thread-1 (]: Writing runtime sql for node "model.dbt_taxiops.vendor_kpis"
[0m03:24:16.650125 [debug] [Thread-2 (]: Using snowflake connection "model.dbt_taxiops.payment_kpis"
[0m03:24:16.650833 [debug] [Thread-2 (]: On model.dbt_taxiops.payment_kpis: /* {"app": "dbt", "dbt_version": "1.7.19", "profile_name": "dbt_taxiops", "target_name": "dev", "node_id": "model.dbt_taxiops.payment_kpis"} */
create or replace transient table TAXIOPS_DB.PUBLIC_GOLD.payment_kpis
         as
        (

select
    s.pickup_date,
    s.payment_type,
    d.payment_type_desc,
    count(*) as total_trips,
    round(sum(s.total_amount), 2) as total_revenue,
    round(avg(s.fare_amount), 2) as avg_fare_amount,
    round(avg(s.tip_amount), 2) as avg_tip_amount,
    round(avg(s.tip_rate), 4) as avg_tip_rate,
    round(avg(s.trip_distance), 2) as avg_trip_distance
from TAXIOPS_DB.PUBLIC_STAGING.stg_taxi_trips_silver s
left join TAXIOPS_DB.PUBLIC.dim_payment_type d
    on s.payment_type = d.payment_type
group by s.pickup_date, s.payment_type, d.payment_type_desc
order by s.pickup_date, s.payment_type
        );
[0m03:24:16.652482 [debug] [Thread-1 (]: Using snowflake connection "model.dbt_taxiops.vendor_kpis"
[0m03:24:16.653065 [debug] [Thread-2 (]: Opening a new connection, currently in state closed
[0m03:24:16.653841 [debug] [Thread-1 (]: On model.dbt_taxiops.vendor_kpis: /* {"app": "dbt", "dbt_version": "1.7.19", "profile_name": "dbt_taxiops", "target_name": "dev", "node_id": "model.dbt_taxiops.vendor_kpis"} */
create or replace transient table TAXIOPS_DB.PUBLIC_GOLD.vendor_kpis
         as
        (

select
    s.pickup_date,
    s.vendor_id,
    d.vendor_name,
    count(*) as total_trips,
    round(sum(s.total_amount), 2) as total_revenue,
    round(avg(s.trip_distance), 2) as avg_trip_distance,
    round(avg(s.fare_amount), 2) as avg_fare_amount,
    round(avg(s.fare_per_mile), 2) as avg_fare_per_mile,
    round(avg(s.trip_duration_min), 2) as avg_trip_duration_min,
    round(max(s.total_amount), 2) as max_trip_total
from TAXIOPS_DB.PUBLIC_STAGING.stg_taxi_trips_silver s
left join TAXIOPS_DB.PUBLIC.dim_vendor d
    on s.vendor_id = d.vendor_id
group by s.pickup_date, s.vendor_id, d.vendor_name
order by s.pickup_date, s.vendor_id
        );
[0m03:24:16.669832 [debug] [Thread-1 (]: Opening a new connection, currently in state closed
[0m03:24:17.083697 [debug] [Thread-4 (]: Snowflake adapter: Snowflake query id: 01c374fc-0001-31ed-0018-f94300151232
[0m03:24:17.084953 [debug] [Thread-4 (]: Snowflake adapter: Snowflake error: 100039 (22003): Numeric value '56160308' is out of range
[0m03:24:17.085823 [debug] [Thread-4 (]: Timing info for model.dbt_taxiops.dim_date (execute): 03:24:13.219916 => 03:24:17.085549
[0m03:24:17.086363 [debug] [Thread-4 (]: On model.dbt_taxiops.dim_date: Close
[0m03:24:17.164549 [debug] [Thread-4 (]: Database Error in model dim_date (models/dimentions/dim_date.sql)
  100039 (22003): Numeric value '56160308' is out of range
  compiled Code at target/run/dbt_taxiops/models/dimentions/dim_date.sql
[0m03:24:17.165387 [debug] [Thread-4 (]: Sending event: {'category': 'dbt', 'action': 'run_model', 'label': '15c4010f-df81-419c-b616-8344b6aaae41', 'context': [<snowplow_tracker.self_describing_json.SelfDescribingJson object at 0x7a865810aff0>]}
[0m03:24:17.166203 [error] [Thread-4 (]: 3 of 8 ERROR creating sql table model PUBLIC.dim_date .......................... [[31mERROR[0m in 3.98s]
[0m03:24:17.167096 [debug] [Thread-4 (]: Finished running node model.dbt_taxiops.dim_date
[0m03:24:19.777110 [debug] [Thread-2 (]: SQL status: SUCCESS 1 in 3.0 seconds
[0m03:24:19.780235 [debug] [Thread-2 (]: Timing info for model.dbt_taxiops.payment_kpis (execute): 03:24:16.639786 => 03:24:19.779991
[0m03:24:19.780821 [debug] [Thread-2 (]: On model.dbt_taxiops.payment_kpis: Close
[0m03:24:19.856189 [debug] [Thread-2 (]: Sending event: {'category': 'dbt', 'action': 'run_model', 'label': '15c4010f-df81-419c-b616-8344b6aaae41', 'context': [<snowplow_tracker.self_describing_json.SelfDescribingJson object at 0x7a86580a18b0>]}
[0m03:24:19.857246 [info ] [Thread-2 (]: 7 of 8 OK created sql table model PUBLIC_GOLD.payment_kpis ..................... [[32mSUCCESS 1[0m in 3.23s]
[0m03:24:19.858372 [debug] [Thread-2 (]: Finished running node model.dbt_taxiops.payment_kpis
[0m03:24:19.969907 [debug] [Thread-3 (]: SQL status: SUCCESS 1 in 3.0 seconds
[0m03:24:19.973225 [debug] [Thread-3 (]: Timing info for model.dbt_taxiops.hourly_kpis (execute): 03:24:16.565399 => 03:24:19.972998
[0m03:24:19.973734 [debug] [Thread-3 (]: On model.dbt_taxiops.hourly_kpis: Close
[0m03:24:20.052977 [debug] [Thread-3 (]: Sending event: {'category': 'dbt', 'action': 'run_model', 'label': '15c4010f-df81-419c-b616-8344b6aaae41', 'context': [<snowplow_tracker.self_describing_json.SelfDescribingJson object at 0x7a86580a1460>]}
[0m03:24:20.053897 [info ] [Thread-3 (]: 6 of 8 OK created sql table model PUBLIC_GOLD.hourly_kpis ...................... [[32mSUCCESS 1[0m in 3.49s]
[0m03:24:20.054775 [debug] [Thread-3 (]: Finished running node model.dbt_taxiops.hourly_kpis
[0m03:24:20.915097 [debug] [Thread-1 (]: SQL status: SUCCESS 1 in 4.0 seconds
[0m03:24:20.918485 [debug] [Thread-1 (]: Timing info for model.dbt_taxiops.vendor_kpis (execute): 03:24:16.645172 => 03:24:20.918269
[0m03:24:20.919015 [debug] [Thread-1 (]: On model.dbt_taxiops.vendor_kpis: Close
[0m03:24:20.990084 [debug] [Thread-1 (]: Sending event: {'category': 'dbt', 'action': 'run_model', 'label': '15c4010f-df81-419c-b616-8344b6aaae41', 'context': [<snowplow_tracker.self_describing_json.SelfDescribingJson object at 0x7a865810b0b0>]}
[0m03:24:20.991171 [info ] [Thread-1 (]: 8 of 8 OK created sql table model PUBLIC_GOLD.vendor_kpis ...................... [[32mSUCCESS 1[0m in 4.36s]
[0m03:24:20.992351 [debug] [Thread-1 (]: Finished running node model.dbt_taxiops.vendor_kpis
[0m03:24:20.996256 [debug] [MainThread]: Connection 'master' was properly closed.
[0m03:24:20.997049 [debug] [MainThread]: Connection 'model.dbt_taxiops.payment_kpis' was properly closed.
[0m03:24:20.997658 [debug] [MainThread]: Connection 'model.dbt_taxiops.hourly_kpis' was properly closed.
[0m03:24:20.998248 [debug] [MainThread]: Connection 'model.dbt_taxiops.vendor_kpis' was properly closed.
[0m03:24:20.998844 [debug] [MainThread]: Connection 'model.dbt_taxiops.dim_date' was properly closed.
[0m03:24:20.999618 [info ] [MainThread]: 
[0m03:24:21.000315 [info ] [MainThread]: Finished running 1 view model, 7 table models in 0 hours 0 minutes and 20.82 seconds (20.82s).
[0m03:24:21.002131 [debug] [MainThread]: Command end result
[0m03:24:21.013213 [info ] [MainThread]: 
[0m03:24:21.013947 [info ] [MainThread]: [31mCompleted with 1 error and 0 warnings:[0m
[0m03:24:21.014565 [info ] [MainThread]: 
[0m03:24:21.015126 [error] [MainThread]:   Database Error in model dim_date (models/dimentions/dim_date.sql)
  100039 (22003): Numeric value '56160308' is out of range
  compiled Code at target/run/dbt_taxiops/models/dimentions/dim_date.sql
[0m03:24:21.015843 [info ] [MainThread]: 
[0m03:24:21.016434 [info ] [MainThread]: Done. PASS=7 WARN=0 ERROR=1 SKIP=0 TOTAL=8
[0m03:24:21.017584 [debug] [MainThread]: Resource report: {"command_name": "run", "command_wall_clock_time": 24.11816, "process_user_time": 4.629271, "process_kernel_time": 2.17848, "process_mem_max_rss": "169532", "process_in_blocks": "111344", "process_out_blocks": "2192", "command_success": false}
[0m03:24:21.018378 [debug] [MainThread]: Command `dbt run` failed at 03:24:21.018091 after 24.12 seconds
[0m03:24:21.018920 [debug] [MainThread]: Sending event: {'category': 'dbt', 'action': 'invocation', 'label': 'end', 'context': [<snowplow_tracker.self_describing_json.SelfDescribingJson object at 0x7a866c4f4b30>, <snowplow_tracker.self_describing_json.SelfDescribingJson object at 0x7a866c058a70>, <snowplow_tracker.self_describing_json.SelfDescribingJson object at 0x7a866bd99130>]}
[0m03:24:21.019532 [debug] [MainThread]: Flushing usage events
[0m03:30:03.109581 [debug] [MainThread]: Sending event: {'category': 'dbt', 'action': 'invocation', 'label': 'start', 'context': [<snowplow_tracker.self_describing_json.SelfDescribingJson object at 0x7051823a8a70>, <snowplow_tracker.self_describing_json.SelfDescribingJson object at 0x705182b9f0b0>, <snowplow_tracker.self_describing_json.SelfDescribingJson object at 0x7051823a9970>]}


============================== 03:30:03.115276 | 659155f0-5051-4166-97af-deaa3c5c54a9 ==============================
[0m03:30:03.115276 [info ] [MainThread]: Running with dbt=1.7.19
[0m03:30:03.116116 [debug] [MainThread]: running dbt with arguments {'printer_width': '80', 'indirect_selection': 'eager', 'write_json': 'True', 'log_cache_events': 'False', 'partial_parse': 'True', 'cache_selected_only': 'False', 'profiles_dir': '/home/hiron/.dbt', 'fail_fast': 'False', 'warn_error': 'None', 'log_path': '/home/hiron/Tega-Michael-Brian-Project/dbt_taxiops/logs', 'debug': 'False', 'version_check': 'True', 'use_colors': 'True', 'use_experimental_parser': 'False', 'no_print': 'None', 'quiet': 'False', 'log_format': 'default', 'introspect': 'True', 'static_parser': 'True', 'warn_error_options': 'WarnErrorOptions(include=[], exclude=[])', 'target_path': 'None', 'invocation_command': 'dbt run --select stg_taxi_trips_silver dim_date dim_payment_type dim_vendor hourly_kpis payment_kpis vendor_kpis airport_kpis', 'send_anonymous_usage_stats': 'True'}
[0m03:30:03.661312 [debug] [MainThread]: Sending event: {'category': 'dbt', 'action': 'project_id', 'label': '659155f0-5051-4166-97af-deaa3c5c54a9', 'context': [<snowplow_tracker.self_describing_json.SelfDescribingJson object at 0x705180e4e240>]}
[0m03:30:03.715664 [debug] [MainThread]: Sending event: {'category': 'dbt', 'action': 'adapter_info', 'label': '659155f0-5051-4166-97af-deaa3c5c54a9', 'context': [<snowplow_tracker.self_describing_json.SelfDescribingJson object at 0x705180d4a300>]}
[0m03:30:03.716734 [info ] [MainThread]: Registered adapter: snowflake=1.7.5
[0m03:30:03.727519 [debug] [MainThread]: checksum: a8d43cdff37d0f32d7fbe4c5c25bea4bb6c86e162f8ce8fdb1a38cdcf7495431, vars: {}, profile: , target: , version: 1.7.19
[0m03:30:03.779645 [debug] [MainThread]: Partial parsing enabled: 0 files deleted, 0 files added, 1 files changed.
[0m03:30:03.780511 [debug] [MainThread]: Partial parsing: updated file: dbt_taxiops://models/dimentions/dim_date.sql
[0m03:30:04.004647 [debug] [MainThread]: Sending event: {'category': 'dbt', 'action': 'load_project', 'label': '659155f0-5051-4166-97af-deaa3c5c54a9', 'context': [<snowplow_tracker.self_describing_json.SelfDescribingJson object at 0x70518080cd70>]}
[0m03:30:04.025306 [debug] [MainThread]: Sending event: {'category': 'dbt', 'action': 'resource_counts', 'label': '659155f0-5051-4166-97af-deaa3c5c54a9', 'context': [<snowplow_tracker.self_describing_json.SelfDescribingJson object at 0x705180a1da90>]}
[0m03:30:04.025961 [info ] [MainThread]: Found 15 tests, 9 models, 1 source, 0 exposures, 0 metrics, 431 macros, 0 groups, 0 semantic models
[0m03:30:04.026422 [debug] [MainThread]: Sending event: {'category': 'dbt', 'action': 'runnable_timing', 'label': '659155f0-5051-4166-97af-deaa3c5c54a9', 'context': [<snowplow_tracker.self_describing_json.SelfDescribingJson object at 0x7051809baf90>]}
[0m03:30:04.029112 [info ] [MainThread]: 
[0m03:30:04.030217 [debug] [MainThread]: Acquiring new snowflake connection 'master'
[0m03:30:04.032668 [debug] [ThreadPool]: Acquiring new snowflake connection 'list_TAXIOPS_DB'
[0m03:30:04.034214 [debug] [ThreadPool]: Acquiring new snowflake connection 'list_TAXIOPS_DB'
[0m03:30:04.036573 [debug] [ThreadPool]: Acquiring new snowflake connection 'list_TAXIOPS_DB'
[0m03:30:04.057620 [debug] [ThreadPool]: Using snowflake connection "list_TAXIOPS_DB"
[0m03:30:04.059982 [debug] [ThreadPool]: Using snowflake connection "list_TAXIOPS_DB"
[0m03:30:04.066291 [debug] [ThreadPool]: Using snowflake connection "list_TAXIOPS_DB"
[0m03:30:04.067048 [debug] [ThreadPool]: On list_TAXIOPS_DB: /* {"app": "dbt", "dbt_version": "1.7.19", "profile_name": "dbt_taxiops", "target_name": "dev", "connection_name": "list_TAXIOPS_DB"} */
show terse schemas in database TAXIOPS_DB
    limit 10000
[0m03:30:04.067591 [debug] [ThreadPool]: On list_TAXIOPS_DB: /* {"app": "dbt", "dbt_version": "1.7.19", "profile_name": "dbt_taxiops", "target_name": "dev", "connection_name": "list_TAXIOPS_DB"} */
show terse schemas in database TAXIOPS_DB
    limit 10000
[0m03:30:04.068483 [debug] [ThreadPool]: On list_TAXIOPS_DB: /* {"app": "dbt", "dbt_version": "1.7.19", "profile_name": "dbt_taxiops", "target_name": "dev", "connection_name": "list_TAXIOPS_DB"} */
show terse schemas in database TAXIOPS_DB
    limit 10000
[0m03:30:04.069386 [debug] [ThreadPool]: Opening a new connection, currently in state init
[0m03:30:04.070260 [debug] [ThreadPool]: Opening a new connection, currently in state init
[0m03:30:04.071058 [debug] [ThreadPool]: Opening a new connection, currently in state init
[0m03:30:08.873230 [debug] [ThreadPool]: SQL status: SUCCESS 5 in 5.0 seconds
[0m03:30:08.875271 [debug] [ThreadPool]: On list_TAXIOPS_DB: Close
[0m03:30:09.268175 [debug] [ThreadPool]: SQL status: SUCCESS 5 in 5.0 seconds
[0m03:30:09.270179 [debug] [ThreadPool]: On list_TAXIOPS_DB: Close
[0m03:30:09.857920 [debug] [ThreadPool]: SQL status: SUCCESS 5 in 6.0 seconds
[0m03:30:09.859729 [debug] [ThreadPool]: On list_TAXIOPS_DB: Close
[0m03:30:09.978728 [debug] [ThreadPool]: Re-using an available connection from the pool (formerly list_TAXIOPS_DB, now list_TAXIOPS_DB_PUBLIC_STAGING)
[0m03:30:09.980571 [debug] [ThreadPool]: Re-using an available connection from the pool (formerly list_TAXIOPS_DB, now list_TAXIOPS_DB_PUBLIC_GOLD)
[0m03:30:09.987731 [debug] [ThreadPool]: Re-using an available connection from the pool (formerly list_TAXIOPS_DB, now list_TAXIOPS_DB_PUBLIC)
[0m03:30:09.992750 [debug] [ThreadPool]: Using snowflake connection "list_TAXIOPS_DB_PUBLIC_STAGING"
[0m03:30:09.996090 [debug] [ThreadPool]: Using snowflake connection "list_TAXIOPS_DB_PUBLIC_GOLD"
[0m03:30:09.998985 [debug] [ThreadPool]: Using snowflake connection "list_TAXIOPS_DB_PUBLIC"
[0m03:30:09.999640 [debug] [ThreadPool]: On list_TAXIOPS_DB_PUBLIC_STAGING: /* {"app": "dbt", "dbt_version": "1.7.19", "profile_name": "dbt_taxiops", "target_name": "dev", "connection_name": "list_TAXIOPS_DB_PUBLIC_STAGING"} */
show objects in TAXIOPS_DB.PUBLIC_STAGING limit 10000
[0m03:30:10.000907 [debug] [ThreadPool]: On list_TAXIOPS_DB_PUBLIC_GOLD: /* {"app": "dbt", "dbt_version": "1.7.19", "profile_name": "dbt_taxiops", "target_name": "dev", "connection_name": "list_TAXIOPS_DB_PUBLIC_GOLD"} */
show objects in TAXIOPS_DB.PUBLIC_GOLD limit 10000
[0m03:30:10.001933 [debug] [ThreadPool]: On list_TAXIOPS_DB_PUBLIC: /* {"app": "dbt", "dbt_version": "1.7.19", "profile_name": "dbt_taxiops", "target_name": "dev", "connection_name": "list_TAXIOPS_DB_PUBLIC"} */
show objects in TAXIOPS_DB.PUBLIC limit 10000
[0m03:30:10.002776 [debug] [ThreadPool]: Opening a new connection, currently in state closed
[0m03:30:10.003381 [debug] [ThreadPool]: Opening a new connection, currently in state closed
[0m03:30:10.003866 [debug] [ThreadPool]: Opening a new connection, currently in state closed
[0m03:30:10.794330 [debug] [ThreadPool]: SQL status: SUCCESS 4 in 1.0 seconds
[0m03:30:10.796702 [debug] [ThreadPool]: On list_TAXIOPS_DB_PUBLIC_GOLD: Close
[0m03:30:11.247246 [debug] [ThreadPool]: SQL status: SUCCESS 1 in 1.0 seconds
[0m03:30:11.249297 [debug] [ThreadPool]: On list_TAXIOPS_DB_PUBLIC_STAGING: Close
[0m03:30:11.345871 [debug] [ThreadPool]: SQL status: SUCCESS 2 in 1.0 seconds
[0m03:30:11.347989 [debug] [ThreadPool]: On list_TAXIOPS_DB_PUBLIC: Close
[0m03:30:11.433051 [debug] [MainThread]: Sending event: {'category': 'dbt', 'action': 'runnable_timing', 'label': '659155f0-5051-4166-97af-deaa3c5c54a9', 'context': [<snowplow_tracker.self_describing_json.SelfDescribingJson object at 0x705180c73470>]}
[0m03:30:11.434490 [info ] [MainThread]: Concurrency: 4 threads (target='dev')
[0m03:30:11.435296 [info ] [MainThread]: 
[0m03:30:11.442564 [debug] [Thread-1 (]: Began running node model.dbt_taxiops.stg_taxi_trips_silver
[0m03:30:11.443500 [info ] [Thread-1 (]: 1 of 8 START sql view model PUBLIC_STAGING.stg_taxi_trips_silver ............... [RUN]
[0m03:30:11.444787 [debug] [Thread-1 (]: Re-using an available connection from the pool (formerly list_TAXIOPS_DB_PUBLIC, now model.dbt_taxiops.stg_taxi_trips_silver)
[0m03:30:11.445474 [debug] [Thread-1 (]: Began compiling node model.dbt_taxiops.stg_taxi_trips_silver
[0m03:30:11.453898 [debug] [Thread-1 (]: Writing injected SQL for node "model.dbt_taxiops.stg_taxi_trips_silver"
[0m03:30:11.455404 [debug] [Thread-1 (]: Timing info for model.dbt_taxiops.stg_taxi_trips_silver (compile): 03:30:11.445898 => 03:30:11.454950
[0m03:30:11.456105 [debug] [Thread-1 (]: Began executing node model.dbt_taxiops.stg_taxi_trips_silver
[0m03:30:11.491651 [debug] [Thread-1 (]: Writing runtime sql for node "model.dbt_taxiops.stg_taxi_trips_silver"
[0m03:30:11.495110 [debug] [Thread-1 (]: Using snowflake connection "model.dbt_taxiops.stg_taxi_trips_silver"
[0m03:30:11.495735 [debug] [Thread-1 (]: On model.dbt_taxiops.stg_taxi_trips_silver: /* {"app": "dbt", "dbt_version": "1.7.19", "profile_name": "dbt_taxiops", "target_name": "dev", "node_id": "model.dbt_taxiops.stg_taxi_trips_silver"} */
create or replace   view TAXIOPS_DB.PUBLIC_STAGING.stg_taxi_trips_silver
  
   as (
    

select
    event_id,
    schema_version,

    vendor_id,
    payment_type,
    ratecode_id,
    store_and_fwd_flag,

    pickup_datetime,
    dropoff_datetime,
    pickup_ts,
    dropoff_ts,
    event_ts,

    passenger_count,
    trip_distance,
    fare_amount,
    tip_amount,
    total_amount,
    extra,
    mta_tax,
    tolls_amount,
    improvement_surcharge,
    congestion_surcharge,
    airport_fee,

    pickup_location_id,
    dropoff_location_id,

    cast(pickup_ts as date) as pickup_date,
    date_part('hour', pickup_ts) as pickup_hour,

    round(datediff('second', pickup_ts, dropoff_ts) / 60.0, 2) as trip_duration_min,

    case
        when fare_amount > 0 then round(tip_amount / fare_amount, 4)
        else 0.0
    end as tip_rate,

    case
        when trip_distance > 0 then round(fare_amount / trip_distance, 2)
        else 0.0
    end as fare_per_mile,

    case
        when pickup_location_id in (132, 138) or dropoff_location_id in (132, 138) then true
        else false
    end as is_airport_trip,

    case
        when date_part('hour', pickup_ts) between 6 and 10 then 'morning'
        when date_part('hour', pickup_ts) between 11 and 15 then 'midday'
        when date_part('hour', pickup_ts) between 16 and 20 then 'evening'
        else 'overnight'
    end as trip_time_bucket

from TAXIOPS_DB.RAW.taxi_trips_silver
where pickup_ts is not null
  and dropoff_ts is not null
  and total_amount >= 0
  and fare_amount >= 0
  and trip_distance > 0
  and dropoff_ts > pickup_ts
  );
[0m03:30:11.496193 [debug] [Thread-1 (]: Opening a new connection, currently in state closed
[0m03:30:14.165705 [debug] [Thread-1 (]: SQL status: SUCCESS 1 in 3.0 seconds
[0m03:30:14.192177 [debug] [Thread-1 (]: Timing info for model.dbt_taxiops.stg_taxi_trips_silver (execute): 03:30:11.456591 => 03:30:14.191921
[0m03:30:14.192727 [debug] [Thread-1 (]: On model.dbt_taxiops.stg_taxi_trips_silver: Close
[0m03:30:14.312953 [debug] [Thread-1 (]: Sending event: {'category': 'dbt', 'action': 'run_model', 'label': '659155f0-5051-4166-97af-deaa3c5c54a9', 'context': [<snowplow_tracker.self_describing_json.SelfDescribingJson object at 0x7051084ac7a0>]}
[0m03:30:14.313821 [info ] [Thread-1 (]: 1 of 8 OK created sql view model PUBLIC_STAGING.stg_taxi_trips_silver .......... [[32mSUCCESS 1[0m in 2.87s]
[0m03:30:14.314604 [debug] [Thread-1 (]: Finished running node model.dbt_taxiops.stg_taxi_trips_silver
[0m03:30:14.316467 [debug] [Thread-3 (]: Began running node model.dbt_taxiops.airport_kpis
[0m03:30:14.317918 [debug] [Thread-4 (]: Began running node model.dbt_taxiops.dim_date
[0m03:30:14.318648 [info ] [Thread-3 (]: 2 of 8 START sql table model PUBLIC_GOLD.airport_kpis .......................... [RUN]
[0m03:30:14.320048 [debug] [Thread-2 (]: Began running node model.dbt_taxiops.dim_payment_type
[0m03:30:14.320951 [debug] [Thread-1 (]: Began running node model.dbt_taxiops.dim_vendor
[0m03:30:14.321648 [info ] [Thread-4 (]: 3 of 8 START sql table model PUBLIC.dim_date ................................... [RUN]
[0m03:30:14.323446 [debug] [Thread-3 (]: Re-using an available connection from the pool (formerly list_TAXIOPS_DB_PUBLIC_GOLD, now model.dbt_taxiops.airport_kpis)
[0m03:30:14.324691 [info ] [Thread-2 (]: 4 of 8 START sql table model PUBLIC.dim_payment_type ........................... [RUN]
[0m03:30:14.326443 [info ] [Thread-1 (]: 5 of 8 START sql table model PUBLIC.dim_vendor ................................. [RUN]
[0m03:30:14.328315 [debug] [Thread-4 (]: Acquiring new snowflake connection 'model.dbt_taxiops.dim_date'
[0m03:30:14.329364 [debug] [Thread-3 (]: Began compiling node model.dbt_taxiops.airport_kpis
[0m03:30:14.330606 [debug] [Thread-2 (]: Re-using an available connection from the pool (formerly list_TAXIOPS_DB_PUBLIC_STAGING, now model.dbt_taxiops.dim_payment_type)
[0m03:30:14.331946 [debug] [Thread-1 (]: Re-using an available connection from the pool (formerly model.dbt_taxiops.stg_taxi_trips_silver, now model.dbt_taxiops.dim_vendor)
[0m03:30:14.332703 [debug] [Thread-4 (]: Began compiling node model.dbt_taxiops.dim_date
[0m03:30:14.338465 [debug] [Thread-3 (]: Writing injected SQL for node "model.dbt_taxiops.airport_kpis"
[0m03:30:14.339479 [debug] [Thread-2 (]: Began compiling node model.dbt_taxiops.dim_payment_type
[0m03:30:14.340270 [debug] [Thread-1 (]: Began compiling node model.dbt_taxiops.dim_vendor
[0m03:30:14.345047 [debug] [Thread-4 (]: Writing injected SQL for node "model.dbt_taxiops.dim_date"
[0m03:30:14.350768 [debug] [Thread-2 (]: Writing injected SQL for node "model.dbt_taxiops.dim_payment_type"
[0m03:30:14.355060 [debug] [Thread-1 (]: Writing injected SQL for node "model.dbt_taxiops.dim_vendor"
[0m03:30:14.356402 [debug] [Thread-3 (]: Timing info for model.dbt_taxiops.airport_kpis (compile): 03:30:14.333328 => 03:30:14.356031
[0m03:30:14.358770 [debug] [Thread-4 (]: Timing info for model.dbt_taxiops.dim_date (compile): 03:30:14.340917 => 03:30:14.358106
[0m03:30:14.360221 [debug] [Thread-2 (]: Timing info for model.dbt_taxiops.dim_payment_type (compile): 03:30:14.346091 => 03:30:14.359815
[0m03:30:14.361039 [debug] [Thread-3 (]: Began executing node model.dbt_taxiops.airport_kpis
[0m03:30:14.361876 [debug] [Thread-4 (]: Began executing node model.dbt_taxiops.dim_date
[0m03:30:14.362731 [debug] [Thread-1 (]: Timing info for model.dbt_taxiops.dim_vendor (compile): 03:30:14.351953 => 03:30:14.362462
[0m03:30:14.363410 [debug] [Thread-2 (]: Began executing node model.dbt_taxiops.dim_payment_type
[0m03:30:14.398016 [debug] [Thread-3 (]: Writing runtime sql for node "model.dbt_taxiops.airport_kpis"
[0m03:30:14.403828 [debug] [Thread-4 (]: Writing runtime sql for node "model.dbt_taxiops.dim_date"
[0m03:30:14.404698 [debug] [Thread-1 (]: Began executing node model.dbt_taxiops.dim_vendor
[0m03:30:14.407836 [debug] [Thread-2 (]: Writing runtime sql for node "model.dbt_taxiops.dim_payment_type"
[0m03:30:14.413017 [debug] [Thread-1 (]: Writing runtime sql for node "model.dbt_taxiops.dim_vendor"
[0m03:30:14.415205 [debug] [Thread-4 (]: Using snowflake connection "model.dbt_taxiops.dim_date"
[0m03:30:14.417038 [debug] [Thread-3 (]: Using snowflake connection "model.dbt_taxiops.airport_kpis"
[0m03:30:14.418361 [debug] [Thread-4 (]: On model.dbt_taxiops.dim_date: /* {"app": "dbt", "dbt_version": "1.7.19", "profile_name": "dbt_taxiops", "target_name": "dev", "node_id": "model.dbt_taxiops.dim_date"} */
create or replace transient table TAXIOPS_DB.PUBLIC.dim_date
         as
        (

select distinct
    pickup_date as date_key,
    extract(year from pickup_date) as year,
    extract(month from pickup_date) as month_num,
    to_char(pickup_date, 'Mon') as month_name,
    extract(day from pickup_date) as day_of_month,
    extract(dayofweek from pickup_date) as day_of_week_num,
    to_char(pickup_date, 'Day') as day_name,
    case
        when extract(dayofweek from pickup_date) in (1, 7) then true
        else false
    end as is_weekend
from TAXIOPS_DB.PUBLIC_STAGING.stg_taxi_trips_silver
where pickup_date is not null
        );
[0m03:30:14.420025 [debug] [Thread-2 (]: Using snowflake connection "model.dbt_taxiops.dim_payment_type"
[0m03:30:14.420949 [debug] [Thread-3 (]: On model.dbt_taxiops.airport_kpis: /* {"app": "dbt", "dbt_version": "1.7.19", "profile_name": "dbt_taxiops", "target_name": "dev", "node_id": "model.dbt_taxiops.airport_kpis"} */
create or replace transient table TAXIOPS_DB.PUBLIC_GOLD.airport_kpis
         as
        (

select
    pickup_date,
    is_airport_trip,

    count(*) as total_trips,
    round(sum(total_amount), 2) as total_revenue,
    round(avg(fare_amount), 2) as avg_fare_amount,
    round(avg(trip_distance), 2) as avg_trip_distance,
    round(avg(trip_duration_min), 2) as avg_trip_duration_min

from TAXIOPS_DB.PUBLIC_STAGING.stg_taxi_trips_silver
group by pickup_date, is_airport_trip
order by pickup_date, is_airport_trip
        );
[0m03:30:14.421967 [debug] [Thread-4 (]: Opening a new connection, currently in state init
[0m03:30:14.423269 [debug] [Thread-1 (]: Using snowflake connection "model.dbt_taxiops.dim_vendor"
[0m03:30:14.424049 [debug] [Thread-2 (]: On model.dbt_taxiops.dim_payment_type: /* {"app": "dbt", "dbt_version": "1.7.19", "profile_name": "dbt_taxiops", "target_name": "dev", "node_id": "model.dbt_taxiops.dim_payment_type"} */
create or replace transient table TAXIOPS_DB.PUBLIC.dim_payment_type
         as
        (

select distinct
    payment_type,
    case
        when payment_type = '1' then 'Credit Card'
        when payment_type = '2' then 'Cash'
        when payment_type = '3' then 'No Charge'
        when payment_type = '4' then 'Dispute'
        when payment_type = '5' then 'Unknown'
        when payment_type = '6' then 'Voided Trip'
        else 'Other'
    end as payment_type_desc
from TAXIOPS_DB.PUBLIC_STAGING.stg_taxi_trips_silver
where payment_type is not null
        );
[0m03:30:14.425118 [debug] [Thread-3 (]: Opening a new connection, currently in state closed
[0m03:30:14.441707 [debug] [Thread-1 (]: On model.dbt_taxiops.dim_vendor: /* {"app": "dbt", "dbt_version": "1.7.19", "profile_name": "dbt_taxiops", "target_name": "dev", "node_id": "model.dbt_taxiops.dim_vendor"} */
create or replace transient table TAXIOPS_DB.PUBLIC.dim_vendor
         as
        (

select distinct
    vendor_id,
    case
        when vendor_id = '1' then 'Creative Mobile Technologies'
        when vendor_id = '2' then 'VeriFone'
        else 'Unknown Vendor'
    end as vendor_name
from TAXIOPS_DB.PUBLIC_STAGING.stg_taxi_trips_silver
where vendor_id is not null
        );
[0m03:30:14.446229 [debug] [Thread-2 (]: Opening a new connection, currently in state closed
[0m03:30:14.462320 [debug] [Thread-1 (]: Opening a new connection, currently in state closed
[0m03:30:17.919187 [debug] [Thread-2 (]: SQL status: SUCCESS 1 in 3.0 seconds
[0m03:30:17.922202 [debug] [Thread-2 (]: Timing info for model.dbt_taxiops.dim_payment_type (execute): 03:30:14.405233 => 03:30:17.921988
[0m03:30:17.922754 [debug] [Thread-2 (]: On model.dbt_taxiops.dim_payment_type: Close
[0m03:30:18.011659 [debug] [Thread-2 (]: Sending event: {'category': 'dbt', 'action': 'run_model', 'label': '659155f0-5051-4166-97af-deaa3c5c54a9', 'context': [<snowplow_tracker.self_describing_json.SelfDescribingJson object at 0x705128576300>]}
[0m03:30:18.012459 [info ] [Thread-2 (]: 4 of 8 OK created sql table model PUBLIC.dim_payment_type ...................... [[32mSUCCESS 1[0m in 3.68s]
[0m03:30:18.013204 [debug] [Thread-2 (]: Finished running node model.dbt_taxiops.dim_payment_type
[0m03:30:18.013802 [debug] [Thread-2 (]: Began running node model.dbt_taxiops.hourly_kpis
[0m03:30:18.015672 [info ] [Thread-2 (]: 6 of 8 START sql table model PUBLIC_GOLD.hourly_kpis ........................... [RUN]
[0m03:30:18.017029 [debug] [Thread-2 (]: Re-using an available connection from the pool (formerly model.dbt_taxiops.dim_payment_type, now model.dbt_taxiops.hourly_kpis)
[0m03:30:18.017578 [debug] [Thread-2 (]: Began compiling node model.dbt_taxiops.hourly_kpis
[0m03:30:18.021281 [debug] [Thread-2 (]: Writing injected SQL for node "model.dbt_taxiops.hourly_kpis"
[0m03:30:18.022721 [debug] [Thread-2 (]: Timing info for model.dbt_taxiops.hourly_kpis (compile): 03:30:18.017885 => 03:30:18.022343
[0m03:30:18.023501 [debug] [Thread-2 (]: Began executing node model.dbt_taxiops.hourly_kpis
[0m03:30:18.026928 [debug] [Thread-2 (]: Writing runtime sql for node "model.dbt_taxiops.hourly_kpis"
[0m03:30:18.028765 [debug] [Thread-2 (]: Using snowflake connection "model.dbt_taxiops.hourly_kpis"
[0m03:30:18.029304 [debug] [Thread-2 (]: On model.dbt_taxiops.hourly_kpis: /* {"app": "dbt", "dbt_version": "1.7.19", "profile_name": "dbt_taxiops", "target_name": "dev", "node_id": "model.dbt_taxiops.hourly_kpis"} */
create or replace transient table TAXIOPS_DB.PUBLIC_GOLD.hourly_kpis
         as
        (

select
    pickup_date,
    pickup_hour,
    count(*) as total_trips,
    round(sum(total_amount), 2) as total_revenue,
    round(avg(fare_amount), 2) as avg_fare_amount,
    round(avg(tip_amount), 2) as avg_tip_amount,
    round(avg(trip_distance), 2) as avg_trip_distance,
    round(avg(trip_duration_min), 2) as avg_trip_duration_min,
    round(avg(fare_per_mile), 2) as avg_fare_per_mile,
    round(avg(tip_rate), 4) as avg_tip_rate
from TAXIOPS_DB.PUBLIC_STAGING.stg_taxi_trips_silver
group by pickup_date, pickup_hour
order by pickup_date, pickup_hour
        );
[0m03:30:18.029750 [debug] [Thread-2 (]: Opening a new connection, currently in state closed
[0m03:30:18.602552 [debug] [Thread-3 (]: SQL status: SUCCESS 1 in 4.0 seconds
[0m03:30:18.606557 [debug] [Thread-3 (]: Timing info for model.dbt_taxiops.airport_kpis (execute): 03:30:14.364101 => 03:30:18.606292
[0m03:30:18.607253 [debug] [Thread-3 (]: On model.dbt_taxiops.airport_kpis: Close
[0m03:30:18.692530 [debug] [Thread-3 (]: Sending event: {'category': 'dbt', 'action': 'run_model', 'label': '659155f0-5051-4166-97af-deaa3c5c54a9', 'context': [<snowplow_tracker.self_describing_json.SelfDescribingJson object at 0x7051084ac590>]}
[0m03:30:18.693335 [info ] [Thread-3 (]: 2 of 8 OK created sql table model PUBLIC_GOLD.airport_kpis ..................... [[32mSUCCESS 1[0m in 4.37s]
[0m03:30:18.694039 [debug] [Thread-3 (]: Finished running node model.dbt_taxiops.airport_kpis
[0m03:30:18.694604 [debug] [Thread-3 (]: Began running node model.dbt_taxiops.payment_kpis
[0m03:30:18.695653 [info ] [Thread-3 (]: 7 of 8 START sql table model PUBLIC_GOLD.payment_kpis .......................... [RUN]
[0m03:30:18.697268 [debug] [Thread-3 (]: Re-using an available connection from the pool (formerly model.dbt_taxiops.airport_kpis, now model.dbt_taxiops.payment_kpis)
[0m03:30:18.697828 [debug] [Thread-3 (]: Began compiling node model.dbt_taxiops.payment_kpis
[0m03:30:18.701313 [debug] [Thread-3 (]: Writing injected SQL for node "model.dbt_taxiops.payment_kpis"
[0m03:30:18.702744 [debug] [Thread-3 (]: Timing info for model.dbt_taxiops.payment_kpis (compile): 03:30:18.698210 => 03:30:18.702339
[0m03:30:18.703451 [debug] [Thread-3 (]: Began executing node model.dbt_taxiops.payment_kpis
[0m03:30:18.706722 [debug] [Thread-3 (]: Writing runtime sql for node "model.dbt_taxiops.payment_kpis"
[0m03:30:18.708840 [debug] [Thread-3 (]: Using snowflake connection "model.dbt_taxiops.payment_kpis"
[0m03:30:18.709414 [debug] [Thread-3 (]: On model.dbt_taxiops.payment_kpis: /* {"app": "dbt", "dbt_version": "1.7.19", "profile_name": "dbt_taxiops", "target_name": "dev", "node_id": "model.dbt_taxiops.payment_kpis"} */
create or replace transient table TAXIOPS_DB.PUBLIC_GOLD.payment_kpis
         as
        (

select
    s.pickup_date,
    s.payment_type,
    d.payment_type_desc,
    count(*) as total_trips,
    round(sum(s.total_amount), 2) as total_revenue,
    round(avg(s.fare_amount), 2) as avg_fare_amount,
    round(avg(s.tip_amount), 2) as avg_tip_amount,
    round(avg(s.tip_rate), 4) as avg_tip_rate,
    round(avg(s.trip_distance), 2) as avg_trip_distance
from TAXIOPS_DB.PUBLIC_STAGING.stg_taxi_trips_silver s
left join TAXIOPS_DB.PUBLIC.dim_payment_type d
    on s.payment_type = d.payment_type
group by s.pickup_date, s.payment_type, d.payment_type_desc
order by s.pickup_date, s.payment_type
        );
[0m03:30:18.709790 [debug] [Thread-3 (]: Opening a new connection, currently in state closed
[0m03:30:18.975469 [debug] [Thread-4 (]: Snowflake adapter: Snowflake query id: 01c37502-0001-3137-0018-f9430014633e
[0m03:30:18.976056 [debug] [Thread-4 (]: Snowflake adapter: Snowflake error: 100039 (22003): Numeric value '56160308' is out of range
[0m03:30:18.976702 [debug] [Thread-4 (]: Timing info for model.dbt_taxiops.dim_date (execute): 03:30:14.375217 => 03:30:18.976437
[0m03:30:18.977131 [debug] [Thread-4 (]: On model.dbt_taxiops.dim_date: Close
[0m03:30:19.049620 [debug] [Thread-4 (]: Database Error in model dim_date (models/dimentions/dim_date.sql)
  100039 (22003): Numeric value '56160308' is out of range
  compiled Code at target/run/dbt_taxiops/models/dimentions/dim_date.sql
[0m03:30:19.050336 [debug] [Thread-4 (]: Sending event: {'category': 'dbt', 'action': 'run_model', 'label': '659155f0-5051-4166-97af-deaa3c5c54a9', 'context': [<snowplow_tracker.self_describing_json.SelfDescribingJson object at 0x7051084e7050>]}
[0m03:30:19.051117 [error] [Thread-4 (]: 3 of 8 ERROR creating sql table model PUBLIC.dim_date .......................... [[31mERROR[0m in 4.72s]
[0m03:30:19.051829 [debug] [Thread-4 (]: Finished running node model.dbt_taxiops.dim_date
[0m03:30:19.215832 [debug] [Thread-1 (]: SQL status: SUCCESS 1 in 5.0 seconds
[0m03:30:19.218952 [debug] [Thread-1 (]: Timing info for model.dbt_taxiops.dim_vendor (execute): 03:30:14.409470 => 03:30:19.218703
[0m03:30:19.219548 [debug] [Thread-1 (]: On model.dbt_taxiops.dim_vendor: Close
[0m03:30:19.294807 [debug] [Thread-1 (]: Sending event: {'category': 'dbt', 'action': 'run_model', 'label': '659155f0-5051-4166-97af-deaa3c5c54a9', 'context': [<snowplow_tracker.self_describing_json.SelfDescribingJson object at 0x7051084e5a00>]}
[0m03:30:19.295882 [info ] [Thread-1 (]: 5 of 8 OK created sql table model PUBLIC.dim_vendor ............................ [[32mSUCCESS 1[0m in 4.96s]
[0m03:30:19.296720 [debug] [Thread-1 (]: Finished running node model.dbt_taxiops.dim_vendor
[0m03:30:19.298398 [debug] [Thread-4 (]: Began running node model.dbt_taxiops.vendor_kpis
[0m03:30:19.299723 [info ] [Thread-4 (]: 8 of 8 START sql table model PUBLIC_GOLD.vendor_kpis ........................... [RUN]
[0m03:30:19.300782 [debug] [Thread-4 (]: Re-using an available connection from the pool (formerly model.dbt_taxiops.dim_date, now model.dbt_taxiops.vendor_kpis)
[0m03:30:19.301376 [debug] [Thread-4 (]: Began compiling node model.dbt_taxiops.vendor_kpis
[0m03:30:19.306683 [debug] [Thread-4 (]: Writing injected SQL for node "model.dbt_taxiops.vendor_kpis"
[0m03:30:19.309453 [debug] [Thread-4 (]: Timing info for model.dbt_taxiops.vendor_kpis (compile): 03:30:19.301732 => 03:30:19.308929
[0m03:30:19.310195 [debug] [Thread-4 (]: Began executing node model.dbt_taxiops.vendor_kpis
[0m03:30:19.314102 [debug] [Thread-4 (]: Writing runtime sql for node "model.dbt_taxiops.vendor_kpis"
[0m03:30:19.315895 [debug] [Thread-4 (]: Using snowflake connection "model.dbt_taxiops.vendor_kpis"
[0m03:30:19.316428 [debug] [Thread-4 (]: On model.dbt_taxiops.vendor_kpis: /* {"app": "dbt", "dbt_version": "1.7.19", "profile_name": "dbt_taxiops", "target_name": "dev", "node_id": "model.dbt_taxiops.vendor_kpis"} */
create or replace transient table TAXIOPS_DB.PUBLIC_GOLD.vendor_kpis
         as
        (

select
    s.pickup_date,
    s.vendor_id,
    d.vendor_name,
    count(*) as total_trips,
    round(sum(s.total_amount), 2) as total_revenue,
    round(avg(s.trip_distance), 2) as avg_trip_distance,
    round(avg(s.fare_amount), 2) as avg_fare_amount,
    round(avg(s.fare_per_mile), 2) as avg_fare_per_mile,
    round(avg(s.trip_duration_min), 2) as avg_trip_duration_min,
    round(max(s.total_amount), 2) as max_trip_total
from TAXIOPS_DB.PUBLIC_STAGING.stg_taxi_trips_silver s
left join TAXIOPS_DB.PUBLIC.dim_vendor d
    on s.vendor_id = d.vendor_id
group by s.pickup_date, s.vendor_id, d.vendor_name
order by s.pickup_date, s.vendor_id
        );
[0m03:30:19.316866 [debug] [Thread-4 (]: Opening a new connection, currently in state closed
[0m03:30:21.452218 [debug] [Thread-2 (]: SQL status: SUCCESS 1 in 3.0 seconds
[0m03:30:21.456204 [debug] [Thread-2 (]: Timing info for model.dbt_taxiops.hourly_kpis (execute): 03:30:18.023944 => 03:30:21.455933
[0m03:30:21.456787 [debug] [Thread-2 (]: On model.dbt_taxiops.hourly_kpis: Close
[0m03:30:21.544590 [debug] [Thread-2 (]: Sending event: {'category': 'dbt', 'action': 'run_model', 'label': '659155f0-5051-4166-97af-deaa3c5c54a9', 'context': [<snowplow_tracker.self_describing_json.SelfDescribingJson object at 0x705178d9fda0>]}
[0m03:30:21.545805 [info ] [Thread-2 (]: 6 of 8 OK created sql table model PUBLIC_GOLD.hourly_kpis ...................... [[32mSUCCESS 1[0m in 3.53s]
[0m03:30:21.546581 [debug] [Thread-2 (]: Finished running node model.dbt_taxiops.hourly_kpis
[0m03:30:22.177688 [debug] [Thread-3 (]: SQL status: SUCCESS 1 in 3.0 seconds
[0m03:30:22.180953 [debug] [Thread-3 (]: Timing info for model.dbt_taxiops.payment_kpis (execute): 03:30:18.703868 => 03:30:22.180710
[0m03:30:22.181548 [debug] [Thread-3 (]: On model.dbt_taxiops.payment_kpis: Close
[0m03:30:22.248086 [debug] [Thread-3 (]: Sending event: {'category': 'dbt', 'action': 'run_model', 'label': '659155f0-5051-4166-97af-deaa3c5c54a9', 'context': [<snowplow_tracker.self_describing_json.SelfDescribingJson object at 0x70512851fad0>]}
[0m03:30:22.249230 [info ] [Thread-3 (]: 7 of 8 OK created sql table model PUBLIC_GOLD.payment_kpis ..................... [[32mSUCCESS 1[0m in 3.55s]
[0m03:30:22.250368 [debug] [Thread-3 (]: Finished running node model.dbt_taxiops.payment_kpis
[0m03:30:22.742173 [debug] [Thread-4 (]: SQL status: SUCCESS 1 in 3.0 seconds
[0m03:30:22.745457 [debug] [Thread-4 (]: Timing info for model.dbt_taxiops.vendor_kpis (execute): 03:30:19.310883 => 03:30:22.745216
[0m03:30:22.746008 [debug] [Thread-4 (]: On model.dbt_taxiops.vendor_kpis: Close
[0m03:30:22.813324 [debug] [Thread-4 (]: Sending event: {'category': 'dbt', 'action': 'run_model', 'label': '659155f0-5051-4166-97af-deaa3c5c54a9', 'context': [<snowplow_tracker.self_describing_json.SelfDescribingJson object at 0x7051084e5a00>]}
[0m03:30:22.814232 [info ] [Thread-4 (]: 8 of 8 OK created sql table model PUBLIC_GOLD.vendor_kpis ...................... [[32mSUCCESS 1[0m in 3.51s]
[0m03:30:22.815125 [debug] [Thread-4 (]: Finished running node model.dbt_taxiops.vendor_kpis
[0m03:30:22.819688 [debug] [MainThread]: Connection 'master' was properly closed.
[0m03:30:22.820208 [debug] [MainThread]: Connection 'model.dbt_taxiops.hourly_kpis' was properly closed.
[0m03:30:22.820552 [debug] [MainThread]: Connection 'model.dbt_taxiops.dim_vendor' was properly closed.
[0m03:30:22.820873 [debug] [MainThread]: Connection 'model.dbt_taxiops.payment_kpis' was properly closed.
[0m03:30:22.821321 [debug] [MainThread]: Connection 'model.dbt_taxiops.vendor_kpis' was properly closed.
[0m03:30:22.821745 [info ] [MainThread]: 
[0m03:30:22.822164 [info ] [MainThread]: Finished running 1 view model, 7 table models in 0 hours 0 minutes and 18.79 seconds (18.79s).
[0m03:30:22.823958 [debug] [MainThread]: Command end result
[0m03:30:22.837232 [info ] [MainThread]: 
[0m03:30:22.837888 [info ] [MainThread]: [31mCompleted with 1 error and 0 warnings:[0m
[0m03:30:22.838280 [info ] [MainThread]: 
[0m03:30:22.838694 [error] [MainThread]:   Database Error in model dim_date (models/dimentions/dim_date.sql)
  100039 (22003): Numeric value '56160308' is out of range
  compiled Code at target/run/dbt_taxiops/models/dimentions/dim_date.sql
[0m03:30:22.839230 [info ] [MainThread]: 
[0m03:30:22.839692 [info ] [MainThread]: Done. PASS=7 WARN=0 ERROR=1 SKIP=0 TOTAL=8
[0m03:30:22.841363 [debug] [MainThread]: Resource report: {"command_name": "run", "command_wall_clock_time": 21.714636, "process_user_time": 4.170269, "process_kernel_time": 2.265188, "process_mem_max_rss": "170840", "process_in_blocks": "672", "process_out_blocks": "3112", "command_success": false}
[0m03:30:22.842025 [debug] [MainThread]: Command `dbt run` failed at 03:30:22.841891 after 21.72 seconds
[0m03:30:22.842497 [debug] [MainThread]: Sending event: {'category': 'dbt', 'action': 'invocation', 'label': 'end', 'context': [<snowplow_tracker.self_describing_json.SelfDescribingJson object at 0x7051823a8c80>, <snowplow_tracker.self_describing_json.SelfDescribingJson object at 0x7051823a9970>, <snowplow_tracker.self_describing_json.SelfDescribingJson object at 0x705182677a70>]}
[0m03:30:22.843038 [debug] [MainThread]: Flushing usage events
[0m03:31:42.395681 [debug] [MainThread]: Sending event: {'category': 'dbt', 'action': 'invocation', 'label': 'start', 'context': [<snowplow_tracker.self_describing_json.SelfDescribingJson object at 0x79f032fa4770>, <snowplow_tracker.self_describing_json.SelfDescribingJson object at 0x79f032fa58e0>, <snowplow_tracker.self_describing_json.SelfDescribingJson object at 0x79f032fa59a0>]}


============================== 03:31:42.398928 | 7352ca17-7adf-4f4d-93ee-380ba56863de ==============================
[0m03:31:42.398928 [info ] [MainThread]: Running with dbt=1.7.19
[0m03:31:42.399659 [debug] [MainThread]: running dbt with arguments {'printer_width': '80', 'indirect_selection': 'eager', 'log_cache_events': 'False', 'write_json': 'True', 'partial_parse': 'True', 'cache_selected_only': 'False', 'profiles_dir': '/home/hiron/.dbt', 'fail_fast': 'False', 'version_check': 'True', 'log_path': '/home/hiron/Tega-Michael-Brian-Project/dbt_taxiops/logs', 'warn_error': 'None', 'debug': 'False', 'use_colors': 'True', 'use_experimental_parser': 'False', 'no_print': 'None', 'quiet': 'False', 'log_format': 'default', 'introspect': 'True', 'warn_error_options': 'WarnErrorOptions(include=[], exclude=[])', 'invocation_command': 'dbt run --select stg_taxi_trips_silver dim_date dim_payment_type dim_vendor hourly_kpis payment_kpis vendor_kpis airport_kpis', 'target_path': 'None', 'static_parser': 'True', 'send_anonymous_usage_stats': 'True'}
[0m03:31:42.824408 [debug] [MainThread]: Sending event: {'category': 'dbt', 'action': 'project_id', 'label': '7352ca17-7adf-4f4d-93ee-380ba56863de', 'context': [<snowplow_tracker.self_describing_json.SelfDescribingJson object at 0x79f031a8f080>]}
[0m03:31:42.877922 [debug] [MainThread]: Sending event: {'category': 'dbt', 'action': 'adapter_info', 'label': '7352ca17-7adf-4f4d-93ee-380ba56863de', 'context': [<snowplow_tracker.self_describing_json.SelfDescribingJson object at 0x79f0333e97c0>]}
[0m03:31:42.878805 [info ] [MainThread]: Registered adapter: snowflake=1.7.5
[0m03:31:42.889455 [debug] [MainThread]: checksum: a8d43cdff37d0f32d7fbe4c5c25bea4bb6c86e162f8ce8fdb1a38cdcf7495431, vars: {}, profile: , target: , version: 1.7.19
[0m03:31:42.922138 [debug] [MainThread]: Partial parsing enabled: 0 files deleted, 0 files added, 1 files changed.
[0m03:31:42.922861 [debug] [MainThread]: Partial parsing: updated file: dbt_taxiops://models/dimentions/dim_date.sql
[0m03:31:43.156637 [debug] [MainThread]: Sending event: {'category': 'dbt', 'action': 'load_project', 'label': '7352ca17-7adf-4f4d-93ee-380ba56863de', 'context': [<snowplow_tracker.self_describing_json.SelfDescribingJson object at 0x79f031753530>]}
[0m03:31:43.171568 [debug] [MainThread]: Sending event: {'category': 'dbt', 'action': 'resource_counts', 'label': '7352ca17-7adf-4f4d-93ee-380ba56863de', 'context': [<snowplow_tracker.self_describing_json.SelfDescribingJson object at 0x79f0316199a0>]}
[0m03:31:43.172259 [info ] [MainThread]: Found 15 tests, 9 models, 1 source, 0 exposures, 0 metrics, 431 macros, 0 groups, 0 semantic models
[0m03:31:43.172845 [debug] [MainThread]: Sending event: {'category': 'dbt', 'action': 'runnable_timing', 'label': '7352ca17-7adf-4f4d-93ee-380ba56863de', 'context': [<snowplow_tracker.self_describing_json.SelfDescribingJson object at 0x79f0314213d0>]}
[0m03:31:43.175757 [info ] [MainThread]: 
[0m03:31:43.177049 [debug] [MainThread]: Acquiring new snowflake connection 'master'
[0m03:31:43.179961 [debug] [ThreadPool]: Acquiring new snowflake connection 'list_TAXIOPS_DB'
[0m03:31:43.182086 [debug] [ThreadPool]: Acquiring new snowflake connection 'list_TAXIOPS_DB'
[0m03:31:43.195006 [debug] [ThreadPool]: Acquiring new snowflake connection 'list_TAXIOPS_DB'
[0m03:31:43.202648 [debug] [ThreadPool]: Using snowflake connection "list_TAXIOPS_DB"
[0m03:31:43.205878 [debug] [ThreadPool]: Using snowflake connection "list_TAXIOPS_DB"
[0m03:31:43.209208 [debug] [ThreadPool]: Using snowflake connection "list_TAXIOPS_DB"
[0m03:31:43.210277 [debug] [ThreadPool]: On list_TAXIOPS_DB: /* {"app": "dbt", "dbt_version": "1.7.19", "profile_name": "dbt_taxiops", "target_name": "dev", "connection_name": "list_TAXIOPS_DB"} */
show terse schemas in database TAXIOPS_DB
    limit 10000
[0m03:31:43.211003 [debug] [ThreadPool]: On list_TAXIOPS_DB: /* {"app": "dbt", "dbt_version": "1.7.19", "profile_name": "dbt_taxiops", "target_name": "dev", "connection_name": "list_TAXIOPS_DB"} */
show terse schemas in database TAXIOPS_DB
    limit 10000
[0m03:31:43.211833 [debug] [ThreadPool]: On list_TAXIOPS_DB: /* {"app": "dbt", "dbt_version": "1.7.19", "profile_name": "dbt_taxiops", "target_name": "dev", "connection_name": "list_TAXIOPS_DB"} */
show terse schemas in database TAXIOPS_DB
    limit 10000
[0m03:31:43.212566 [debug] [ThreadPool]: Opening a new connection, currently in state init
[0m03:31:43.213350 [debug] [ThreadPool]: Opening a new connection, currently in state init
[0m03:31:43.214020 [debug] [ThreadPool]: Opening a new connection, currently in state init
[0m03:31:47.819669 [debug] [ThreadPool]: SQL status: SUCCESS 5 in 5.0 seconds
[0m03:31:47.821778 [debug] [ThreadPool]: On list_TAXIOPS_DB: Close
[0m03:31:47.844970 [debug] [ThreadPool]: SQL status: SUCCESS 5 in 5.0 seconds
[0m03:31:47.846043 [debug] [ThreadPool]: SQL status: SUCCESS 5 in 5.0 seconds
[0m03:31:47.847873 [debug] [ThreadPool]: On list_TAXIOPS_DB: Close
[0m03:31:47.850311 [debug] [ThreadPool]: On list_TAXIOPS_DB: Close
[0m03:31:48.104478 [debug] [ThreadPool]: Re-using an available connection from the pool (formerly list_TAXIOPS_DB, now list_TAXIOPS_DB_PUBLIC_GOLD)
[0m03:31:48.106601 [debug] [ThreadPool]: Re-using an available connection from the pool (formerly list_TAXIOPS_DB, now list_TAXIOPS_DB_PUBLIC_STAGING)
[0m03:31:48.113614 [debug] [ThreadPool]: Re-using an available connection from the pool (formerly list_TAXIOPS_DB, now list_TAXIOPS_DB_PUBLIC)
[0m03:31:48.118448 [debug] [ThreadPool]: Using snowflake connection "list_TAXIOPS_DB_PUBLIC_GOLD"
[0m03:31:48.121903 [debug] [ThreadPool]: Using snowflake connection "list_TAXIOPS_DB_PUBLIC_STAGING"
[0m03:31:48.125756 [debug] [ThreadPool]: Using snowflake connection "list_TAXIOPS_DB_PUBLIC"
[0m03:31:48.126600 [debug] [ThreadPool]: On list_TAXIOPS_DB_PUBLIC_GOLD: /* {"app": "dbt", "dbt_version": "1.7.19", "profile_name": "dbt_taxiops", "target_name": "dev", "connection_name": "list_TAXIOPS_DB_PUBLIC_GOLD"} */
show objects in TAXIOPS_DB.PUBLIC_GOLD limit 10000
[0m03:31:48.127274 [debug] [ThreadPool]: On list_TAXIOPS_DB_PUBLIC_STAGING: /* {"app": "dbt", "dbt_version": "1.7.19", "profile_name": "dbt_taxiops", "target_name": "dev", "connection_name": "list_TAXIOPS_DB_PUBLIC_STAGING"} */
show objects in TAXIOPS_DB.PUBLIC_STAGING limit 10000
[0m03:31:48.127967 [debug] [ThreadPool]: On list_TAXIOPS_DB_PUBLIC: /* {"app": "dbt", "dbt_version": "1.7.19", "profile_name": "dbt_taxiops", "target_name": "dev", "connection_name": "list_TAXIOPS_DB_PUBLIC"} */
show objects in TAXIOPS_DB.PUBLIC limit 10000
[0m03:31:48.128524 [debug] [ThreadPool]: Opening a new connection, currently in state closed
[0m03:31:48.129079 [debug] [ThreadPool]: Opening a new connection, currently in state closed
[0m03:31:48.129797 [debug] [ThreadPool]: Opening a new connection, currently in state closed
[0m03:31:51.327106 [debug] [ThreadPool]: SQL status: SUCCESS 1 in 3.0 seconds
[0m03:31:51.329841 [debug] [ThreadPool]: On list_TAXIOPS_DB_PUBLIC_STAGING: Close
[0m03:31:51.403876 [debug] [ThreadPool]: SQL status: SUCCESS 2 in 3.0 seconds
[0m03:31:51.406457 [debug] [ThreadPool]: On list_TAXIOPS_DB_PUBLIC: Close
[0m03:31:51.440322 [debug] [ThreadPool]: SQL status: SUCCESS 4 in 3.0 seconds
[0m03:31:51.442481 [debug] [ThreadPool]: On list_TAXIOPS_DB_PUBLIC_GOLD: Close
[0m03:31:51.529864 [debug] [MainThread]: Sending event: {'category': 'dbt', 'action': 'runnable_timing', 'label': '7352ca17-7adf-4f4d-93ee-380ba56863de', 'context': [<snowplow_tracker.self_describing_json.SelfDescribingJson object at 0x79ef931ce000>]}
[0m03:31:51.531230 [info ] [MainThread]: Concurrency: 4 threads (target='dev')
[0m03:31:51.531885 [info ] [MainThread]: 
[0m03:31:51.537198 [debug] [Thread-1 (]: Began running node model.dbt_taxiops.stg_taxi_trips_silver
[0m03:31:51.538195 [info ] [Thread-1 (]: 1 of 8 START sql view model PUBLIC_STAGING.stg_taxi_trips_silver ............... [RUN]
[0m03:31:51.539294 [debug] [Thread-1 (]: Re-using an available connection from the pool (formerly list_TAXIOPS_DB_PUBLIC_GOLD, now model.dbt_taxiops.stg_taxi_trips_silver)
[0m03:31:51.539859 [debug] [Thread-1 (]: Began compiling node model.dbt_taxiops.stg_taxi_trips_silver
[0m03:31:51.548504 [debug] [Thread-1 (]: Writing injected SQL for node "model.dbt_taxiops.stg_taxi_trips_silver"
[0m03:31:51.549579 [debug] [Thread-1 (]: Timing info for model.dbt_taxiops.stg_taxi_trips_silver (compile): 03:31:51.540218 => 03:31:51.549229
[0m03:31:51.550070 [debug] [Thread-1 (]: Began executing node model.dbt_taxiops.stg_taxi_trips_silver
[0m03:31:51.583617 [debug] [Thread-1 (]: Writing runtime sql for node "model.dbt_taxiops.stg_taxi_trips_silver"
[0m03:31:51.586037 [debug] [Thread-1 (]: Using snowflake connection "model.dbt_taxiops.stg_taxi_trips_silver"
[0m03:31:51.586637 [debug] [Thread-1 (]: On model.dbt_taxiops.stg_taxi_trips_silver: /* {"app": "dbt", "dbt_version": "1.7.19", "profile_name": "dbt_taxiops", "target_name": "dev", "node_id": "model.dbt_taxiops.stg_taxi_trips_silver"} */
create or replace   view TAXIOPS_DB.PUBLIC_STAGING.stg_taxi_trips_silver
  
   as (
    

select
    event_id,
    schema_version,

    vendor_id,
    payment_type,
    ratecode_id,
    store_and_fwd_flag,

    pickup_datetime,
    dropoff_datetime,
    pickup_ts,
    dropoff_ts,
    event_ts,

    passenger_count,
    trip_distance,
    fare_amount,
    tip_amount,
    total_amount,
    extra,
    mta_tax,
    tolls_amount,
    improvement_surcharge,
    congestion_surcharge,
    airport_fee,

    pickup_location_id,
    dropoff_location_id,

    cast(pickup_ts as date) as pickup_date,
    date_part('hour', pickup_ts) as pickup_hour,

    round(datediff('second', pickup_ts, dropoff_ts) / 60.0, 2) as trip_duration_min,

    case
        when fare_amount > 0 then round(tip_amount / fare_amount, 4)
        else 0.0
    end as tip_rate,

    case
        when trip_distance > 0 then round(fare_amount / trip_distance, 2)
        else 0.0
    end as fare_per_mile,

    case
        when pickup_location_id in (132, 138) or dropoff_location_id in (132, 138) then true
        else false
    end as is_airport_trip,

    case
        when date_part('hour', pickup_ts) between 6 and 10 then 'morning'
        when date_part('hour', pickup_ts) between 11 and 15 then 'midday'
        when date_part('hour', pickup_ts) between 16 and 20 then 'evening'
        else 'overnight'
    end as trip_time_bucket

from TAXIOPS_DB.RAW.taxi_trips_silver
where pickup_ts is not null
  and dropoff_ts is not null
  and total_amount >= 0
  and fare_amount >= 0
  and trip_distance > 0
  and dropoff_ts > pickup_ts
  );
[0m03:31:51.587185 [debug] [Thread-1 (]: Opening a new connection, currently in state closed
[0m03:31:54.997383 [debug] [Thread-1 (]: SQL status: SUCCESS 1 in 3.0 seconds
[0m03:31:55.020610 [debug] [Thread-1 (]: Timing info for model.dbt_taxiops.stg_taxi_trips_silver (execute): 03:31:51.550362 => 03:31:55.020334
[0m03:31:55.021149 [debug] [Thread-1 (]: On model.dbt_taxiops.stg_taxi_trips_silver: Close
[0m03:31:55.082354 [debug] [Thread-1 (]: Sending event: {'category': 'dbt', 'action': 'run_model', 'label': '7352ca17-7adf-4f4d-93ee-380ba56863de', 'context': [<snowplow_tracker.self_describing_json.SelfDescribingJson object at 0x79efb0194fb0>]}
[0m03:31:55.083331 [info ] [Thread-1 (]: 1 of 8 OK created sql view model PUBLIC_STAGING.stg_taxi_trips_silver .......... [[32mSUCCESS 1[0m in 3.54s]
[0m03:31:55.084246 [debug] [Thread-1 (]: Finished running node model.dbt_taxiops.stg_taxi_trips_silver
[0m03:31:55.086452 [debug] [Thread-3 (]: Began running node model.dbt_taxiops.airport_kpis
[0m03:31:55.087590 [debug] [Thread-4 (]: Began running node model.dbt_taxiops.dim_date
[0m03:31:55.088494 [info ] [Thread-3 (]: 2 of 8 START sql table model PUBLIC_GOLD.airport_kpis .......................... [RUN]
[0m03:31:55.089394 [debug] [Thread-2 (]: Began running node model.dbt_taxiops.dim_payment_type
[0m03:31:55.091269 [debug] [Thread-1 (]: Began running node model.dbt_taxiops.dim_vendor
[0m03:31:55.090327 [info ] [Thread-4 (]: 3 of 8 START sql table model PUBLIC.dim_date ................................... [RUN]
[0m03:31:55.092909 [debug] [Thread-3 (]: Re-using an available connection from the pool (formerly list_TAXIOPS_DB_PUBLIC_STAGING, now model.dbt_taxiops.airport_kpis)
[0m03:31:55.094042 [info ] [Thread-2 (]: 4 of 8 START sql table model PUBLIC.dim_payment_type ........................... [RUN]
[0m03:31:55.095181 [info ] [Thread-1 (]: 5 of 8 START sql table model PUBLIC.dim_vendor ................................. [RUN]
[0m03:31:55.096824 [debug] [Thread-4 (]: Acquiring new snowflake connection 'model.dbt_taxiops.dim_date'
[0m03:31:55.097887 [debug] [Thread-3 (]: Began compiling node model.dbt_taxiops.airport_kpis
[0m03:31:55.099357 [debug] [Thread-2 (]: Re-using an available connection from the pool (formerly list_TAXIOPS_DB_PUBLIC, now model.dbt_taxiops.dim_payment_type)
[0m03:31:55.100843 [debug] [Thread-1 (]: Re-using an available connection from the pool (formerly model.dbt_taxiops.stg_taxi_trips_silver, now model.dbt_taxiops.dim_vendor)
[0m03:31:55.102069 [debug] [Thread-4 (]: Began compiling node model.dbt_taxiops.dim_date
[0m03:31:55.106718 [debug] [Thread-3 (]: Writing injected SQL for node "model.dbt_taxiops.airport_kpis"
[0m03:31:55.107756 [debug] [Thread-2 (]: Began compiling node model.dbt_taxiops.dim_payment_type
[0m03:31:55.108666 [debug] [Thread-1 (]: Began compiling node model.dbt_taxiops.dim_vendor
[0m03:31:55.113952 [debug] [Thread-4 (]: Writing injected SQL for node "model.dbt_taxiops.dim_date"
[0m03:31:55.119586 [debug] [Thread-2 (]: Writing injected SQL for node "model.dbt_taxiops.dim_payment_type"
[0m03:31:55.123831 [debug] [Thread-1 (]: Writing injected SQL for node "model.dbt_taxiops.dim_vendor"
[0m03:31:55.124987 [debug] [Thread-3 (]: Timing info for model.dbt_taxiops.airport_kpis (compile): 03:31:55.102955 => 03:31:55.124579
[0m03:31:55.127663 [debug] [Thread-2 (]: Timing info for model.dbt_taxiops.dim_payment_type (compile): 03:31:55.115291 => 03:31:55.127204
[0m03:31:55.128478 [debug] [Thread-4 (]: Timing info for model.dbt_taxiops.dim_date (compile): 03:31:55.109316 => 03:31:55.128036
[0m03:31:55.129434 [debug] [Thread-3 (]: Began executing node model.dbt_taxiops.airport_kpis
[0m03:31:55.130829 [debug] [Thread-2 (]: Began executing node model.dbt_taxiops.dim_payment_type
[0m03:31:55.132072 [debug] [Thread-1 (]: Timing info for model.dbt_taxiops.dim_vendor (compile): 03:31:55.120584 => 03:31:55.131728
[0m03:31:55.132671 [debug] [Thread-4 (]: Began executing node model.dbt_taxiops.dim_date
[0m03:31:55.170683 [debug] [Thread-2 (]: Writing runtime sql for node "model.dbt_taxiops.dim_payment_type"
[0m03:31:55.171685 [debug] [Thread-3 (]: Writing runtime sql for node "model.dbt_taxiops.airport_kpis"
[0m03:31:55.172543 [debug] [Thread-1 (]: Began executing node model.dbt_taxiops.dim_vendor
[0m03:31:55.175921 [debug] [Thread-4 (]: Writing runtime sql for node "model.dbt_taxiops.dim_date"
[0m03:31:55.180285 [debug] [Thread-1 (]: Writing runtime sql for node "model.dbt_taxiops.dim_vendor"
[0m03:31:55.182258 [debug] [Thread-3 (]: Using snowflake connection "model.dbt_taxiops.airport_kpis"
[0m03:31:55.183906 [debug] [Thread-2 (]: Using snowflake connection "model.dbt_taxiops.dim_payment_type"
[0m03:31:55.186095 [debug] [Thread-4 (]: Using snowflake connection "model.dbt_taxiops.dim_date"
[0m03:31:55.186869 [debug] [Thread-3 (]: On model.dbt_taxiops.airport_kpis: /* {"app": "dbt", "dbt_version": "1.7.19", "profile_name": "dbt_taxiops", "target_name": "dev", "node_id": "model.dbt_taxiops.airport_kpis"} */
create or replace transient table TAXIOPS_DB.PUBLIC_GOLD.airport_kpis
         as
        (

select
    pickup_date,
    is_airport_trip,

    count(*) as total_trips,
    round(sum(total_amount), 2) as total_revenue,
    round(avg(fare_amount), 2) as avg_fare_amount,
    round(avg(trip_distance), 2) as avg_trip_distance,
    round(avg(trip_duration_min), 2) as avg_trip_duration_min

from TAXIOPS_DB.PUBLIC_STAGING.stg_taxi_trips_silver
group by pickup_date, is_airport_trip
order by pickup_date, is_airport_trip
        );
[0m03:31:55.188032 [debug] [Thread-2 (]: On model.dbt_taxiops.dim_payment_type: /* {"app": "dbt", "dbt_version": "1.7.19", "profile_name": "dbt_taxiops", "target_name": "dev", "node_id": "model.dbt_taxiops.dim_payment_type"} */
create or replace transient table TAXIOPS_DB.PUBLIC.dim_payment_type
         as
        (

select distinct
    payment_type,
    case
        when payment_type = '1' then 'Credit Card'
        when payment_type = '2' then 'Cash'
        when payment_type = '3' then 'No Charge'
        when payment_type = '4' then 'Dispute'
        when payment_type = '5' then 'Unknown'
        when payment_type = '6' then 'Voided Trip'
        else 'Other'
    end as payment_type_desc
from TAXIOPS_DB.PUBLIC_STAGING.stg_taxi_trips_silver
where payment_type is not null
        );
[0m03:31:55.189155 [debug] [Thread-4 (]: On model.dbt_taxiops.dim_date: /* {"app": "dbt", "dbt_version": "1.7.19", "profile_name": "dbt_taxiops", "target_name": "dev", "node_id": "model.dbt_taxiops.dim_date"} */
create or replace transient table TAXIOPS_DB.PUBLIC.dim_date
         as
        (

select distinct
    pickup_date as date_key,
    extract(year from pickup_date) as year,
    extract(quarter from pickup_date) as quarter,
    extract(month from pickup_date) as month_num,
    to_char(pickup_date, 'Mon') as month_name,
    extract(day from pickup_date) as day_of_month,
    extract(dayofweek from pickup_date) as day_of_week_num,
    trim(to_char(pickup_date, 'Day')) as day_name,
    case
        when extract(dayofweek from pickup_date) in (1, 7) then true
        else false
    end as is_weekend
from TAXIOPS_DB.PUBLIC_STAGING.stg_taxi_trips_silver
where pickup_date is not null
        );
[0m03:31:55.190620 [debug] [Thread-1 (]: Using snowflake connection "model.dbt_taxiops.dim_vendor"
[0m03:31:55.191551 [debug] [Thread-3 (]: Opening a new connection, currently in state closed
[0m03:31:55.192431 [debug] [Thread-2 (]: Opening a new connection, currently in state closed
[0m03:31:55.193353 [debug] [Thread-4 (]: Opening a new connection, currently in state init
[0m03:31:55.194082 [debug] [Thread-1 (]: On model.dbt_taxiops.dim_vendor: /* {"app": "dbt", "dbt_version": "1.7.19", "profile_name": "dbt_taxiops", "target_name": "dev", "node_id": "model.dbt_taxiops.dim_vendor"} */
create or replace transient table TAXIOPS_DB.PUBLIC.dim_vendor
         as
        (

select distinct
    vendor_id,
    case
        when vendor_id = '1' then 'Creative Mobile Technologies'
        when vendor_id = '2' then 'VeriFone'
        else 'Unknown Vendor'
    end as vendor_name
from TAXIOPS_DB.PUBLIC_STAGING.stg_taxi_trips_silver
where vendor_id is not null
        );
[0m03:31:55.267477 [debug] [Thread-1 (]: Opening a new connection, currently in state closed
[0m03:31:58.719469 [debug] [Thread-1 (]: SQL status: SUCCESS 1 in 3.0 seconds
[0m03:31:58.723224 [debug] [Thread-1 (]: Timing info for model.dbt_taxiops.dim_vendor (execute): 03:31:55.177389 => 03:31:58.722875
[0m03:31:58.723950 [debug] [Thread-1 (]: On model.dbt_taxiops.dim_vendor: Close
[0m03:31:58.784733 [debug] [Thread-1 (]: Sending event: {'category': 'dbt', 'action': 'run_model', 'label': '7352ca17-7adf-4f4d-93ee-380ba56863de', 'context': [<snowplow_tracker.self_describing_json.SelfDescribingJson object at 0x79f031488f80>]}
[0m03:31:58.785638 [info ] [Thread-1 (]: 5 of 8 OK created sql table model PUBLIC.dim_vendor ............................ [[32mSUCCESS 1[0m in 3.68s]
[0m03:31:58.786723 [debug] [Thread-1 (]: Finished running node model.dbt_taxiops.dim_vendor
[0m03:31:58.787488 [debug] [Thread-1 (]: Began running node model.dbt_taxiops.hourly_kpis
[0m03:31:58.788681 [info ] [Thread-1 (]: 6 of 8 START sql table model PUBLIC_GOLD.hourly_kpis ........................... [RUN]
[0m03:31:58.789813 [debug] [Thread-1 (]: Re-using an available connection from the pool (formerly model.dbt_taxiops.dim_vendor, now model.dbt_taxiops.hourly_kpis)
[0m03:31:58.790359 [debug] [Thread-1 (]: Began compiling node model.dbt_taxiops.hourly_kpis
[0m03:31:58.793883 [debug] [Thread-1 (]: Writing injected SQL for node "model.dbt_taxiops.hourly_kpis"
[0m03:31:58.796055 [debug] [Thread-1 (]: Timing info for model.dbt_taxiops.hourly_kpis (compile): 03:31:58.790646 => 03:31:58.795589
[0m03:31:58.796756 [debug] [Thread-1 (]: Began executing node model.dbt_taxiops.hourly_kpis
[0m03:31:58.800779 [debug] [Thread-1 (]: Writing runtime sql for node "model.dbt_taxiops.hourly_kpis"
[0m03:31:58.802694 [debug] [Thread-1 (]: Using snowflake connection "model.dbt_taxiops.hourly_kpis"
[0m03:31:58.803505 [debug] [Thread-1 (]: On model.dbt_taxiops.hourly_kpis: /* {"app": "dbt", "dbt_version": "1.7.19", "profile_name": "dbt_taxiops", "target_name": "dev", "node_id": "model.dbt_taxiops.hourly_kpis"} */
create or replace transient table TAXIOPS_DB.PUBLIC_GOLD.hourly_kpis
         as
        (

select
    pickup_date,
    pickup_hour,
    count(*) as total_trips,
    round(sum(total_amount), 2) as total_revenue,
    round(avg(fare_amount), 2) as avg_fare_amount,
    round(avg(tip_amount), 2) as avg_tip_amount,
    round(avg(trip_distance), 2) as avg_trip_distance,
    round(avg(trip_duration_min), 2) as avg_trip_duration_min,
    round(avg(fare_per_mile), 2) as avg_fare_per_mile,
    round(avg(tip_rate), 4) as avg_tip_rate
from TAXIOPS_DB.PUBLIC_STAGING.stg_taxi_trips_silver
group by pickup_date, pickup_hour
order by pickup_date, pickup_hour
        );
[0m03:31:58.804141 [debug] [Thread-1 (]: Opening a new connection, currently in state closed
[0m03:31:59.158526 [debug] [Thread-3 (]: SQL status: SUCCESS 1 in 4.0 seconds
[0m03:31:59.161869 [debug] [Thread-3 (]: Timing info for model.dbt_taxiops.airport_kpis (execute): 03:31:55.133162 => 03:31:59.161621
[0m03:31:59.162439 [debug] [Thread-3 (]: On model.dbt_taxiops.airport_kpis: Close
[0m03:31:59.180524 [debug] [Thread-4 (]: Snowflake adapter: Snowflake query id: 01c37503-0001-3174-0018-f9430014c2e2
[0m03:31:59.181127 [debug] [Thread-4 (]: Snowflake adapter: Snowflake error: 100039 (22003): Numeric value '56160308' is out of range
[0m03:31:59.181758 [debug] [Thread-4 (]: Timing info for model.dbt_taxiops.dim_date (execute): 03:31:55.173075 => 03:31:59.181518
[0m03:31:59.182287 [debug] [Thread-4 (]: On model.dbt_taxiops.dim_date: Close
[0m03:31:59.235297 [debug] [Thread-3 (]: Sending event: {'category': 'dbt', 'action': 'run_model', 'label': '7352ca17-7adf-4f4d-93ee-380ba56863de', 'context': [<snowplow_tracker.self_describing_json.SelfDescribingJson object at 0x79efb01e1ee0>]}
[0m03:31:59.236177 [info ] [Thread-3 (]: 2 of 8 OK created sql table model PUBLIC_GOLD.airport_kpis ..................... [[32mSUCCESS 1[0m in 4.14s]
[0m03:31:59.237975 [debug] [Thread-3 (]: Finished running node model.dbt_taxiops.airport_kpis
[0m03:31:59.239334 [debug] [Thread-2 (]: SQL status: SUCCESS 1 in 4.0 seconds
[0m03:31:59.240115 [debug] [Thread-3 (]: Began running node model.dbt_taxiops.vendor_kpis
[0m03:31:59.243263 [debug] [Thread-2 (]: Timing info for model.dbt_taxiops.dim_payment_type (execute): 03:31:55.156805 => 03:31:59.242997
[0m03:31:59.244053 [info ] [Thread-3 (]: 7 of 8 START sql table model PUBLIC_GOLD.vendor_kpis ........................... [RUN]
[0m03:31:59.245522 [debug] [Thread-2 (]: On model.dbt_taxiops.dim_payment_type: Close
[0m03:31:59.246779 [debug] [Thread-3 (]: Re-using an available connection from the pool (formerly model.dbt_taxiops.airport_kpis, now model.dbt_taxiops.vendor_kpis)
[0m03:31:59.251131 [debug] [Thread-3 (]: Began compiling node model.dbt_taxiops.vendor_kpis
[0m03:31:59.257186 [debug] [Thread-3 (]: Writing injected SQL for node "model.dbt_taxiops.vendor_kpis"
[0m03:31:59.263663 [debug] [Thread-4 (]: Database Error in model dim_date (models/dimentions/dim_date.sql)
  100039 (22003): Numeric value '56160308' is out of range
  compiled Code at target/run/dbt_taxiops/models/dimentions/dim_date.sql
[0m03:31:59.264531 [debug] [Thread-4 (]: Sending event: {'category': 'dbt', 'action': 'run_model', 'label': '7352ca17-7adf-4f4d-93ee-380ba56863de', 'context': [<snowplow_tracker.self_describing_json.SelfDescribingJson object at 0x79eff01810a0>]}
[0m03:31:59.265339 [error] [Thread-4 (]: 3 of 8 ERROR creating sql table model PUBLIC.dim_date .......................... [[31mERROR[0m in 4.17s]
[0m03:31:59.266134 [debug] [Thread-3 (]: Timing info for model.dbt_taxiops.vendor_kpis (compile): 03:31:59.252778 => 03:31:59.265833
[0m03:31:59.267085 [debug] [Thread-4 (]: Finished running node model.dbt_taxiops.dim_date
[0m03:31:59.268407 [debug] [Thread-3 (]: Began executing node model.dbt_taxiops.vendor_kpis
[0m03:31:59.273327 [debug] [Thread-3 (]: Writing runtime sql for node "model.dbt_taxiops.vendor_kpis"
[0m03:31:59.275048 [debug] [Thread-3 (]: Using snowflake connection "model.dbt_taxiops.vendor_kpis"
[0m03:31:59.275704 [debug] [Thread-3 (]: On model.dbt_taxiops.vendor_kpis: /* {"app": "dbt", "dbt_version": "1.7.19", "profile_name": "dbt_taxiops", "target_name": "dev", "node_id": "model.dbt_taxiops.vendor_kpis"} */
create or replace transient table TAXIOPS_DB.PUBLIC_GOLD.vendor_kpis
         as
        (

select
    s.pickup_date,
    s.vendor_id,
    d.vendor_name,
    count(*) as total_trips,
    round(sum(s.total_amount), 2) as total_revenue,
    round(avg(s.trip_distance), 2) as avg_trip_distance,
    round(avg(s.fare_amount), 2) as avg_fare_amount,
    round(avg(s.fare_per_mile), 2) as avg_fare_per_mile,
    round(avg(s.trip_duration_min), 2) as avg_trip_duration_min,
    round(max(s.total_amount), 2) as max_trip_total
from TAXIOPS_DB.PUBLIC_STAGING.stg_taxi_trips_silver s
left join TAXIOPS_DB.PUBLIC.dim_vendor d
    on s.vendor_id = d.vendor_id
group by s.pickup_date, s.vendor_id, d.vendor_name
order by s.pickup_date, s.vendor_id
        );
[0m03:31:59.276150 [debug] [Thread-3 (]: Opening a new connection, currently in state closed
[0m03:31:59.324447 [debug] [Thread-2 (]: Sending event: {'category': 'dbt', 'action': 'run_model', 'label': '7352ca17-7adf-4f4d-93ee-380ba56863de', 'context': [<snowplow_tracker.self_describing_json.SelfDescribingJson object at 0x79eff033e2a0>]}
[0m03:31:59.325378 [info ] [Thread-2 (]: 4 of 8 OK created sql table model PUBLIC.dim_payment_type ...................... [[32mSUCCESS 1[0m in 4.23s]
[0m03:31:59.326216 [debug] [Thread-2 (]: Finished running node model.dbt_taxiops.dim_payment_type
[0m03:31:59.327904 [debug] [Thread-4 (]: Began running node model.dbt_taxiops.payment_kpis
[0m03:31:59.328774 [info ] [Thread-4 (]: 8 of 8 START sql table model PUBLIC_GOLD.payment_kpis .......................... [RUN]
[0m03:31:59.329887 [debug] [Thread-4 (]: Re-using an available connection from the pool (formerly model.dbt_taxiops.dim_date, now model.dbt_taxiops.payment_kpis)
[0m03:31:59.330612 [debug] [Thread-4 (]: Began compiling node model.dbt_taxiops.payment_kpis
[0m03:31:59.335584 [debug] [Thread-4 (]: Writing injected SQL for node "model.dbt_taxiops.payment_kpis"
[0m03:31:59.336922 [debug] [Thread-4 (]: Timing info for model.dbt_taxiops.payment_kpis (compile): 03:31:59.331123 => 03:31:59.336546
[0m03:31:59.337562 [debug] [Thread-4 (]: Began executing node model.dbt_taxiops.payment_kpis
[0m03:31:59.340961 [debug] [Thread-4 (]: Writing runtime sql for node "model.dbt_taxiops.payment_kpis"
[0m03:31:59.342714 [debug] [Thread-4 (]: Using snowflake connection "model.dbt_taxiops.payment_kpis"
[0m03:31:59.343340 [debug] [Thread-4 (]: On model.dbt_taxiops.payment_kpis: /* {"app": "dbt", "dbt_version": "1.7.19", "profile_name": "dbt_taxiops", "target_name": "dev", "node_id": "model.dbt_taxiops.payment_kpis"} */
create or replace transient table TAXIOPS_DB.PUBLIC_GOLD.payment_kpis
         as
        (

select
    s.pickup_date,
    s.payment_type,
    d.payment_type_desc,
    count(*) as total_trips,
    round(sum(s.total_amount), 2) as total_revenue,
    round(avg(s.fare_amount), 2) as avg_fare_amount,
    round(avg(s.tip_amount), 2) as avg_tip_amount,
    round(avg(s.tip_rate), 4) as avg_tip_rate,
    round(avg(s.trip_distance), 2) as avg_trip_distance
from TAXIOPS_DB.PUBLIC_STAGING.stg_taxi_trips_silver s
left join TAXIOPS_DB.PUBLIC.dim_payment_type d
    on s.payment_type = d.payment_type
group by s.pickup_date, s.payment_type, d.payment_type_desc
order by s.pickup_date, s.payment_type
        );
[0m03:31:59.343776 [debug] [Thread-4 (]: Opening a new connection, currently in state closed
[0m03:32:02.267688 [debug] [Thread-1 (]: SQL status: SUCCESS 1 in 3.0 seconds
[0m03:32:02.270974 [debug] [Thread-1 (]: Timing info for model.dbt_taxiops.hourly_kpis (execute): 03:31:58.797299 => 03:32:02.270725
[0m03:32:02.271530 [debug] [Thread-1 (]: On model.dbt_taxiops.hourly_kpis: Close
[0m03:32:02.333063 [debug] [Thread-1 (]: Sending event: {'category': 'dbt', 'action': 'run_model', 'label': '7352ca17-7adf-4f4d-93ee-380ba56863de', 'context': [<snowplow_tracker.self_describing_json.SelfDescribingJson object at 0x79f0291525d0>]}
[0m03:32:02.334137 [info ] [Thread-1 (]: 6 of 8 OK created sql table model PUBLIC_GOLD.hourly_kpis ...................... [[32mSUCCESS 1[0m in 3.54s]
[0m03:32:02.337154 [debug] [Thread-1 (]: Finished running node model.dbt_taxiops.hourly_kpis
[0m03:32:02.679235 [debug] [Thread-3 (]: SQL status: SUCCESS 1 in 3.0 seconds
[0m03:32:02.682652 [debug] [Thread-3 (]: Timing info for model.dbt_taxiops.vendor_kpis (execute): 03:31:59.270605 => 03:32:02.682408
[0m03:32:02.683370 [debug] [Thread-3 (]: On model.dbt_taxiops.vendor_kpis: Close
[0m03:32:02.763023 [debug] [Thread-3 (]: Sending event: {'category': 'dbt', 'action': 'run_model', 'label': '7352ca17-7adf-4f4d-93ee-380ba56863de', 'context': [<snowplow_tracker.self_describing_json.SelfDescribingJson object at 0x79eff03386b0>]}
[0m03:32:02.764016 [info ] [Thread-3 (]: 7 of 8 OK created sql table model PUBLIC_GOLD.vendor_kpis ...................... [[32mSUCCESS 1[0m in 3.52s]
[0m03:32:02.764771 [debug] [Thread-3 (]: Finished running node model.dbt_taxiops.vendor_kpis
[0m03:32:05.749518 [debug] [Thread-4 (]: SQL status: SUCCESS 1 in 6.0 seconds
[0m03:32:05.752735 [debug] [Thread-4 (]: Timing info for model.dbt_taxiops.payment_kpis (execute): 03:31:59.338022 => 03:32:05.752508
[0m03:32:05.753274 [debug] [Thread-4 (]: On model.dbt_taxiops.payment_kpis: Close
[0m03:32:05.833729 [debug] [Thread-4 (]: Sending event: {'category': 'dbt', 'action': 'run_model', 'label': '7352ca17-7adf-4f4d-93ee-380ba56863de', 'context': [<snowplow_tracker.self_describing_json.SelfDescribingJson object at 0x79eff03395e0>]}
[0m03:32:05.834590 [info ] [Thread-4 (]: 8 of 8 OK created sql table model PUBLIC_GOLD.payment_kpis ..................... [[32mSUCCESS 1[0m in 6.50s]
[0m03:32:05.835380 [debug] [Thread-4 (]: Finished running node model.dbt_taxiops.payment_kpis
[0m03:32:05.839816 [debug] [MainThread]: Connection 'master' was properly closed.
[0m03:32:05.840467 [debug] [MainThread]: Connection 'model.dbt_taxiops.hourly_kpis' was properly closed.
[0m03:32:05.840822 [debug] [MainThread]: Connection 'model.dbt_taxiops.vendor_kpis' was properly closed.
[0m03:32:05.841197 [debug] [MainThread]: Connection 'model.dbt_taxiops.dim_payment_type' was properly closed.
[0m03:32:05.841525 [debug] [MainThread]: Connection 'model.dbt_taxiops.payment_kpis' was properly closed.
[0m03:32:05.841893 [info ] [MainThread]: 
[0m03:32:05.842371 [info ] [MainThread]: Finished running 1 view model, 7 table models in 0 hours 0 minutes and 22.67 seconds (22.67s).
[0m03:32:05.844227 [debug] [MainThread]: Command end result
[0m03:32:05.856880 [info ] [MainThread]: 
[0m03:32:05.857624 [info ] [MainThread]: [31mCompleted with 1 error and 0 warnings:[0m
[0m03:32:05.858278 [info ] [MainThread]: 
[0m03:32:05.859046 [error] [MainThread]:   Database Error in model dim_date (models/dimentions/dim_date.sql)
  100039 (22003): Numeric value '56160308' is out of range
  compiled Code at target/run/dbt_taxiops/models/dimentions/dim_date.sql
[0m03:32:05.859784 [info ] [MainThread]: 
[0m03:32:05.860609 [info ] [MainThread]: Done. PASS=7 WARN=0 ERROR=1 SKIP=0 TOTAL=8
[0m03:32:05.862020 [debug] [MainThread]: Resource report: {"command_name": "run", "command_wall_clock_time": 24.306711, "process_user_time": 4.116066, "process_kernel_time": 1.759627, "process_mem_max_rss": "172988", "process_out_blocks": "3112", "command_success": false, "process_in_blocks": "0"}
[0m03:32:05.862736 [debug] [MainThread]: Command `dbt run` failed at 03:32:05.862542 after 24.31 seconds
[0m03:32:05.863376 [debug] [MainThread]: Sending event: {'category': 'dbt', 'action': 'invocation', 'label': 'end', 'context': [<snowplow_tracker.self_describing_json.SelfDescribingJson object at 0x79f032fa58e0>, <snowplow_tracker.self_describing_json.SelfDescribingJson object at 0x79ef931cc5c0>, <snowplow_tracker.self_describing_json.SelfDescribingJson object at 0x79f0333e9fa0>]}
[0m03:32:05.863993 [debug] [MainThread]: Flushing usage events
[0m03:36:21.457748 [debug] [MainThread]: Sending event: {'category': 'dbt', 'action': 'invocation', 'label': 'start', 'context': [<snowplow_tracker.self_describing_json.SelfDescribingJson object at 0x74a828c9c860>, <snowplow_tracker.self_describing_json.SelfDescribingJson object at 0x74a82948f0b0>, <snowplow_tracker.self_describing_json.SelfDescribingJson object at 0x74a828c9c950>]}


============================== 03:36:21.464637 | 3d31b85d-5bec-4c7c-81cf-78c9f063f111 ==============================
[0m03:36:21.464637 [info ] [MainThread]: Running with dbt=1.7.19
[0m03:36:21.465430 [debug] [MainThread]: running dbt with arguments {'printer_width': '80', 'indirect_selection': 'eager', 'write_json': 'True', 'log_cache_events': 'False', 'partial_parse': 'True', 'cache_selected_only': 'False', 'warn_error': 'None', 'version_check': 'True', 'fail_fast': 'False', 'log_path': '/home/hiron/Tega-Michael-Brian-Project/dbt_taxiops/logs', 'debug': 'False', 'profiles_dir': '/home/hiron/.dbt', 'use_colors': 'True', 'use_experimental_parser': 'False', 'no_print': 'None', 'quiet': 'False', 'warn_error_options': 'WarnErrorOptions(include=[], exclude=[])', 'introspect': 'True', 'static_parser': 'True', 'invocation_command': 'dbt run --select stg_taxi_trips_silver dim_date dim_payment_type dim_vendor hourly_kpis payment_kpis vendor_kpis airport_kpis', 'target_path': 'None', 'log_format': 'default', 'send_anonymous_usage_stats': 'True'}
[0m03:36:21.952852 [debug] [MainThread]: Sending event: {'category': 'dbt', 'action': 'project_id', 'label': '3d31b85d-5bec-4c7c-81cf-78c9f063f111', 'context': [<snowplow_tracker.self_describing_json.SelfDescribingJson object at 0x74a82908c0b0>]}
[0m03:36:22.005615 [debug] [MainThread]: Sending event: {'category': 'dbt', 'action': 'adapter_info', 'label': '3d31b85d-5bec-4c7c-81cf-78c9f063f111', 'context': [<snowplow_tracker.self_describing_json.SelfDescribingJson object at 0x74a82a1e8c80>]}
[0m03:36:22.006677 [info ] [MainThread]: Registered adapter: snowflake=1.7.5
[0m03:36:22.015345 [debug] [MainThread]: checksum: a8d43cdff37d0f32d7fbe4c5c25bea4bb6c86e162f8ce8fdb1a38cdcf7495431, vars: {}, profile: , target: , version: 1.7.19
[0m03:36:22.058698 [debug] [MainThread]: Partial parsing enabled: 0 files deleted, 0 files added, 0 files changed.
[0m03:36:22.059228 [debug] [MainThread]: Partial parsing enabled, no changes found, skipping parsing
[0m03:36:22.065268 [debug] [MainThread]: Sending event: {'category': 'dbt', 'action': 'load_project', 'label': '3d31b85d-5bec-4c7c-81cf-78c9f063f111', 'context': [<snowplow_tracker.self_describing_json.SelfDescribingJson object at 0x74a8274d9340>]}
[0m03:36:22.161318 [debug] [MainThread]: Sending event: {'category': 'dbt', 'action': 'resource_counts', 'label': '3d31b85d-5bec-4c7c-81cf-78c9f063f111', 'context': [<snowplow_tracker.self_describing_json.SelfDescribingJson object at 0x74a82730d250>]}
[0m03:36:22.162074 [info ] [MainThread]: Found 15 tests, 9 models, 1 source, 0 exposures, 0 metrics, 431 macros, 0 groups, 0 semantic models
[0m03:36:22.162616 [debug] [MainThread]: Sending event: {'category': 'dbt', 'action': 'runnable_timing', 'label': '3d31b85d-5bec-4c7c-81cf-78c9f063f111', 'context': [<snowplow_tracker.self_describing_json.SelfDescribingJson object at 0x74a829437b30>]}
[0m03:36:22.165470 [info ] [MainThread]: 
[0m03:36:22.166560 [debug] [MainThread]: Acquiring new snowflake connection 'master'
[0m03:36:22.168855 [debug] [ThreadPool]: Acquiring new snowflake connection 'list_TAXIOPS_DB'
[0m03:36:22.170810 [debug] [ThreadPool]: Acquiring new snowflake connection 'list_TAXIOPS_DB'
[0m03:36:22.184374 [debug] [ThreadPool]: Acquiring new snowflake connection 'list_TAXIOPS_DB'
[0m03:36:22.196517 [debug] [ThreadPool]: Using snowflake connection "list_TAXIOPS_DB"
[0m03:36:22.199274 [debug] [ThreadPool]: Using snowflake connection "list_TAXIOPS_DB"
[0m03:36:22.202404 [debug] [ThreadPool]: Using snowflake connection "list_TAXIOPS_DB"
[0m03:36:22.203509 [debug] [ThreadPool]: On list_TAXIOPS_DB: /* {"app": "dbt", "dbt_version": "1.7.19", "profile_name": "dbt_taxiops", "target_name": "dev", "connection_name": "list_TAXIOPS_DB"} */
show terse schemas in database TAXIOPS_DB
    limit 10000
[0m03:36:22.204302 [debug] [ThreadPool]: On list_TAXIOPS_DB: /* {"app": "dbt", "dbt_version": "1.7.19", "profile_name": "dbt_taxiops", "target_name": "dev", "connection_name": "list_TAXIOPS_DB"} */
show terse schemas in database TAXIOPS_DB
    limit 10000
[0m03:36:22.205038 [debug] [ThreadPool]: On list_TAXIOPS_DB: /* {"app": "dbt", "dbt_version": "1.7.19", "profile_name": "dbt_taxiops", "target_name": "dev", "connection_name": "list_TAXIOPS_DB"} */
show terse schemas in database TAXIOPS_DB
    limit 10000
[0m03:36:22.205861 [debug] [ThreadPool]: Opening a new connection, currently in state init
[0m03:36:22.206470 [debug] [ThreadPool]: Opening a new connection, currently in state init
[0m03:36:22.207150 [debug] [ThreadPool]: Opening a new connection, currently in state init
[0m03:36:26.911866 [debug] [ThreadPool]: SQL status: SUCCESS 3 in 5.0 seconds
[0m03:36:26.915967 [debug] [ThreadPool]: On list_TAXIOPS_DB: Close
[0m03:36:27.532988 [debug] [ThreadPool]: SQL status: SUCCESS 3 in 5.0 seconds
[0m03:36:27.535035 [debug] [ThreadPool]: On list_TAXIOPS_DB: Close
[0m03:36:27.626339 [debug] [ThreadPool]: SQL status: SUCCESS 3 in 5.0 seconds
[0m03:36:27.628505 [debug] [ThreadPool]: On list_TAXIOPS_DB: Close
[0m03:36:27.696862 [debug] [ThreadPool]: Re-using an available connection from the pool (formerly list_TAXIOPS_DB, now create_TAXIOPS_DB_PUBLIC_GOLD)
[0m03:36:27.697966 [debug] [ThreadPool]: Re-using an available connection from the pool (formerly list_TAXIOPS_DB, now create_TAXIOPS_DB_PUBLIC_STAGING)
[0m03:36:27.699635 [debug] [ThreadPool]: Creating schema "database: "TAXIOPS_DB"
schema: "PUBLIC_GOLD"
"
[0m03:36:27.701430 [debug] [ThreadPool]: Creating schema "database: "TAXIOPS_DB"
schema: "PUBLIC_STAGING"
"
[0m03:36:27.709972 [debug] [ThreadPool]: Using snowflake connection "create_TAXIOPS_DB_PUBLIC_GOLD"
[0m03:36:27.712482 [debug] [ThreadPool]: Using snowflake connection "create_TAXIOPS_DB_PUBLIC_STAGING"
[0m03:36:27.713476 [debug] [ThreadPool]: On create_TAXIOPS_DB_PUBLIC_GOLD: /* {"app": "dbt", "dbt_version": "1.7.19", "profile_name": "dbt_taxiops", "target_name": "dev", "connection_name": "create_TAXIOPS_DB_PUBLIC_GOLD"} */
create schema if not exists TAXIOPS_DB.PUBLIC_GOLD
[0m03:36:27.714510 [debug] [ThreadPool]: On create_TAXIOPS_DB_PUBLIC_STAGING: /* {"app": "dbt", "dbt_version": "1.7.19", "profile_name": "dbt_taxiops", "target_name": "dev", "connection_name": "create_TAXIOPS_DB_PUBLIC_STAGING"} */
create schema if not exists TAXIOPS_DB.PUBLIC_STAGING
[0m03:36:27.715156 [debug] [ThreadPool]: Opening a new connection, currently in state closed
[0m03:36:27.715936 [debug] [ThreadPool]: Opening a new connection, currently in state closed
[0m03:36:30.119131 [debug] [ThreadPool]: SQL status: SUCCESS 1 in 2.0 seconds
[0m03:36:30.120680 [debug] [ThreadPool]: On create_TAXIOPS_DB_PUBLIC_GOLD: Close
[0m03:36:30.884223 [debug] [ThreadPool]: SQL status: SUCCESS 1 in 3.0 seconds
[0m03:36:30.885966 [debug] [ThreadPool]: On create_TAXIOPS_DB_PUBLIC_STAGING: Close
[0m03:36:31.001226 [debug] [ThreadPool]: Re-using an available connection from the pool (formerly create_TAXIOPS_DB_PUBLIC_STAGING, now list_TAXIOPS_DB_PUBLIC_GOLD)
[0m03:36:31.003262 [debug] [ThreadPool]: Re-using an available connection from the pool (formerly create_TAXIOPS_DB_PUBLIC_GOLD, now list_TAXIOPS_DB_PUBLIC_STAGING)
[0m03:36:31.010925 [debug] [ThreadPool]: Re-using an available connection from the pool (formerly list_TAXIOPS_DB, now list_TAXIOPS_DB_PUBLIC)
[0m03:36:31.016106 [debug] [ThreadPool]: Using snowflake connection "list_TAXIOPS_DB_PUBLIC_GOLD"
[0m03:36:31.019312 [debug] [ThreadPool]: Using snowflake connection "list_TAXIOPS_DB_PUBLIC_STAGING"
[0m03:36:31.022280 [debug] [ThreadPool]: Using snowflake connection "list_TAXIOPS_DB_PUBLIC"
[0m03:36:31.023019 [debug] [ThreadPool]: On list_TAXIOPS_DB_PUBLIC_GOLD: /* {"app": "dbt", "dbt_version": "1.7.19", "profile_name": "dbt_taxiops", "target_name": "dev", "connection_name": "list_TAXIOPS_DB_PUBLIC_GOLD"} */
show objects in TAXIOPS_DB.PUBLIC_GOLD limit 10000
[0m03:36:31.023692 [debug] [ThreadPool]: On list_TAXIOPS_DB_PUBLIC_STAGING: /* {"app": "dbt", "dbt_version": "1.7.19", "profile_name": "dbt_taxiops", "target_name": "dev", "connection_name": "list_TAXIOPS_DB_PUBLIC_STAGING"} */
show objects in TAXIOPS_DB.PUBLIC_STAGING limit 10000
[0m03:36:31.024578 [debug] [ThreadPool]: On list_TAXIOPS_DB_PUBLIC: /* {"app": "dbt", "dbt_version": "1.7.19", "profile_name": "dbt_taxiops", "target_name": "dev", "connection_name": "list_TAXIOPS_DB_PUBLIC"} */
show objects in TAXIOPS_DB.PUBLIC limit 10000
[0m03:36:31.025554 [debug] [ThreadPool]: Opening a new connection, currently in state closed
[0m03:36:31.026244 [debug] [ThreadPool]: Opening a new connection, currently in state closed
[0m03:36:31.027048 [debug] [ThreadPool]: Opening a new connection, currently in state closed
[0m03:36:33.383885 [debug] [ThreadPool]: SQL status: SUCCESS 0 in 2.0 seconds
[0m03:36:33.385923 [debug] [ThreadPool]: On list_TAXIOPS_DB_PUBLIC_GOLD: Close
[0m03:36:34.196112 [debug] [ThreadPool]: SQL status: SUCCESS 0 in 3.0 seconds
[0m03:36:34.198154 [debug] [ThreadPool]: On list_TAXIOPS_DB_PUBLIC_STAGING: Close
[0m03:36:34.921258 [debug] [ThreadPool]: SQL status: SUCCESS 0 in 4.0 seconds
[0m03:36:34.923144 [debug] [ThreadPool]: On list_TAXIOPS_DB_PUBLIC: Close
[0m03:36:35.000554 [debug] [MainThread]: Sending event: {'category': 'dbt', 'action': 'runnable_timing', 'label': '3d31b85d-5bec-4c7c-81cf-78c9f063f111', 'context': [<snowplow_tracker.self_describing_json.SelfDescribingJson object at 0x74a8274474a0>]}
[0m03:36:35.002151 [info ] [MainThread]: Concurrency: 4 threads (target='dev')
[0m03:36:35.002921 [info ] [MainThread]: 
[0m03:36:35.010701 [debug] [Thread-1 (]: Began running node model.dbt_taxiops.stg_taxi_trips_silver
[0m03:36:35.011795 [info ] [Thread-1 (]: 1 of 8 START sql view model PUBLIC_STAGING.stg_taxi_trips_silver ............... [RUN]
[0m03:36:35.013271 [debug] [Thread-1 (]: Re-using an available connection from the pool (formerly list_TAXIOPS_DB_PUBLIC, now model.dbt_taxiops.stg_taxi_trips_silver)
[0m03:36:35.014164 [debug] [Thread-1 (]: Began compiling node model.dbt_taxiops.stg_taxi_trips_silver
[0m03:36:35.023335 [debug] [Thread-1 (]: Writing injected SQL for node "model.dbt_taxiops.stg_taxi_trips_silver"
[0m03:36:35.024647 [debug] [Thread-1 (]: Timing info for model.dbt_taxiops.stg_taxi_trips_silver (compile): 03:36:35.014732 => 03:36:35.024268
[0m03:36:35.025190 [debug] [Thread-1 (]: Began executing node model.dbt_taxiops.stg_taxi_trips_silver
[0m03:36:35.058759 [debug] [Thread-1 (]: Writing runtime sql for node "model.dbt_taxiops.stg_taxi_trips_silver"
[0m03:36:35.061093 [debug] [Thread-1 (]: Using snowflake connection "model.dbt_taxiops.stg_taxi_trips_silver"
[0m03:36:35.061626 [debug] [Thread-1 (]: On model.dbt_taxiops.stg_taxi_trips_silver: /* {"app": "dbt", "dbt_version": "1.7.19", "profile_name": "dbt_taxiops", "target_name": "dev", "node_id": "model.dbt_taxiops.stg_taxi_trips_silver"} */
create or replace   view TAXIOPS_DB.PUBLIC_STAGING.stg_taxi_trips_silver
  
   as (
    

select
    event_id,
    schema_version,

    vendor_id,
    payment_type,
    ratecode_id,
    store_and_fwd_flag,

    pickup_datetime,
    dropoff_datetime,
    pickup_ts,
    dropoff_ts,
    event_ts,

    passenger_count,
    trip_distance,
    fare_amount,
    tip_amount,
    total_amount,
    extra,
    mta_tax,
    tolls_amount,
    improvement_surcharge,
    congestion_surcharge,
    airport_fee,

    pickup_location_id,
    dropoff_location_id,

    cast(pickup_ts as date) as pickup_date,
    date_part('hour', pickup_ts) as pickup_hour,

    round(datediff('second', pickup_ts, dropoff_ts) / 60.0, 2) as trip_duration_min,

    case
        when fare_amount > 0 then round(tip_amount / fare_amount, 4)
        else 0.0
    end as tip_rate,

    case
        when trip_distance > 0 then round(fare_amount / trip_distance, 2)
        else 0.0
    end as fare_per_mile,

    case
        when pickup_location_id in (132, 138) or dropoff_location_id in (132, 138) then true
        else false
    end as is_airport_trip,

    case
        when date_part('hour', pickup_ts) between 6 and 10 then 'morning'
        when date_part('hour', pickup_ts) between 11 and 15 then 'midday'
        when date_part('hour', pickup_ts) between 16 and 20 then 'evening'
        else 'overnight'
    end as trip_time_bucket

from TAXIOPS_DB.RAW.taxi_trips_silver
where pickup_ts is not null
  and dropoff_ts is not null
  and total_amount >= 0
  and fare_amount >= 0
  and trip_distance > 0
  and dropoff_ts > pickup_ts
  );
[0m03:36:35.062094 [debug] [Thread-1 (]: Opening a new connection, currently in state closed
[0m03:36:37.594683 [debug] [Thread-1 (]: SQL status: SUCCESS 1 in 3.0 seconds
[0m03:36:37.614889 [debug] [Thread-1 (]: Timing info for model.dbt_taxiops.stg_taxi_trips_silver (execute): 03:36:35.025483 => 03:36:37.614547
[0m03:36:37.615565 [debug] [Thread-1 (]: On model.dbt_taxiops.stg_taxi_trips_silver: Close
[0m03:36:37.715743 [debug] [Thread-1 (]: Sending event: {'category': 'dbt', 'action': 'run_model', 'label': '3d31b85d-5bec-4c7c-81cf-78c9f063f111', 'context': [<snowplow_tracker.self_describing_json.SelfDescribingJson object at 0x74a7cb01d5e0>]}
[0m03:36:37.716613 [info ] [Thread-1 (]: 1 of 8 OK created sql view model PUBLIC_STAGING.stg_taxi_trips_silver .......... [[32mSUCCESS 1[0m in 2.70s]
[0m03:36:37.717349 [debug] [Thread-1 (]: Finished running node model.dbt_taxiops.stg_taxi_trips_silver
[0m03:36:37.719295 [debug] [Thread-3 (]: Began running node model.dbt_taxiops.airport_kpis
[0m03:36:37.720921 [debug] [Thread-4 (]: Began running node model.dbt_taxiops.dim_date
[0m03:36:37.722662 [debug] [Thread-2 (]: Began running node model.dbt_taxiops.dim_payment_type
[0m03:36:37.723918 [info ] [Thread-3 (]: 2 of 8 START sql table model PUBLIC_GOLD.airport_kpis .......................... [RUN]
[0m03:36:37.724956 [debug] [Thread-1 (]: Began running node model.dbt_taxiops.dim_vendor
[0m03:36:37.725914 [info ] [Thread-4 (]: 3 of 8 START sql table model PUBLIC.dim_date ................................... [RUN]
[0m03:36:37.727205 [info ] [Thread-2 (]: 4 of 8 START sql table model PUBLIC.dim_payment_type ........................... [RUN]
[0m03:36:37.728888 [debug] [Thread-3 (]: Re-using an available connection from the pool (formerly list_TAXIOPS_DB_PUBLIC_GOLD, now model.dbt_taxiops.airport_kpis)
[0m03:36:37.730432 [info ] [Thread-1 (]: 5 of 8 START sql table model PUBLIC.dim_vendor ................................. [RUN]
[0m03:36:37.732791 [debug] [Thread-4 (]: Acquiring new snowflake connection 'model.dbt_taxiops.dim_date'
[0m03:36:37.743595 [debug] [Thread-2 (]: Re-using an available connection from the pool (formerly list_TAXIOPS_DB_PUBLIC_STAGING, now model.dbt_taxiops.dim_payment_type)
[0m03:36:37.744663 [debug] [Thread-3 (]: Began compiling node model.dbt_taxiops.airport_kpis
[0m03:36:37.746090 [debug] [Thread-1 (]: Re-using an available connection from the pool (formerly model.dbt_taxiops.stg_taxi_trips_silver, now model.dbt_taxiops.dim_vendor)
[0m03:36:37.746920 [debug] [Thread-4 (]: Began compiling node model.dbt_taxiops.dim_date
[0m03:36:37.747889 [debug] [Thread-2 (]: Began compiling node model.dbt_taxiops.dim_payment_type
[0m03:36:37.751618 [debug] [Thread-3 (]: Writing injected SQL for node "model.dbt_taxiops.airport_kpis"
[0m03:36:37.753355 [debug] [Thread-1 (]: Began compiling node model.dbt_taxiops.dim_vendor
[0m03:36:37.758013 [debug] [Thread-4 (]: Writing injected SQL for node "model.dbt_taxiops.dim_date"
[0m03:36:37.761547 [debug] [Thread-2 (]: Writing injected SQL for node "model.dbt_taxiops.dim_payment_type"
[0m03:36:37.766579 [debug] [Thread-1 (]: Writing injected SQL for node "model.dbt_taxiops.dim_vendor"
[0m03:36:37.767903 [debug] [Thread-3 (]: Timing info for model.dbt_taxiops.airport_kpis (compile): 03:36:37.748527 => 03:36:37.767606
[0m03:36:37.769925 [debug] [Thread-4 (]: Timing info for model.dbt_taxiops.dim_date (compile): 03:36:37.754387 => 03:36:37.769377
[0m03:36:37.772265 [debug] [Thread-3 (]: Began executing node model.dbt_taxiops.airport_kpis
[0m03:36:37.773378 [debug] [Thread-1 (]: Timing info for model.dbt_taxiops.dim_vendor (compile): 03:36:37.762977 => 03:36:37.773032
[0m03:36:37.774251 [debug] [Thread-2 (]: Timing info for model.dbt_taxiops.dim_payment_type (compile): 03:36:37.758686 => 03:36:37.773904
[0m03:36:37.775206 [debug] [Thread-4 (]: Began executing node model.dbt_taxiops.dim_date
[0m03:36:37.782255 [debug] [Thread-1 (]: Began executing node model.dbt_taxiops.dim_vendor
[0m03:36:37.798851 [debug] [Thread-3 (]: Writing runtime sql for node "model.dbt_taxiops.airport_kpis"
[0m03:36:37.799641 [debug] [Thread-2 (]: Began executing node model.dbt_taxiops.dim_payment_type
[0m03:36:37.803870 [debug] [Thread-4 (]: Writing runtime sql for node "model.dbt_taxiops.dim_date"
[0m03:36:37.807686 [debug] [Thread-1 (]: Writing runtime sql for node "model.dbt_taxiops.dim_vendor"
[0m03:36:37.811719 [debug] [Thread-2 (]: Writing runtime sql for node "model.dbt_taxiops.dim_payment_type"
[0m03:36:37.814105 [debug] [Thread-3 (]: Using snowflake connection "model.dbt_taxiops.airport_kpis"
[0m03:36:37.816827 [debug] [Thread-4 (]: Using snowflake connection "model.dbt_taxiops.dim_date"
[0m03:36:37.817685 [debug] [Thread-3 (]: On model.dbt_taxiops.airport_kpis: /* {"app": "dbt", "dbt_version": "1.7.19", "profile_name": "dbt_taxiops", "target_name": "dev", "node_id": "model.dbt_taxiops.airport_kpis"} */
create or replace transient table TAXIOPS_DB.PUBLIC_GOLD.airport_kpis
         as
        (

select
    pickup_date,
    is_airport_trip,

    count(*) as total_trips,
    round(sum(total_amount), 2) as total_revenue,
    round(avg(fare_amount), 2) as avg_fare_amount,
    round(avg(trip_distance), 2) as avg_trip_distance,
    round(avg(trip_duration_min), 2) as avg_trip_duration_min

from TAXIOPS_DB.PUBLIC_STAGING.stg_taxi_trips_silver
group by pickup_date, is_airport_trip
order by pickup_date, is_airport_trip
        );
[0m03:36:37.819002 [debug] [Thread-1 (]: Using snowflake connection "model.dbt_taxiops.dim_vendor"
[0m03:36:37.819907 [debug] [Thread-4 (]: On model.dbt_taxiops.dim_date: /* {"app": "dbt", "dbt_version": "1.7.19", "profile_name": "dbt_taxiops", "target_name": "dev", "node_id": "model.dbt_taxiops.dim_date"} */
create or replace transient table TAXIOPS_DB.PUBLIC.dim_date
         as
        (

select distinct
    pickup_date as date_key,
    extract(year from pickup_date) as year,
    extract(quarter from pickup_date) as quarter,
    extract(month from pickup_date) as month_num,
    to_char(pickup_date, 'Mon') as month_name,
    extract(day from pickup_date) as day_of_month,
    extract(dayofweek from pickup_date) as day_of_week_num,
    trim(to_char(pickup_date, 'Day')) as day_name,
    case
        when extract(dayofweek from pickup_date) in (1, 7) then true
        else false
    end as is_weekend
from TAXIOPS_DB.PUBLIC_STAGING.stg_taxi_trips_silver
where pickup_date is not null
        );
[0m03:36:37.820930 [debug] [Thread-2 (]: Using snowflake connection "model.dbt_taxiops.dim_payment_type"
[0m03:36:37.821790 [debug] [Thread-3 (]: Opening a new connection, currently in state closed
[0m03:36:37.822735 [debug] [Thread-1 (]: On model.dbt_taxiops.dim_vendor: /* {"app": "dbt", "dbt_version": "1.7.19", "profile_name": "dbt_taxiops", "target_name": "dev", "node_id": "model.dbt_taxiops.dim_vendor"} */
create or replace transient table TAXIOPS_DB.PUBLIC.dim_vendor
         as
        (

select distinct
    vendor_id,
    case
        when vendor_id = '1' then 'Creative Mobile Technologies'
        when vendor_id = '2' then 'VeriFone'
        else 'Unknown Vendor'
    end as vendor_name
from TAXIOPS_DB.PUBLIC_STAGING.stg_taxi_trips_silver
where vendor_id is not null
        );
[0m03:36:37.823713 [debug] [Thread-4 (]: Opening a new connection, currently in state init
[0m03:36:37.824452 [debug] [Thread-2 (]: On model.dbt_taxiops.dim_payment_type: /* {"app": "dbt", "dbt_version": "1.7.19", "profile_name": "dbt_taxiops", "target_name": "dev", "node_id": "model.dbt_taxiops.dim_payment_type"} */
create or replace transient table TAXIOPS_DB.PUBLIC.dim_payment_type
         as
        (

select distinct
    payment_type,
    case
        when payment_type = '1' then 'Credit Card'
        when payment_type = '2' then 'Cash'
        when payment_type = '3' then 'No Charge'
        when payment_type = '4' then 'Dispute'
        when payment_type = '5' then 'Unknown'
        when payment_type = '6' then 'Voided Trip'
        else 'Other'
    end as payment_type_desc
from TAXIOPS_DB.PUBLIC_STAGING.stg_taxi_trips_silver
where payment_type is not null
        );
[0m03:36:37.832296 [debug] [Thread-1 (]: Opening a new connection, currently in state closed
[0m03:36:37.865339 [debug] [Thread-2 (]: Opening a new connection, currently in state closed
[0m03:36:41.146881 [debug] [Thread-1 (]: SQL status: SUCCESS 1 in 3.0 seconds
[0m03:36:41.149966 [debug] [Thread-1 (]: Timing info for model.dbt_taxiops.dim_vendor (execute): 03:36:37.804572 => 03:36:41.149692
[0m03:36:41.151652 [debug] [Thread-1 (]: On model.dbt_taxiops.dim_vendor: Close
[0m03:36:41.154869 [debug] [Thread-2 (]: SQL status: SUCCESS 1 in 3.0 seconds
[0m03:36:41.159014 [debug] [Thread-2 (]: Timing info for model.dbt_taxiops.dim_payment_type (execute): 03:36:37.808743 => 03:36:41.158790
[0m03:36:41.160171 [debug] [Thread-2 (]: On model.dbt_taxiops.dim_payment_type: Close
[0m03:36:41.171737 [debug] [Thread-3 (]: SQL status: SUCCESS 1 in 3.0 seconds
[0m03:36:41.174548 [debug] [Thread-3 (]: Timing info for model.dbt_taxiops.airport_kpis (execute): 03:36:37.776033 => 03:36:41.174328
[0m03:36:41.175060 [debug] [Thread-3 (]: On model.dbt_taxiops.airport_kpis: Close
[0m03:36:41.238180 [debug] [Thread-3 (]: Sending event: {'category': 'dbt', 'action': 'run_model', 'label': '3d31b85d-5bec-4c7c-81cf-78c9f063f111', 'context': [<snowplow_tracker.self_describing_json.SelfDescribingJson object at 0x74a80c11fd10>]}
[0m03:36:41.239082 [info ] [Thread-3 (]: 2 of 8 OK created sql table model PUBLIC_GOLD.airport_kpis ..................... [[32mSUCCESS 1[0m in 3.51s]
[0m03:36:41.240203 [debug] [Thread-3 (]: Finished running node model.dbt_taxiops.airport_kpis
[0m03:36:41.241949 [debug] [Thread-3 (]: Began running node model.dbt_taxiops.hourly_kpis
[0m03:36:41.243470 [info ] [Thread-3 (]: 6 of 8 START sql table model PUBLIC_GOLD.hourly_kpis ........................... [RUN]
[0m03:36:41.244988 [debug] [Thread-2 (]: Sending event: {'category': 'dbt', 'action': 'run_model', 'label': '3d31b85d-5bec-4c7c-81cf-78c9f063f111', 'context': [<snowplow_tracker.self_describing_json.SelfDescribingJson object at 0x74a82730fa10>]}
[0m03:36:41.246127 [debug] [Thread-3 (]: Re-using an available connection from the pool (formerly model.dbt_taxiops.airport_kpis, now model.dbt_taxiops.hourly_kpis)
[0m03:36:41.250179 [debug] [Thread-3 (]: Began compiling node model.dbt_taxiops.hourly_kpis
[0m03:36:41.247964 [info ] [Thread-2 (]: 4 of 8 OK created sql table model PUBLIC.dim_payment_type ...................... [[32mSUCCESS 1[0m in 3.51s]
[0m03:36:41.256100 [debug] [Thread-3 (]: Writing injected SQL for node "model.dbt_taxiops.hourly_kpis"
[0m03:36:41.257504 [debug] [Thread-2 (]: Finished running node model.dbt_taxiops.dim_payment_type
[0m03:36:41.260185 [debug] [Thread-1 (]: Sending event: {'category': 'dbt', 'action': 'run_model', 'label': '3d31b85d-5bec-4c7c-81cf-78c9f063f111', 'context': [<snowplow_tracker.self_describing_json.SelfDescribingJson object at 0x74a8272b3a10>]}
[0m03:36:41.262562 [debug] [Thread-2 (]: Began running node model.dbt_taxiops.payment_kpis
[0m03:36:41.263490 [debug] [Thread-3 (]: Timing info for model.dbt_taxiops.hourly_kpis (compile): 03:36:41.251437 => 03:36:41.263102
[0m03:36:41.264740 [info ] [Thread-1 (]: 5 of 8 OK created sql table model PUBLIC.dim_vendor ............................ [[32mSUCCESS 1[0m in 3.51s]
[0m03:36:41.266125 [info ] [Thread-2 (]: 7 of 8 START sql table model PUBLIC_GOLD.payment_kpis .......................... [RUN]
[0m03:36:41.267374 [debug] [Thread-3 (]: Began executing node model.dbt_taxiops.hourly_kpis
[0m03:36:41.268384 [debug] [Thread-1 (]: Finished running node model.dbt_taxiops.dim_vendor
[0m03:36:41.269480 [debug] [Thread-2 (]: Re-using an available connection from the pool (formerly model.dbt_taxiops.dim_payment_type, now model.dbt_taxiops.payment_kpis)
[0m03:36:41.273208 [debug] [Thread-3 (]: Writing runtime sql for node "model.dbt_taxiops.hourly_kpis"
[0m03:36:41.275167 [debug] [Thread-2 (]: Began compiling node model.dbt_taxiops.payment_kpis
[0m03:36:41.276217 [debug] [Thread-1 (]: Began running node model.dbt_taxiops.vendor_kpis
[0m03:36:41.281631 [debug] [Thread-2 (]: Writing injected SQL for node "model.dbt_taxiops.payment_kpis"
[0m03:36:41.283882 [debug] [Thread-3 (]: Using snowflake connection "model.dbt_taxiops.hourly_kpis"
[0m03:36:41.284664 [info ] [Thread-1 (]: 8 of 8 START sql table model PUBLIC_GOLD.vendor_kpis ........................... [RUN]
[0m03:36:41.285931 [debug] [Thread-3 (]: On model.dbt_taxiops.hourly_kpis: /* {"app": "dbt", "dbt_version": "1.7.19", "profile_name": "dbt_taxiops", "target_name": "dev", "node_id": "model.dbt_taxiops.hourly_kpis"} */
create or replace transient table TAXIOPS_DB.PUBLIC_GOLD.hourly_kpis
         as
        (

select
    pickup_date,
    pickup_hour,
    count(*) as total_trips,
    round(sum(total_amount), 2) as total_revenue,
    round(avg(fare_amount), 2) as avg_fare_amount,
    round(avg(tip_amount), 2) as avg_tip_amount,
    round(avg(trip_distance), 2) as avg_trip_distance,
    round(avg(trip_duration_min), 2) as avg_trip_duration_min,
    round(avg(fare_per_mile), 2) as avg_fare_per_mile,
    round(avg(tip_rate), 4) as avg_tip_rate
from TAXIOPS_DB.PUBLIC_STAGING.stg_taxi_trips_silver
group by pickup_date, pickup_hour
order by pickup_date, pickup_hour
        );
[0m03:36:41.287521 [debug] [Thread-1 (]: Re-using an available connection from the pool (formerly model.dbt_taxiops.dim_vendor, now model.dbt_taxiops.vendor_kpis)
[0m03:36:41.288933 [debug] [Thread-2 (]: Timing info for model.dbt_taxiops.payment_kpis (compile): 03:36:41.277388 => 03:36:41.288534
[0m03:36:41.289603 [debug] [Thread-3 (]: Opening a new connection, currently in state closed
[0m03:36:41.290725 [debug] [Thread-1 (]: Began compiling node model.dbt_taxiops.vendor_kpis
[0m03:36:41.291697 [debug] [Thread-2 (]: Began executing node model.dbt_taxiops.payment_kpis
[0m03:36:41.300839 [debug] [Thread-1 (]: Writing injected SQL for node "model.dbt_taxiops.vendor_kpis"
[0m03:36:41.305915 [debug] [Thread-2 (]: Writing runtime sql for node "model.dbt_taxiops.payment_kpis"
[0m03:36:41.327924 [debug] [Thread-2 (]: Using snowflake connection "model.dbt_taxiops.payment_kpis"
[0m03:36:41.329805 [debug] [Thread-1 (]: Timing info for model.dbt_taxiops.vendor_kpis (compile): 03:36:41.294839 => 03:36:41.329368
[0m03:36:41.335228 [debug] [Thread-2 (]: On model.dbt_taxiops.payment_kpis: /* {"app": "dbt", "dbt_version": "1.7.19", "profile_name": "dbt_taxiops", "target_name": "dev", "node_id": "model.dbt_taxiops.payment_kpis"} */
create or replace transient table TAXIOPS_DB.PUBLIC_GOLD.payment_kpis
         as
        (

select
    s.pickup_date,
    s.payment_type,
    d.payment_type_desc,
    count(*) as total_trips,
    round(sum(s.total_amount), 2) as total_revenue,
    round(avg(s.fare_amount), 2) as avg_fare_amount,
    round(avg(s.tip_amount), 2) as avg_tip_amount,
    round(avg(s.tip_rate), 4) as avg_tip_rate,
    round(avg(s.trip_distance), 2) as avg_trip_distance
from TAXIOPS_DB.PUBLIC_STAGING.stg_taxi_trips_silver s
left join TAXIOPS_DB.PUBLIC.dim_payment_type d
    on s.payment_type = d.payment_type
group by s.pickup_date, s.payment_type, d.payment_type_desc
order by s.pickup_date, s.payment_type
        );
[0m03:36:41.340948 [debug] [Thread-1 (]: Began executing node model.dbt_taxiops.vendor_kpis
[0m03:36:41.342027 [debug] [Thread-2 (]: Opening a new connection, currently in state closed
[0m03:36:41.345547 [debug] [Thread-1 (]: Writing runtime sql for node "model.dbt_taxiops.vendor_kpis"
[0m03:36:41.367781 [debug] [Thread-1 (]: Using snowflake connection "model.dbt_taxiops.vendor_kpis"
[0m03:36:41.369695 [debug] [Thread-1 (]: On model.dbt_taxiops.vendor_kpis: /* {"app": "dbt", "dbt_version": "1.7.19", "profile_name": "dbt_taxiops", "target_name": "dev", "node_id": "model.dbt_taxiops.vendor_kpis"} */
create or replace transient table TAXIOPS_DB.PUBLIC_GOLD.vendor_kpis
         as
        (

select
    s.pickup_date,
    s.vendor_id,
    d.vendor_name,
    count(*) as total_trips,
    round(sum(s.total_amount), 2) as total_revenue,
    round(avg(s.trip_distance), 2) as avg_trip_distance,
    round(avg(s.fare_amount), 2) as avg_fare_amount,
    round(avg(s.fare_per_mile), 2) as avg_fare_per_mile,
    round(avg(s.trip_duration_min), 2) as avg_trip_duration_min,
    round(max(s.total_amount), 2) as max_trip_total
from TAXIOPS_DB.PUBLIC_STAGING.stg_taxi_trips_silver s
left join TAXIOPS_DB.PUBLIC.dim_vendor d
    on s.vendor_id = d.vendor_id
group by s.pickup_date, s.vendor_id, d.vendor_name
order by s.pickup_date, s.vendor_id
        );
[0m03:36:41.375596 [debug] [Thread-1 (]: Opening a new connection, currently in state closed
[0m03:36:41.705076 [debug] [Thread-4 (]: SQL status: SUCCESS 1 in 4.0 seconds
[0m03:36:41.708284 [debug] [Thread-4 (]: Timing info for model.dbt_taxiops.dim_date (execute): 03:36:37.800111 => 03:36:41.708032
[0m03:36:41.708851 [debug] [Thread-4 (]: On model.dbt_taxiops.dim_date: Close
[0m03:36:41.775753 [debug] [Thread-4 (]: Sending event: {'category': 'dbt', 'action': 'run_model', 'label': '3d31b85d-5bec-4c7c-81cf-78c9f063f111', 'context': [<snowplow_tracker.self_describing_json.SelfDescribingJson object at 0x74a80f7d6cf0>]}
[0m03:36:41.776633 [info ] [Thread-4 (]: 3 of 8 OK created sql table model PUBLIC.dim_date .............................. [[32mSUCCESS 1[0m in 4.04s]
[0m03:36:41.777351 [debug] [Thread-4 (]: Finished running node model.dbt_taxiops.dim_date
[0m03:36:42.861029 [debug] [Thread-2 (]: SQL status: SUCCESS 1 in 2.0 seconds
[0m03:36:42.864299 [debug] [Thread-2 (]: Timing info for model.dbt_taxiops.payment_kpis (execute): 03:36:41.302559 => 03:36:42.864037
[0m03:36:42.864868 [debug] [Thread-2 (]: On model.dbt_taxiops.payment_kpis: Close
[0m03:36:42.932295 [debug] [Thread-2 (]: Sending event: {'category': 'dbt', 'action': 'run_model', 'label': '3d31b85d-5bec-4c7c-81cf-78c9f063f111', 'context': [<snowplow_tracker.self_describing_json.SelfDescribingJson object at 0x74a80c15c350>]}
[0m03:36:42.933264 [info ] [Thread-2 (]: 7 of 8 OK created sql table model PUBLIC_GOLD.payment_kpis ..................... [[32mSUCCESS 1[0m in 1.66s]
[0m03:36:42.934317 [debug] [Thread-2 (]: Finished running node model.dbt_taxiops.payment_kpis
[0m03:36:43.076863 [debug] [Thread-3 (]: SQL status: SUCCESS 1 in 2.0 seconds
[0m03:36:43.079831 [debug] [Thread-3 (]: Timing info for model.dbt_taxiops.hourly_kpis (execute): 03:36:41.270358 => 03:36:43.079599
[0m03:36:43.080403 [debug] [Thread-3 (]: On model.dbt_taxiops.hourly_kpis: Close
[0m03:36:43.156159 [debug] [Thread-3 (]: Sending event: {'category': 'dbt', 'action': 'run_model', 'label': '3d31b85d-5bec-4c7c-81cf-78c9f063f111', 'context': [<snowplow_tracker.self_describing_json.SelfDescribingJson object at 0x74a80c0c50d0>]}
[0m03:36:43.157138 [info ] [Thread-3 (]: 6 of 8 OK created sql table model PUBLIC_GOLD.hourly_kpis ...................... [[32mSUCCESS 1[0m in 1.91s]
[0m03:36:43.158003 [debug] [Thread-3 (]: Finished running node model.dbt_taxiops.hourly_kpis
[0m03:36:43.620440 [debug] [Thread-1 (]: SQL status: SUCCESS 1 in 2.0 seconds
[0m03:36:43.623282 [debug] [Thread-1 (]: Timing info for model.dbt_taxiops.vendor_kpis (execute): 03:36:41.342738 => 03:36:43.623066
[0m03:36:43.623795 [debug] [Thread-1 (]: On model.dbt_taxiops.vendor_kpis: Close
[0m03:36:43.696755 [debug] [Thread-1 (]: Sending event: {'category': 'dbt', 'action': 'run_model', 'label': '3d31b85d-5bec-4c7c-81cf-78c9f063f111', 'context': [<snowplow_tracker.self_describing_json.SelfDescribingJson object at 0x74a80c0740b0>]}
[0m03:36:43.697864 [info ] [Thread-1 (]: 8 of 8 OK created sql table model PUBLIC_GOLD.vendor_kpis ...................... [[32mSUCCESS 1[0m in 2.41s]
[0m03:36:43.698743 [debug] [Thread-1 (]: Finished running node model.dbt_taxiops.vendor_kpis
[0m03:36:43.703672 [debug] [MainThread]: Connection 'master' was properly closed.
[0m03:36:43.704254 [debug] [MainThread]: Connection 'model.dbt_taxiops.hourly_kpis' was properly closed.
[0m03:36:43.704698 [debug] [MainThread]: Connection 'model.dbt_taxiops.vendor_kpis' was properly closed.
[0m03:36:43.705218 [debug] [MainThread]: Connection 'model.dbt_taxiops.payment_kpis' was properly closed.
[0m03:36:43.705917 [debug] [MainThread]: Connection 'model.dbt_taxiops.dim_date' was properly closed.
[0m03:36:43.706556 [info ] [MainThread]: 
[0m03:36:43.707293 [info ] [MainThread]: Finished running 1 view model, 7 table models in 0 hours 0 minutes and 21.54 seconds (21.54s).
[0m03:36:43.709224 [debug] [MainThread]: Command end result
[0m03:36:43.722541 [info ] [MainThread]: 
[0m03:36:43.723272 [info ] [MainThread]: [32mCompleted successfully[0m
[0m03:36:43.723839 [info ] [MainThread]: 
[0m03:36:43.724353 [info ] [MainThread]: Done. PASS=8 WARN=0 ERROR=0 SKIP=0 TOTAL=8
[0m03:36:43.725822 [debug] [MainThread]: Resource report: {"command_name": "run", "command_success": true, "command_wall_clock_time": 24.224323, "process_user_time": 4.177836, "process_kernel_time": 2.049945, "process_mem_max_rss": "168232", "process_in_blocks": "5928", "process_out_blocks": "2192"}
[0m03:36:43.726865 [debug] [MainThread]: Command `dbt run` succeeded at 03:36:43.726595 after 24.23 seconds
[0m03:36:43.727548 [debug] [MainThread]: Sending event: {'category': 'dbt', 'action': 'invocation', 'label': 'end', 'context': [<snowplow_tracker.self_describing_json.SelfDescribingJson object at 0x74a828c9ca40>, <snowplow_tracker.self_describing_json.SelfDescribingJson object at 0x74a80c153fb0>, <snowplow_tracker.self_describing_json.SelfDescribingJson object at 0x74a82948f0b0>]}
[0m03:36:43.728243 [debug] [MainThread]: Flushing usage events
[0m04:16:25.081671 [debug] [MainThread]: Sending event: {'category': 'dbt', 'action': 'invocation', 'label': 'start', 'context': [<snowplow_tracker.self_describing_json.SelfDescribingJson object at 0x71e7df995730>, <snowplow_tracker.self_describing_json.SelfDescribingJson object at 0x71e7dfd37680>, <snowplow_tracker.self_describing_json.SelfDescribingJson object at 0x71e7df995dc0>]}


============================== 04:16:25.088804 | 7d81d940-0637-47f2-a861-4912dd2c8685 ==============================
[0m04:16:25.088804 [info ] [MainThread]: Running with dbt=1.7.19
[0m04:16:25.089871 [debug] [MainThread]: running dbt with arguments {'printer_width': '80', 'indirect_selection': 'eager', 'log_cache_events': 'False', 'write_json': 'True', 'partial_parse': 'True', 'cache_selected_only': 'False', 'profiles_dir': '/home/hiron/.dbt', 'version_check': 'True', 'fail_fast': 'False', 'log_path': '/home/hiron/Tega-Michael-Brian-Project/dbt_taxiops/logs', 'warn_error': 'None', 'debug': 'False', 'use_colors': 'True', 'use_experimental_parser': 'False', 'no_print': 'None', 'quiet': 'False', 'warn_error_options': 'WarnErrorOptions(include=[], exclude=[])', 'introspect': 'True', 'static_parser': 'True', 'invocation_command': 'dbt run --select stg_taxi_trips_silver dim_date dim_payment_type dim_vendor hourly_kpis payment_kpis vendor_kpis airport_kpis', 'target_path': 'None', 'log_format': 'default', 'send_anonymous_usage_stats': 'True'}
[0m04:16:26.566446 [debug] [MainThread]: Sending event: {'category': 'dbt', 'action': 'project_id', 'label': '7d81d940-0637-47f2-a861-4912dd2c8685', 'context': [<snowplow_tracker.self_describing_json.SelfDescribingJson object at 0x71e7b474fec0>]}
[0m04:16:26.623958 [debug] [MainThread]: Sending event: {'category': 'dbt', 'action': 'adapter_info', 'label': '7d81d940-0637-47f2-a861-4912dd2c8685', 'context': [<snowplow_tracker.self_describing_json.SelfDescribingJson object at 0x71e7b02ebb00>]}
[0m04:16:26.626090 [info ] [MainThread]: Registered adapter: snowflake=1.7.5
[0m04:16:26.639119 [debug] [MainThread]: checksum: a8d43cdff37d0f32d7fbe4c5c25bea4bb6c86e162f8ce8fdb1a38cdcf7495431, vars: {}, profile: , target: , version: 1.7.19
[0m04:16:26.758301 [debug] [MainThread]: Partial parsing enabled: 0 files deleted, 0 files added, 0 files changed.
[0m04:16:26.758909 [debug] [MainThread]: Partial parsing enabled, no changes found, skipping parsing
[0m04:16:26.765720 [debug] [MainThread]: Sending event: {'category': 'dbt', 'action': 'load_project', 'label': '7d81d940-0637-47f2-a861-4912dd2c8685', 'context': [<snowplow_tracker.self_describing_json.SelfDescribingJson object at 0x71e7b035b830>]}
[0m04:16:26.782783 [debug] [MainThread]: Sending event: {'category': 'dbt', 'action': 'resource_counts', 'label': '7d81d940-0637-47f2-a861-4912dd2c8685', 'context': [<snowplow_tracker.self_describing_json.SelfDescribingJson object at 0x71e7afec6870>]}
[0m04:16:26.783649 [info ] [MainThread]: Found 15 tests, 9 models, 1 source, 0 exposures, 0 metrics, 431 macros, 0 groups, 0 semantic models
[0m04:16:26.784241 [debug] [MainThread]: Sending event: {'category': 'dbt', 'action': 'runnable_timing', 'label': '7d81d940-0637-47f2-a861-4912dd2c8685', 'context': [<snowplow_tracker.self_describing_json.SelfDescribingJson object at 0x71e7df994a70>]}
[0m04:16:26.786960 [info ] [MainThread]: 
[0m04:16:26.788147 [debug] [MainThread]: Acquiring new snowflake connection 'master'
[0m04:16:26.790533 [debug] [ThreadPool]: Acquiring new snowflake connection 'list_TAXIOPS_DB'
[0m04:16:26.797971 [debug] [ThreadPool]: Acquiring new snowflake connection 'list_TAXIOPS_DB'
[0m04:16:26.806097 [debug] [ThreadPool]: Acquiring new snowflake connection 'list_TAXIOPS_DB'
[0m04:16:26.821402 [debug] [ThreadPool]: Using snowflake connection "list_TAXIOPS_DB"
[0m04:16:26.825060 [debug] [ThreadPool]: Using snowflake connection "list_TAXIOPS_DB"
[0m04:16:26.828492 [debug] [ThreadPool]: Using snowflake connection "list_TAXIOPS_DB"
[0m04:16:26.829598 [debug] [ThreadPool]: On list_TAXIOPS_DB: /* {"app": "dbt", "dbt_version": "1.7.19", "profile_name": "dbt_taxiops", "target_name": "dev", "connection_name": "list_TAXIOPS_DB"} */
show terse schemas in database TAXIOPS_DB
    limit 10000
[0m04:16:26.830888 [debug] [ThreadPool]: On list_TAXIOPS_DB: /* {"app": "dbt", "dbt_version": "1.7.19", "profile_name": "dbt_taxiops", "target_name": "dev", "connection_name": "list_TAXIOPS_DB"} */
show terse schemas in database TAXIOPS_DB
    limit 10000
[0m04:16:26.832449 [debug] [ThreadPool]: On list_TAXIOPS_DB: /* {"app": "dbt", "dbt_version": "1.7.19", "profile_name": "dbt_taxiops", "target_name": "dev", "connection_name": "list_TAXIOPS_DB"} */
show terse schemas in database TAXIOPS_DB
    limit 10000
[0m04:16:26.833192 [debug] [ThreadPool]: Opening a new connection, currently in state init
[0m04:16:26.833722 [debug] [ThreadPool]: Opening a new connection, currently in state init
[0m04:16:26.834202 [debug] [ThreadPool]: Opening a new connection, currently in state init
[0m04:16:30.031956 [debug] [ThreadPool]: SQL status: SUCCESS 3 in 3.0 seconds
[0m04:16:30.035811 [debug] [ThreadPool]: On list_TAXIOPS_DB: Close
[0m04:16:30.081391 [debug] [ThreadPool]: SQL status: SUCCESS 3 in 3.0 seconds
[0m04:16:30.083220 [debug] [ThreadPool]: On list_TAXIOPS_DB: Close
[0m04:16:30.087999 [debug] [ThreadPool]: SQL status: SUCCESS 3 in 3.0 seconds
[0m04:16:30.089868 [debug] [ThreadPool]: On list_TAXIOPS_DB: Close
[0m04:16:30.163865 [debug] [ThreadPool]: Re-using an available connection from the pool (formerly list_TAXIOPS_DB, now create_TAXIOPS_DB_PUBLIC_GOLD)
[0m04:16:30.165136 [debug] [ThreadPool]: Re-using an available connection from the pool (formerly list_TAXIOPS_DB, now create_TAXIOPS_DB_PUBLIC_STAGING)
[0m04:16:30.166402 [debug] [ThreadPool]: Creating schema "database: "TAXIOPS_DB"
schema: "PUBLIC_GOLD"
"
[0m04:16:30.167806 [debug] [ThreadPool]: Creating schema "database: "TAXIOPS_DB"
schema: "PUBLIC_STAGING"
"
[0m04:16:30.174197 [debug] [ThreadPool]: Using snowflake connection "create_TAXIOPS_DB_PUBLIC_GOLD"
[0m04:16:30.177334 [debug] [ThreadPool]: Using snowflake connection "create_TAXIOPS_DB_PUBLIC_STAGING"
[0m04:16:30.178209 [debug] [ThreadPool]: On create_TAXIOPS_DB_PUBLIC_GOLD: /* {"app": "dbt", "dbt_version": "1.7.19", "profile_name": "dbt_taxiops", "target_name": "dev", "connection_name": "create_TAXIOPS_DB_PUBLIC_GOLD"} */
create schema if not exists TAXIOPS_DB.PUBLIC_GOLD
[0m04:16:30.178939 [debug] [ThreadPool]: On create_TAXIOPS_DB_PUBLIC_STAGING: /* {"app": "dbt", "dbt_version": "1.7.19", "profile_name": "dbt_taxiops", "target_name": "dev", "connection_name": "create_TAXIOPS_DB_PUBLIC_STAGING"} */
create schema if not exists TAXIOPS_DB.PUBLIC_STAGING
[0m04:16:30.179706 [debug] [ThreadPool]: Opening a new connection, currently in state closed
[0m04:16:30.180364 [debug] [ThreadPool]: Opening a new connection, currently in state closed
[0m04:16:33.292096 [debug] [ThreadPool]: SQL status: SUCCESS 1 in 3.0 seconds
[0m04:16:33.293600 [debug] [ThreadPool]: On create_TAXIOPS_DB_PUBLIC_GOLD: Close
[0m04:16:33.363098 [debug] [ThreadPool]: SQL status: SUCCESS 1 in 3.0 seconds
[0m04:16:33.366907 [debug] [ThreadPool]: On create_TAXIOPS_DB_PUBLIC_STAGING: Close
[0m04:16:33.470457 [debug] [ThreadPool]: Re-using an available connection from the pool (formerly create_TAXIOPS_DB_PUBLIC_STAGING, now list_TAXIOPS_DB_PUBLIC_GOLD)
[0m04:16:33.472050 [debug] [ThreadPool]: Re-using an available connection from the pool (formerly create_TAXIOPS_DB_PUBLIC_GOLD, now list_TAXIOPS_DB_PUBLIC_STAGING)
[0m04:16:33.482293 [debug] [ThreadPool]: Using snowflake connection "list_TAXIOPS_DB_PUBLIC_GOLD"
[0m04:16:33.483659 [debug] [ThreadPool]: Re-using an available connection from the pool (formerly list_TAXIOPS_DB, now list_TAXIOPS_DB_PUBLIC)
[0m04:16:33.486442 [debug] [ThreadPool]: Using snowflake connection "list_TAXIOPS_DB_PUBLIC_STAGING"
[0m04:16:33.488026 [debug] [ThreadPool]: On list_TAXIOPS_DB_PUBLIC_GOLD: /* {"app": "dbt", "dbt_version": "1.7.19", "profile_name": "dbt_taxiops", "target_name": "dev", "connection_name": "list_TAXIOPS_DB_PUBLIC_GOLD"} */
show objects in TAXIOPS_DB.PUBLIC_GOLD limit 10000
[0m04:16:33.490679 [debug] [ThreadPool]: Using snowflake connection "list_TAXIOPS_DB_PUBLIC"
[0m04:16:33.491904 [debug] [ThreadPool]: On list_TAXIOPS_DB_PUBLIC_STAGING: /* {"app": "dbt", "dbt_version": "1.7.19", "profile_name": "dbt_taxiops", "target_name": "dev", "connection_name": "list_TAXIOPS_DB_PUBLIC_STAGING"} */
show objects in TAXIOPS_DB.PUBLIC_STAGING limit 10000
[0m04:16:33.493268 [debug] [ThreadPool]: Opening a new connection, currently in state closed
[0m04:16:33.494117 [debug] [ThreadPool]: On list_TAXIOPS_DB_PUBLIC: /* {"app": "dbt", "dbt_version": "1.7.19", "profile_name": "dbt_taxiops", "target_name": "dev", "connection_name": "list_TAXIOPS_DB_PUBLIC"} */
show objects in TAXIOPS_DB.PUBLIC limit 10000
[0m04:16:33.494873 [debug] [ThreadPool]: Opening a new connection, currently in state closed
[0m04:16:33.498227 [debug] [ThreadPool]: Opening a new connection, currently in state closed
[0m04:16:36.713441 [debug] [ThreadPool]: SQL status: SUCCESS 0 in 3.0 seconds
[0m04:16:36.715953 [debug] [ThreadPool]: On list_TAXIOPS_DB_PUBLIC_STAGING: Close
[0m04:16:36.864330 [debug] [ThreadPool]: SQL status: SUCCESS 0 in 3.0 seconds
[0m04:16:36.866142 [debug] [ThreadPool]: On list_TAXIOPS_DB_PUBLIC: Close
[0m04:16:37.102728 [debug] [ThreadPool]: SQL status: SUCCESS 0 in 4.0 seconds
[0m04:16:37.104651 [debug] [ThreadPool]: On list_TAXIOPS_DB_PUBLIC_GOLD: Close
[0m04:16:37.183284 [debug] [MainThread]: Sending event: {'category': 'dbt', 'action': 'runnable_timing', 'label': '7d81d940-0637-47f2-a861-4912dd2c8685', 'context': [<snowplow_tracker.self_describing_json.SelfDescribingJson object at 0x71e7e0ee0cb0>]}
[0m04:16:37.184407 [info ] [MainThread]: Concurrency: 4 threads (target='dev')
[0m04:16:37.184953 [info ] [MainThread]: 
[0m04:16:37.191556 [debug] [Thread-1 (]: Began running node model.dbt_taxiops.stg_taxi_trips_silver
[0m04:16:37.192523 [info ] [Thread-1 (]: 1 of 8 START sql view model PUBLIC_STAGING.stg_taxi_trips_silver ............... [RUN]
[0m04:16:37.193741 [debug] [Thread-1 (]: Re-using an available connection from the pool (formerly list_TAXIOPS_DB_PUBLIC_GOLD, now model.dbt_taxiops.stg_taxi_trips_silver)
[0m04:16:37.194328 [debug] [Thread-1 (]: Began compiling node model.dbt_taxiops.stg_taxi_trips_silver
[0m04:16:37.202799 [debug] [Thread-1 (]: Writing injected SQL for node "model.dbt_taxiops.stg_taxi_trips_silver"
[0m04:16:37.204140 [debug] [Thread-1 (]: Timing info for model.dbt_taxiops.stg_taxi_trips_silver (compile): 04:16:37.194686 => 04:16:37.203714
[0m04:16:37.204782 [debug] [Thread-1 (]: Began executing node model.dbt_taxiops.stg_taxi_trips_silver
[0m04:16:37.237027 [debug] [Thread-1 (]: Writing runtime sql for node "model.dbt_taxiops.stg_taxi_trips_silver"
[0m04:16:37.239728 [debug] [Thread-1 (]: Using snowflake connection "model.dbt_taxiops.stg_taxi_trips_silver"
[0m04:16:37.240417 [debug] [Thread-1 (]: On model.dbt_taxiops.stg_taxi_trips_silver: /* {"app": "dbt", "dbt_version": "1.7.19", "profile_name": "dbt_taxiops", "target_name": "dev", "node_id": "model.dbt_taxiops.stg_taxi_trips_silver"} */
create or replace   view TAXIOPS_DB.PUBLIC_STAGING.stg_taxi_trips_silver
  
   as (
    

select
    event_id,
    schema_version,

    vendor_id,
    payment_type,
    ratecode_id,
    store_and_fwd_flag,

    pickup_datetime,
    dropoff_datetime,
    pickup_ts,
    dropoff_ts,
    event_ts,

    passenger_count,
    trip_distance,
    fare_amount,
    tip_amount,
    total_amount,
    extra,
    mta_tax,
    tolls_amount,
    improvement_surcharge,
    congestion_surcharge,
    airport_fee,

    pickup_location_id,
    dropoff_location_id,

    cast(pickup_ts as date) as pickup_date,
    date_part('hour', pickup_ts) as pickup_hour,

    round(datediff('second', pickup_ts, dropoff_ts) / 60.0, 2) as trip_duration_min,

    case
        when fare_amount > 0 then round(tip_amount / fare_amount, 4)
        else 0.0
    end as tip_rate,

    case
        when trip_distance > 0 then round(fare_amount / trip_distance, 2)
        else 0.0
    end as fare_per_mile,

    case
        when pickup_location_id in (132, 138) or dropoff_location_id in (132, 138) then true
        else false
    end as is_airport_trip,

    case
        when date_part('hour', pickup_ts) between 6 and 10 then 'morning'
        when date_part('hour', pickup_ts) between 11 and 15 then 'midday'
        when date_part('hour', pickup_ts) between 16 and 20 then 'evening'
        else 'overnight'
    end as trip_time_bucket

from TAXIOPS_DB.RAW.taxi_trips_silver
where pickup_ts is not null
  and dropoff_ts is not null
  and total_amount >= 0
  and fare_amount >= 0
  and trip_distance > 0
  and dropoff_ts > pickup_ts
  );
[0m04:16:37.240862 [debug] [Thread-1 (]: Opening a new connection, currently in state closed
[0m04:16:40.600979 [debug] [Thread-1 (]: SQL status: SUCCESS 1 in 3.0 seconds
[0m04:16:40.622358 [debug] [Thread-1 (]: Timing info for model.dbt_taxiops.stg_taxi_trips_silver (execute): 04:16:37.205186 => 04:16:40.622084
[0m04:16:40.622975 [debug] [Thread-1 (]: On model.dbt_taxiops.stg_taxi_trips_silver: Close
[0m04:16:40.740823 [debug] [Thread-1 (]: Sending event: {'category': 'dbt', 'action': 'run_model', 'label': '7d81d940-0637-47f2-a861-4912dd2c8685', 'context': [<snowplow_tracker.self_describing_json.SelfDescribingJson object at 0x71e7afe3dc70>]}
[0m04:16:40.741799 [info ] [Thread-1 (]: 1 of 8 OK created sql view model PUBLIC_STAGING.stg_taxi_trips_silver .......... [[32mSUCCESS 1[0m in 3.55s]
[0m04:16:40.742608 [debug] [Thread-1 (]: Finished running node model.dbt_taxiops.stg_taxi_trips_silver
[0m04:16:40.745294 [debug] [Thread-3 (]: Began running node model.dbt_taxiops.airport_kpis
[0m04:16:40.747935 [debug] [Thread-4 (]: Began running node model.dbt_taxiops.dim_date
[0m04:16:40.748872 [debug] [Thread-2 (]: Began running node model.dbt_taxiops.dim_payment_type
[0m04:16:40.747218 [info ] [Thread-3 (]: 2 of 8 START sql table model PUBLIC_GOLD.airport_kpis .......................... [RUN]
[0m04:16:40.750115 [info ] [Thread-4 (]: 3 of 8 START sql table model PUBLIC.dim_date ................................... [RUN]
[0m04:16:40.751209 [debug] [Thread-1 (]: Began running node model.dbt_taxiops.dim_vendor
[0m04:16:40.752608 [info ] [Thread-2 (]: 4 of 8 START sql table model PUBLIC.dim_payment_type ........................... [RUN]
[0m04:16:40.754520 [debug] [Thread-3 (]: Re-using an available connection from the pool (formerly list_TAXIOPS_DB_PUBLIC_STAGING, now model.dbt_taxiops.airport_kpis)
[0m04:16:40.756165 [debug] [Thread-4 (]: Acquiring new snowflake connection 'model.dbt_taxiops.dim_date'
[0m04:16:40.757746 [info ] [Thread-1 (]: 5 of 8 START sql table model PUBLIC.dim_vendor ................................. [RUN]
[0m04:16:40.760158 [debug] [Thread-2 (]: Re-using an available connection from the pool (formerly list_TAXIOPS_DB_PUBLIC, now model.dbt_taxiops.dim_payment_type)
[0m04:16:40.761054 [debug] [Thread-3 (]: Began compiling node model.dbt_taxiops.airport_kpis
[0m04:16:40.762004 [debug] [Thread-4 (]: Began compiling node model.dbt_taxiops.dim_date
[0m04:16:40.763433 [debug] [Thread-1 (]: Re-using an available connection from the pool (formerly model.dbt_taxiops.stg_taxi_trips_silver, now model.dbt_taxiops.dim_vendor)
[0m04:16:40.764423 [debug] [Thread-2 (]: Began compiling node model.dbt_taxiops.dim_payment_type
[0m04:16:40.768422 [debug] [Thread-3 (]: Writing injected SQL for node "model.dbt_taxiops.airport_kpis"
[0m04:16:40.772409 [debug] [Thread-4 (]: Writing injected SQL for node "model.dbt_taxiops.dim_date"
[0m04:16:40.773722 [debug] [Thread-1 (]: Began compiling node model.dbt_taxiops.dim_vendor
[0m04:16:40.778053 [debug] [Thread-2 (]: Writing injected SQL for node "model.dbt_taxiops.dim_payment_type"
[0m04:16:40.783314 [debug] [Thread-1 (]: Writing injected SQL for node "model.dbt_taxiops.dim_vendor"
[0m04:16:40.785937 [debug] [Thread-4 (]: Timing info for model.dbt_taxiops.dim_date (compile): 04:16:40.769233 => 04:16:40.785597
[0m04:16:40.787564 [debug] [Thread-3 (]: Timing info for model.dbt_taxiops.airport_kpis (compile): 04:16:40.765176 => 04:16:40.787057
[0m04:16:40.788297 [debug] [Thread-2 (]: Timing info for model.dbt_taxiops.dim_payment_type (compile): 04:16:40.774490 => 04:16:40.788008
[0m04:16:40.789168 [debug] [Thread-4 (]: Began executing node model.dbt_taxiops.dim_date
[0m04:16:40.790487 [debug] [Thread-1 (]: Timing info for model.dbt_taxiops.dim_vendor (compile): 04:16:40.780181 => 04:16:40.789858
[0m04:16:40.791344 [debug] [Thread-3 (]: Began executing node model.dbt_taxiops.airport_kpis
[0m04:16:40.792487 [debug] [Thread-2 (]: Began executing node model.dbt_taxiops.dim_payment_type
[0m04:16:40.816166 [debug] [Thread-1 (]: Began executing node model.dbt_taxiops.dim_vendor
[0m04:16:40.820215 [debug] [Thread-4 (]: Writing runtime sql for node "model.dbt_taxiops.dim_date"
[0m04:16:40.823454 [debug] [Thread-3 (]: Writing runtime sql for node "model.dbt_taxiops.airport_kpis"
[0m04:16:40.827850 [debug] [Thread-2 (]: Writing runtime sql for node "model.dbt_taxiops.dim_payment_type"
[0m04:16:40.831586 [debug] [Thread-1 (]: Writing runtime sql for node "model.dbt_taxiops.dim_vendor"
[0m04:16:40.835091 [debug] [Thread-4 (]: Using snowflake connection "model.dbt_taxiops.dim_date"
[0m04:16:40.836989 [debug] [Thread-3 (]: Using snowflake connection "model.dbt_taxiops.airport_kpis"
[0m04:16:40.839173 [debug] [Thread-2 (]: Using snowflake connection "model.dbt_taxiops.dim_payment_type"
[0m04:16:40.840487 [debug] [Thread-4 (]: On model.dbt_taxiops.dim_date: /* {"app": "dbt", "dbt_version": "1.7.19", "profile_name": "dbt_taxiops", "target_name": "dev", "node_id": "model.dbt_taxiops.dim_date"} */
create or replace transient table TAXIOPS_DB.PUBLIC.dim_date
         as
        (

select distinct
    pickup_date as date_key,
    extract(year from pickup_date) as year,
    extract(quarter from pickup_date) as quarter,
    extract(month from pickup_date) as month_num,
    to_char(pickup_date, 'Mon') as month_name,
    extract(day from pickup_date) as day_of_month,
    extract(dayofweek from pickup_date) as day_of_week_num,
    trim(to_char(pickup_date, 'Day')) as day_name,
    case
        when extract(dayofweek from pickup_date) in (1, 7) then true
        else false
    end as is_weekend
from TAXIOPS_DB.PUBLIC_STAGING.stg_taxi_trips_silver
where pickup_date is not null
        );
[0m04:16:40.841521 [debug] [Thread-3 (]: On model.dbt_taxiops.airport_kpis: /* {"app": "dbt", "dbt_version": "1.7.19", "profile_name": "dbt_taxiops", "target_name": "dev", "node_id": "model.dbt_taxiops.airport_kpis"} */
create or replace transient table TAXIOPS_DB.PUBLIC_GOLD.airport_kpis
         as
        (

select
    pickup_date,
    is_airport_trip,

    count(*) as total_trips,
    round(sum(total_amount), 2) as total_revenue,
    round(avg(fare_amount), 2) as avg_fare_amount,
    round(avg(trip_distance), 2) as avg_trip_distance,
    round(avg(trip_duration_min), 2) as avg_trip_duration_min

from TAXIOPS_DB.PUBLIC_STAGING.stg_taxi_trips_silver
group by pickup_date, is_airport_trip
order by pickup_date, is_airport_trip
        );
[0m04:16:40.842764 [debug] [Thread-1 (]: Using snowflake connection "model.dbt_taxiops.dim_vendor"
[0m04:16:40.843646 [debug] [Thread-2 (]: On model.dbt_taxiops.dim_payment_type: /* {"app": "dbt", "dbt_version": "1.7.19", "profile_name": "dbt_taxiops", "target_name": "dev", "node_id": "model.dbt_taxiops.dim_payment_type"} */
create or replace transient table TAXIOPS_DB.PUBLIC.dim_payment_type
         as
        (

select distinct
    payment_type,
    case
        when payment_type = '1' then 'Credit Card'
        when payment_type = '2' then 'Cash'
        when payment_type = '3' then 'No Charge'
        when payment_type = '4' then 'Dispute'
        when payment_type = '5' then 'Unknown'
        when payment_type = '6' then 'Voided Trip'
        else 'Other'
    end as payment_type_desc
from TAXIOPS_DB.PUBLIC_STAGING.stg_taxi_trips_silver
where payment_type is not null
        );
[0m04:16:40.844481 [debug] [Thread-4 (]: Opening a new connection, currently in state init
[0m04:16:40.845045 [debug] [Thread-3 (]: Opening a new connection, currently in state closed
[0m04:16:40.845745 [debug] [Thread-1 (]: On model.dbt_taxiops.dim_vendor: /* {"app": "dbt", "dbt_version": "1.7.19", "profile_name": "dbt_taxiops", "target_name": "dev", "node_id": "model.dbt_taxiops.dim_vendor"} */
create or replace transient table TAXIOPS_DB.PUBLIC.dim_vendor
         as
        (

select distinct
    vendor_id,
    case
        when vendor_id = '1' then 'Creative Mobile Technologies'
        when vendor_id = '2' then 'VeriFone'
        else 'Unknown Vendor'
    end as vendor_name
from TAXIOPS_DB.PUBLIC_STAGING.stg_taxi_trips_silver
where vendor_id is not null
        );
[0m04:16:40.846821 [debug] [Thread-2 (]: Opening a new connection, currently in state closed
[0m04:16:40.858337 [debug] [Thread-1 (]: Opening a new connection, currently in state closed
[0m04:16:44.160669 [debug] [Thread-1 (]: SQL status: SUCCESS 1 in 3.0 seconds
[0m04:16:44.164023 [debug] [Thread-1 (]: Timing info for model.dbt_taxiops.dim_vendor (execute): 04:16:40.828617 => 04:16:44.163755
[0m04:16:44.164647 [debug] [Thread-1 (]: On model.dbt_taxiops.dim_vendor: Close
[0m04:16:44.199137 [debug] [Thread-4 (]: SQL status: SUCCESS 1 in 3.0 seconds
[0m04:16:44.202314 [debug] [Thread-4 (]: Timing info for model.dbt_taxiops.dim_date (execute): 04:16:40.793446 => 04:16:44.202064
[0m04:16:44.202886 [debug] [Thread-4 (]: On model.dbt_taxiops.dim_date: Close
[0m04:16:44.231428 [debug] [Thread-1 (]: Sending event: {'category': 'dbt', 'action': 'run_model', 'label': '7d81d940-0637-47f2-a861-4912dd2c8685', 'context': [<snowplow_tracker.self_describing_json.SelfDescribingJson object at 0x71e7ac829490>]}
[0m04:16:44.232613 [info ] [Thread-1 (]: 5 of 8 OK created sql table model PUBLIC.dim_vendor ............................ [[32mSUCCESS 1[0m in 3.47s]
[0m04:16:44.237045 [debug] [Thread-1 (]: Finished running node model.dbt_taxiops.dim_vendor
[0m04:16:44.239068 [debug] [Thread-2 (]: SQL status: SUCCESS 1 in 3.0 seconds
[0m04:16:44.239980 [debug] [Thread-1 (]: Began running node model.dbt_taxiops.hourly_kpis
[0m04:16:44.244536 [debug] [Thread-2 (]: Timing info for model.dbt_taxiops.dim_payment_type (execute): 04:16:40.824399 => 04:16:44.244278
[0m04:16:44.246211 [info ] [Thread-1 (]: 6 of 8 START sql table model PUBLIC_GOLD.hourly_kpis ........................... [RUN]
[0m04:16:44.247798 [debug] [Thread-2 (]: On model.dbt_taxiops.dim_payment_type: Close
[0m04:16:44.249039 [debug] [Thread-1 (]: Re-using an available connection from the pool (formerly model.dbt_taxiops.dim_vendor, now model.dbt_taxiops.hourly_kpis)
[0m04:16:44.252314 [debug] [Thread-1 (]: Began compiling node model.dbt_taxiops.hourly_kpis
[0m04:16:44.257892 [debug] [Thread-1 (]: Writing injected SQL for node "model.dbt_taxiops.hourly_kpis"
[0m04:16:44.260302 [debug] [Thread-1 (]: Timing info for model.dbt_taxiops.hourly_kpis (compile): 04:16:44.253517 => 04:16:44.259686
[0m04:16:44.260978 [debug] [Thread-1 (]: Began executing node model.dbt_taxiops.hourly_kpis
[0m04:16:44.264681 [debug] [Thread-1 (]: Writing runtime sql for node "model.dbt_taxiops.hourly_kpis"
[0m04:16:44.267085 [debug] [Thread-1 (]: Using snowflake connection "model.dbt_taxiops.hourly_kpis"
[0m04:16:44.269020 [debug] [Thread-1 (]: On model.dbt_taxiops.hourly_kpis: /* {"app": "dbt", "dbt_version": "1.7.19", "profile_name": "dbt_taxiops", "target_name": "dev", "node_id": "model.dbt_taxiops.hourly_kpis"} */
create or replace transient table TAXIOPS_DB.PUBLIC_GOLD.hourly_kpis
         as
        (

select
    pickup_date,
    pickup_hour,
    count(*) as total_trips,
    round(sum(total_amount), 2) as total_revenue,
    round(avg(fare_amount), 2) as avg_fare_amount,
    round(avg(tip_amount), 2) as avg_tip_amount,
    round(avg(trip_distance), 2) as avg_trip_distance,
    round(avg(trip_duration_min), 2) as avg_trip_duration_min,
    round(avg(fare_per_mile), 2) as avg_fare_per_mile,
    round(avg(tip_rate), 4) as avg_tip_rate
from TAXIOPS_DB.PUBLIC_STAGING.stg_taxi_trips_silver
group by pickup_date, pickup_hour
order by pickup_date, pickup_hour
        );
[0m04:16:44.269677 [debug] [Thread-1 (]: Opening a new connection, currently in state closed
[0m04:16:44.273543 [debug] [Thread-4 (]: Sending event: {'category': 'dbt', 'action': 'run_model', 'label': '7d81d940-0637-47f2-a861-4912dd2c8685', 'context': [<snowplow_tracker.self_describing_json.SelfDescribingJson object at 0x71e7ac8131d0>]}
[0m04:16:44.275558 [info ] [Thread-4 (]: 3 of 8 OK created sql table model PUBLIC.dim_date .............................. [[32mSUCCESS 1[0m in 3.52s]
[0m04:16:44.277582 [debug] [Thread-4 (]: Finished running node model.dbt_taxiops.dim_date
[0m04:16:44.295346 [debug] [Thread-4 (]: Began running node model.dbt_taxiops.vendor_kpis
[0m04:16:44.300388 [info ] [Thread-4 (]: 7 of 8 START sql table model PUBLIC_GOLD.vendor_kpis ........................... [RUN]
[0m04:16:44.306988 [debug] [Thread-4 (]: Re-using an available connection from the pool (formerly model.dbt_taxiops.dim_date, now model.dbt_taxiops.vendor_kpis)
[0m04:16:44.315232 [debug] [Thread-4 (]: Began compiling node model.dbt_taxiops.vendor_kpis
[0m04:16:44.320647 [debug] [Thread-4 (]: Writing injected SQL for node "model.dbt_taxiops.vendor_kpis"
[0m04:16:44.322031 [debug] [Thread-4 (]: Timing info for model.dbt_taxiops.vendor_kpis (compile): 04:16:44.316430 => 04:16:44.321598
[0m04:16:44.322687 [debug] [Thread-4 (]: Began executing node model.dbt_taxiops.vendor_kpis
[0m04:16:44.327723 [debug] [Thread-4 (]: Writing runtime sql for node "model.dbt_taxiops.vendor_kpis"
[0m04:16:44.329406 [debug] [Thread-4 (]: Using snowflake connection "model.dbt_taxiops.vendor_kpis"
[0m04:16:44.330361 [debug] [Thread-4 (]: On model.dbt_taxiops.vendor_kpis: /* {"app": "dbt", "dbt_version": "1.7.19", "profile_name": "dbt_taxiops", "target_name": "dev", "node_id": "model.dbt_taxiops.vendor_kpis"} */
create or replace transient table TAXIOPS_DB.PUBLIC_GOLD.vendor_kpis
         as
        (

select
    s.pickup_date,
    s.vendor_id,
    d.vendor_name,
    count(*) as total_trips,
    round(sum(s.total_amount), 2) as total_revenue,
    round(avg(s.trip_distance), 2) as avg_trip_distance,
    round(avg(s.fare_amount), 2) as avg_fare_amount,
    round(avg(s.fare_per_mile), 2) as avg_fare_per_mile,
    round(avg(s.trip_duration_min), 2) as avg_trip_duration_min,
    round(max(s.total_amount), 2) as max_trip_total
from TAXIOPS_DB.PUBLIC_STAGING.stg_taxi_trips_silver s
left join TAXIOPS_DB.PUBLIC.dim_vendor d
    on s.vendor_id = d.vendor_id
group by s.pickup_date, s.vendor_id, d.vendor_name
order by s.pickup_date, s.vendor_id
        );
[0m04:16:44.332283 [debug] [Thread-4 (]: Opening a new connection, currently in state closed
[0m04:16:44.354355 [debug] [Thread-3 (]: SQL status: SUCCESS 1 in 4.0 seconds
[0m04:16:44.358934 [debug] [Thread-3 (]: Timing info for model.dbt_taxiops.airport_kpis (execute): 04:16:40.820872 => 04:16:44.358679
[0m04:16:44.361829 [debug] [Thread-3 (]: On model.dbt_taxiops.airport_kpis: Close
[0m04:16:44.373377 [debug] [Thread-2 (]: Sending event: {'category': 'dbt', 'action': 'run_model', 'label': '7d81d940-0637-47f2-a861-4912dd2c8685', 'context': [<snowplow_tracker.self_describing_json.SelfDescribingJson object at 0x71e7aff641a0>]}
[0m04:16:44.377251 [info ] [Thread-2 (]: 4 of 8 OK created sql table model PUBLIC.dim_payment_type ...................... [[32mSUCCESS 1[0m in 3.61s]
[0m04:16:44.380047 [debug] [Thread-2 (]: Finished running node model.dbt_taxiops.dim_payment_type
[0m04:16:44.381367 [debug] [Thread-2 (]: Began running node model.dbt_taxiops.payment_kpis
[0m04:16:44.382118 [info ] [Thread-2 (]: 8 of 8 START sql table model PUBLIC_GOLD.payment_kpis .......................... [RUN]
[0m04:16:44.383274 [debug] [Thread-2 (]: Re-using an available connection from the pool (formerly model.dbt_taxiops.dim_payment_type, now model.dbt_taxiops.payment_kpis)
[0m04:16:44.384091 [debug] [Thread-2 (]: Began compiling node model.dbt_taxiops.payment_kpis
[0m04:16:44.388551 [debug] [Thread-2 (]: Writing injected SQL for node "model.dbt_taxiops.payment_kpis"
[0m04:16:44.390998 [debug] [Thread-2 (]: Timing info for model.dbt_taxiops.payment_kpis (compile): 04:16:44.384516 => 04:16:44.390565
[0m04:16:44.391639 [debug] [Thread-2 (]: Began executing node model.dbt_taxiops.payment_kpis
[0m04:16:44.394824 [debug] [Thread-2 (]: Writing runtime sql for node "model.dbt_taxiops.payment_kpis"
[0m04:16:44.396529 [debug] [Thread-2 (]: Using snowflake connection "model.dbt_taxiops.payment_kpis"
[0m04:16:44.397213 [debug] [Thread-2 (]: On model.dbt_taxiops.payment_kpis: /* {"app": "dbt", "dbt_version": "1.7.19", "profile_name": "dbt_taxiops", "target_name": "dev", "node_id": "model.dbt_taxiops.payment_kpis"} */
create or replace transient table TAXIOPS_DB.PUBLIC_GOLD.payment_kpis
         as
        (

select
    s.pickup_date,
    s.payment_type,
    d.payment_type_desc,
    count(*) as total_trips,
    round(sum(s.total_amount), 2) as total_revenue,
    round(avg(s.fare_amount), 2) as avg_fare_amount,
    round(avg(s.tip_amount), 2) as avg_tip_amount,
    round(avg(s.tip_rate), 4) as avg_tip_rate,
    round(avg(s.trip_distance), 2) as avg_trip_distance
from TAXIOPS_DB.PUBLIC_STAGING.stg_taxi_trips_silver s
left join TAXIOPS_DB.PUBLIC.dim_payment_type d
    on s.payment_type = d.payment_type
group by s.pickup_date, s.payment_type, d.payment_type_desc
order by s.pickup_date, s.payment_type
        );
[0m04:16:44.397720 [debug] [Thread-2 (]: Opening a new connection, currently in state closed
[0m04:16:44.461335 [debug] [Thread-3 (]: Sending event: {'category': 'dbt', 'action': 'run_model', 'label': '7d81d940-0637-47f2-a861-4912dd2c8685', 'context': [<snowplow_tracker.self_describing_json.SelfDescribingJson object at 0x71e7e28698b0>]}
[0m04:16:44.462352 [info ] [Thread-3 (]: 2 of 8 OK created sql table model PUBLIC_GOLD.airport_kpis ..................... [[32mSUCCESS 1[0m in 3.71s]
[0m04:16:44.463248 [debug] [Thread-3 (]: Finished running node model.dbt_taxiops.airport_kpis
[0m04:16:47.242447 [debug] [Thread-1 (]: SQL status: SUCCESS 1 in 3.0 seconds
[0m04:16:47.245279 [debug] [Thread-1 (]: Timing info for model.dbt_taxiops.hourly_kpis (execute): 04:16:44.261335 => 04:16:47.245029
[0m04:16:47.245836 [debug] [Thread-1 (]: On model.dbt_taxiops.hourly_kpis: Close
[0m04:16:47.311434 [debug] [Thread-1 (]: Sending event: {'category': 'dbt', 'action': 'run_model', 'label': '7d81d940-0637-47f2-a861-4912dd2c8685', 'context': [<snowplow_tracker.self_describing_json.SelfDescribingJson object at 0x71e7afe3a6c0>]}
[0m04:16:47.312419 [info ] [Thread-1 (]: 6 of 8 OK created sql table model PUBLIC_GOLD.hourly_kpis ...................... [[32mSUCCESS 1[0m in 3.06s]
[0m04:16:47.313318 [debug] [Thread-1 (]: Finished running node model.dbt_taxiops.hourly_kpis
[0m04:16:48.185362 [debug] [Thread-2 (]: SQL status: SUCCESS 1 in 4.0 seconds
[0m04:16:48.188713 [debug] [Thread-2 (]: Timing info for model.dbt_taxiops.payment_kpis (execute): 04:16:44.391960 => 04:16:48.188369
[0m04:16:48.189395 [debug] [Thread-2 (]: On model.dbt_taxiops.payment_kpis: Close
[0m04:16:48.276836 [debug] [Thread-2 (]: Sending event: {'category': 'dbt', 'action': 'run_model', 'label': '7d81d940-0637-47f2-a861-4912dd2c8685', 'context': [<snowplow_tracker.self_describing_json.SelfDescribingJson object at 0x71e7aff641a0>]}
[0m04:16:48.277756 [info ] [Thread-2 (]: 8 of 8 OK created sql table model PUBLIC_GOLD.payment_kpis ..................... [[32mSUCCESS 1[0m in 3.89s]
[0m04:16:48.278519 [debug] [Thread-2 (]: Finished running node model.dbt_taxiops.payment_kpis
[0m04:16:48.558760 [debug] [Thread-4 (]: SQL status: SUCCESS 1 in 4.0 seconds
[0m04:16:48.561903 [debug] [Thread-4 (]: Timing info for model.dbt_taxiops.vendor_kpis (execute): 04:16:44.323135 => 04:16:48.561641
[0m04:16:48.562493 [debug] [Thread-4 (]: On model.dbt_taxiops.vendor_kpis: Close
[0m04:16:48.647068 [debug] [Thread-4 (]: Sending event: {'category': 'dbt', 'action': 'run_model', 'label': '7d81d940-0637-47f2-a861-4912dd2c8685', 'context': [<snowplow_tracker.self_describing_json.SelfDescribingJson object at 0x71e7ac22b9b0>]}
[0m04:16:48.648189 [info ] [Thread-4 (]: 7 of 8 OK created sql table model PUBLIC_GOLD.vendor_kpis ...................... [[32mSUCCESS 1[0m in 4.34s]
[0m04:16:48.648999 [debug] [Thread-4 (]: Finished running node model.dbt_taxiops.vendor_kpis
[0m04:16:48.653776 [debug] [MainThread]: Connection 'master' was properly closed.
[0m04:16:48.654362 [debug] [MainThread]: Connection 'model.dbt_taxiops.hourly_kpis' was properly closed.
[0m04:16:48.654758 [debug] [MainThread]: Connection 'model.dbt_taxiops.airport_kpis' was properly closed.
[0m04:16:48.655172 [debug] [MainThread]: Connection 'model.dbt_taxiops.payment_kpis' was properly closed.
[0m04:16:48.655772 [debug] [MainThread]: Connection 'model.dbt_taxiops.vendor_kpis' was properly closed.
[0m04:16:48.656423 [info ] [MainThread]: 
[0m04:16:48.657116 [info ] [MainThread]: Finished running 1 view model, 7 table models in 0 hours 0 minutes and 21.87 seconds (21.87s).
[0m04:16:48.659516 [debug] [MainThread]: Command end result
[0m04:16:48.671814 [info ] [MainThread]: 
[0m04:16:48.672444 [info ] [MainThread]: [32mCompleted successfully[0m
[0m04:16:48.672893 [info ] [MainThread]: 
[0m04:16:48.673390 [info ] [MainThread]: Done. PASS=8 WARN=0 ERROR=0 SKIP=0 TOTAL=8
[0m04:16:48.674741 [debug] [MainThread]: Resource report: {"command_name": "run", "command_success": true, "command_wall_clock_time": 25.607393, "process_user_time": 7.144835, "process_kernel_time": 2.583727, "process_mem_max_rss": "197380", "process_in_blocks": "127408", "process_out_blocks": "2208"}
[0m04:16:48.675653 [debug] [MainThread]: Command `dbt run` succeeded at 04:16:48.675450 after 25.61 seconds
[0m04:16:48.676186 [debug] [MainThread]: Sending event: {'category': 'dbt', 'action': 'invocation', 'label': 'end', 'context': [<snowplow_tracker.self_describing_json.SelfDescribingJson object at 0x71e7afec7b00>, <snowplow_tracker.self_describing_json.SelfDescribingJson object at 0x71e7df994da0>, <snowplow_tracker.self_describing_json.SelfDescribingJson object at 0x71e7df994440>]}
[0m04:16:48.676814 [debug] [MainThread]: Flushing usage events
[0m04:40:00.241120 [debug] [MainThread]: Sending event: {'category': 'dbt', 'action': 'invocation', 'label': 'start', 'context': [<snowplow_tracker.self_describing_json.SelfDescribingJson object at 0x7d62a59b3d70>, <snowplow_tracker.self_describing_json.SelfDescribingJson object at 0x7d62a6006330>, <snowplow_tracker.self_describing_json.SelfDescribingJson object at 0x7d62a59b0470>]}


============================== 04:40:00.250512 | b0b9101a-0f20-4666-96f0-03e62a1cd870 ==============================
[0m04:40:00.250512 [info ] [MainThread]: Running with dbt=1.7.19
[0m04:40:00.251405 [debug] [MainThread]: running dbt with arguments {'printer_width': '80', 'indirect_selection': 'eager', 'log_cache_events': 'False', 'write_json': 'True', 'partial_parse': 'True', 'cache_selected_only': 'False', 'profiles_dir': '/home/hiron/.dbt', 'debug': 'False', 'fail_fast': 'False', 'log_path': '/home/hiron/Tega-Michael-Brian-Project/dbt_taxiops/logs', 'warn_error': 'None', 'version_check': 'True', 'use_colors': 'True', 'use_experimental_parser': 'False', 'no_print': 'None', 'quiet': 'False', 'warn_error_options': 'WarnErrorOptions(include=[], exclude=[])', 'introspect': 'True', 'static_parser': 'True', 'invocation_command': 'dbt run --select stg_taxi_trips_silver dim_date dim_payment_type dim_vendor hourly_kpis payment_kpis vendor_kpis airport_kpis', 'target_path': 'None', 'log_format': 'default', 'send_anonymous_usage_stats': 'True'}
[0m04:40:01.609194 [debug] [MainThread]: Sending event: {'category': 'dbt', 'action': 'project_id', 'label': 'b0b9101a-0f20-4666-96f0-03e62a1cd870', 'context': [<snowplow_tracker.self_describing_json.SelfDescribingJson object at 0x7d627852f740>]}
[0m04:40:01.662415 [debug] [MainThread]: Sending event: {'category': 'dbt', 'action': 'adapter_info', 'label': 'b0b9101a-0f20-4666-96f0-03e62a1cd870', 'context': [<snowplow_tracker.self_describing_json.SelfDescribingJson object at 0x7d6277a09ac0>]}
[0m04:40:01.664627 [info ] [MainThread]: Registered adapter: snowflake=1.7.5
[0m04:40:01.677462 [debug] [MainThread]: checksum: a8d43cdff37d0f32d7fbe4c5c25bea4bb6c86e162f8ce8fdb1a38cdcf7495431, vars: {}, profile: , target: , version: 1.7.19
[0m04:40:01.810906 [debug] [MainThread]: Partial parsing enabled: 0 files deleted, 0 files added, 0 files changed.
[0m04:40:01.811583 [debug] [MainThread]: Partial parsing enabled, no changes found, skipping parsing
[0m04:40:01.819262 [debug] [MainThread]: Sending event: {'category': 'dbt', 'action': 'load_project', 'label': 'b0b9101a-0f20-4666-96f0-03e62a1cd870', 'context': [<snowplow_tracker.self_describing_json.SelfDescribingJson object at 0x7d627603a660>]}
[0m04:40:01.838533 [debug] [MainThread]: Sending event: {'category': 'dbt', 'action': 'resource_counts', 'label': 'b0b9101a-0f20-4666-96f0-03e62a1cd870', 'context': [<snowplow_tracker.self_describing_json.SelfDescribingJson object at 0x7d6275eaaf60>]}
[0m04:40:01.839262 [info ] [MainThread]: Found 15 tests, 9 models, 1 source, 0 exposures, 0 metrics, 431 macros, 0 groups, 0 semantic models
[0m04:40:01.839736 [debug] [MainThread]: Sending event: {'category': 'dbt', 'action': 'runnable_timing', 'label': 'b0b9101a-0f20-4666-96f0-03e62a1cd870', 'context': [<snowplow_tracker.self_describing_json.SelfDescribingJson object at 0x7d62785b8dd0>]}
[0m04:40:01.842605 [info ] [MainThread]: 
[0m04:40:01.843725 [debug] [MainThread]: Acquiring new snowflake connection 'master'
[0m04:40:01.846269 [debug] [ThreadPool]: Acquiring new snowflake connection 'list_TAXIOPS_DB'
[0m04:40:01.854282 [debug] [ThreadPool]: Acquiring new snowflake connection 'list_TAXIOPS_DB'
[0m04:40:01.873445 [debug] [ThreadPool]: Acquiring new snowflake connection 'list_TAXIOPS_DB'
[0m04:40:01.877589 [debug] [ThreadPool]: Using snowflake connection "list_TAXIOPS_DB"
[0m04:40:01.879872 [debug] [ThreadPool]: Using snowflake connection "list_TAXIOPS_DB"
[0m04:40:01.882617 [debug] [ThreadPool]: Using snowflake connection "list_TAXIOPS_DB"
[0m04:40:01.883591 [debug] [ThreadPool]: On list_TAXIOPS_DB: /* {"app": "dbt", "dbt_version": "1.7.19", "profile_name": "dbt_taxiops", "target_name": "dev", "connection_name": "list_TAXIOPS_DB"} */
show terse schemas in database TAXIOPS_DB
    limit 10000
[0m04:40:01.884391 [debug] [ThreadPool]: On list_TAXIOPS_DB: /* {"app": "dbt", "dbt_version": "1.7.19", "profile_name": "dbt_taxiops", "target_name": "dev", "connection_name": "list_TAXIOPS_DB"} */
show terse schemas in database TAXIOPS_DB
    limit 10000
[0m04:40:01.886025 [debug] [ThreadPool]: On list_TAXIOPS_DB: /* {"app": "dbt", "dbt_version": "1.7.19", "profile_name": "dbt_taxiops", "target_name": "dev", "connection_name": "list_TAXIOPS_DB"} */
show terse schemas in database TAXIOPS_DB
    limit 10000
[0m04:40:01.887138 [debug] [ThreadPool]: Opening a new connection, currently in state init
[0m04:40:01.887943 [debug] [ThreadPool]: Opening a new connection, currently in state init
[0m04:40:01.888782 [debug] [ThreadPool]: Opening a new connection, currently in state init
[0m04:40:07.047545 [debug] [ThreadPool]: SQL status: SUCCESS 3 in 5.0 seconds
[0m04:40:07.050098 [debug] [ThreadPool]: On list_TAXIOPS_DB: Close
[0m04:40:07.074717 [debug] [ThreadPool]: SQL status: SUCCESS 3 in 5.0 seconds
[0m04:40:07.076412 [debug] [ThreadPool]: On list_TAXIOPS_DB: Close
[0m04:40:07.353030 [debug] [ThreadPool]: SQL status: SUCCESS 3 in 5.0 seconds
[0m04:40:07.354968 [debug] [ThreadPool]: On list_TAXIOPS_DB: Close
[0m04:40:07.417967 [debug] [ThreadPool]: Re-using an available connection from the pool (formerly list_TAXIOPS_DB, now create_TAXIOPS_DB_PUBLIC_STAGING)
[0m04:40:07.419470 [debug] [ThreadPool]: Re-using an available connection from the pool (formerly list_TAXIOPS_DB, now create_TAXIOPS_DB_PUBLIC_GOLD)
[0m04:40:07.422887 [debug] [ThreadPool]: Creating schema "database: "TAXIOPS_DB"
schema: "PUBLIC_STAGING"
"
[0m04:40:07.425188 [debug] [ThreadPool]: Creating schema "database: "TAXIOPS_DB"
schema: "PUBLIC_GOLD"
"
[0m04:40:07.432322 [debug] [ThreadPool]: Using snowflake connection "create_TAXIOPS_DB_PUBLIC_STAGING"
[0m04:40:07.435478 [debug] [ThreadPool]: Using snowflake connection "create_TAXIOPS_DB_PUBLIC_GOLD"
[0m04:40:07.436229 [debug] [ThreadPool]: On create_TAXIOPS_DB_PUBLIC_STAGING: /* {"app": "dbt", "dbt_version": "1.7.19", "profile_name": "dbt_taxiops", "target_name": "dev", "connection_name": "create_TAXIOPS_DB_PUBLIC_STAGING"} */
create schema if not exists TAXIOPS_DB.PUBLIC_STAGING
[0m04:40:07.436832 [debug] [ThreadPool]: On create_TAXIOPS_DB_PUBLIC_GOLD: /* {"app": "dbt", "dbt_version": "1.7.19", "profile_name": "dbt_taxiops", "target_name": "dev", "connection_name": "create_TAXIOPS_DB_PUBLIC_GOLD"} */
create schema if not exists TAXIOPS_DB.PUBLIC_GOLD
[0m04:40:07.437366 [debug] [ThreadPool]: Opening a new connection, currently in state closed
[0m04:40:07.437997 [debug] [ThreadPool]: Opening a new connection, currently in state closed
[0m04:40:10.594248 [debug] [ThreadPool]: SQL status: SUCCESS 1 in 3.0 seconds
[0m04:40:10.595686 [debug] [ThreadPool]: On create_TAXIOPS_DB_PUBLIC_STAGING: Close
[0m04:40:11.563137 [debug] [ThreadPool]: SQL status: SUCCESS 1 in 4.0 seconds
[0m04:40:11.564525 [debug] [ThreadPool]: On create_TAXIOPS_DB_PUBLIC_GOLD: Close
[0m04:40:11.641757 [debug] [ThreadPool]: Re-using an available connection from the pool (formerly create_TAXIOPS_DB_PUBLIC_GOLD, now list_TAXIOPS_DB_PUBLIC_STAGING)
[0m04:40:11.649712 [debug] [ThreadPool]: Re-using an available connection from the pool (formerly create_TAXIOPS_DB_PUBLIC_STAGING, now list_TAXIOPS_DB_PUBLIC_GOLD)
[0m04:40:11.659579 [debug] [ThreadPool]: Using snowflake connection "list_TAXIOPS_DB_PUBLIC_GOLD"
[0m04:40:11.655638 [debug] [ThreadPool]: Using snowflake connection "list_TAXIOPS_DB_PUBLIC_STAGING"
[0m04:40:11.660644 [debug] [ThreadPool]: On list_TAXIOPS_DB_PUBLIC_GOLD: /* {"app": "dbt", "dbt_version": "1.7.19", "profile_name": "dbt_taxiops", "target_name": "dev", "connection_name": "list_TAXIOPS_DB_PUBLIC_GOLD"} */
show objects in TAXIOPS_DB.PUBLIC_GOLD limit 10000
[0m04:40:11.662502 [debug] [ThreadPool]: Re-using an available connection from the pool (formerly list_TAXIOPS_DB, now list_TAXIOPS_DB_PUBLIC)
[0m04:40:11.663766 [debug] [ThreadPool]: On list_TAXIOPS_DB_PUBLIC_STAGING: /* {"app": "dbt", "dbt_version": "1.7.19", "profile_name": "dbt_taxiops", "target_name": "dev", "connection_name": "list_TAXIOPS_DB_PUBLIC_STAGING"} */
show objects in TAXIOPS_DB.PUBLIC_STAGING limit 10000
[0m04:40:11.664712 [debug] [ThreadPool]: Opening a new connection, currently in state closed
[0m04:40:11.777467 [debug] [ThreadPool]: Using snowflake connection "list_TAXIOPS_DB_PUBLIC"
[0m04:40:11.778751 [debug] [ThreadPool]: Opening a new connection, currently in state closed
[0m04:40:11.789102 [debug] [ThreadPool]: On list_TAXIOPS_DB_PUBLIC: /* {"app": "dbt", "dbt_version": "1.7.19", "profile_name": "dbt_taxiops", "target_name": "dev", "connection_name": "list_TAXIOPS_DB_PUBLIC"} */
show objects in TAXIOPS_DB.PUBLIC limit 10000
[0m04:40:11.822671 [debug] [ThreadPool]: Opening a new connection, currently in state closed
[0m04:40:14.431879 [debug] [ThreadPool]: SQL status: SUCCESS 0 in 3.0 seconds
[0m04:40:14.433966 [debug] [ThreadPool]: On list_TAXIOPS_DB_PUBLIC: Close
[0m04:40:14.460980 [debug] [ThreadPool]: SQL status: SUCCESS 0 in 3.0 seconds
[0m04:40:14.462890 [debug] [ThreadPool]: On list_TAXIOPS_DB_PUBLIC_GOLD: Close
[0m04:40:14.518652 [debug] [ThreadPool]: SQL status: SUCCESS 0 in 3.0 seconds
[0m04:40:14.520542 [debug] [ThreadPool]: On list_TAXIOPS_DB_PUBLIC_STAGING: Close
[0m04:40:14.597716 [debug] [MainThread]: Sending event: {'category': 'dbt', 'action': 'runnable_timing', 'label': 'b0b9101a-0f20-4666-96f0-03e62a1cd870', 'context': [<snowplow_tracker.self_describing_json.SelfDescribingJson object at 0x7d6244407e60>]}
[0m04:40:14.599168 [info ] [MainThread]: Concurrency: 4 threads (target='dev')
[0m04:40:14.599661 [info ] [MainThread]: 
[0m04:40:14.606997 [debug] [Thread-1 (]: Began running node model.dbt_taxiops.stg_taxi_trips_silver
[0m04:40:14.607885 [info ] [Thread-1 (]: 1 of 8 START sql view model PUBLIC_STAGING.stg_taxi_trips_silver ............... [RUN]
[0m04:40:14.609152 [debug] [Thread-1 (]: Re-using an available connection from the pool (formerly list_TAXIOPS_DB_PUBLIC_STAGING, now model.dbt_taxiops.stg_taxi_trips_silver)
[0m04:40:14.609887 [debug] [Thread-1 (]: Began compiling node model.dbt_taxiops.stg_taxi_trips_silver
[0m04:40:14.618115 [debug] [Thread-1 (]: Writing injected SQL for node "model.dbt_taxiops.stg_taxi_trips_silver"
[0m04:40:14.620639 [debug] [Thread-1 (]: Timing info for model.dbt_taxiops.stg_taxi_trips_silver (compile): 04:40:14.610277 => 04:40:14.619898
[0m04:40:14.621713 [debug] [Thread-1 (]: Began executing node model.dbt_taxiops.stg_taxi_trips_silver
[0m04:40:14.656085 [debug] [Thread-1 (]: Writing runtime sql for node "model.dbt_taxiops.stg_taxi_trips_silver"
[0m04:40:14.658302 [debug] [Thread-1 (]: Using snowflake connection "model.dbt_taxiops.stg_taxi_trips_silver"
[0m04:40:14.658900 [debug] [Thread-1 (]: On model.dbt_taxiops.stg_taxi_trips_silver: /* {"app": "dbt", "dbt_version": "1.7.19", "profile_name": "dbt_taxiops", "target_name": "dev", "node_id": "model.dbt_taxiops.stg_taxi_trips_silver"} */
create or replace   view TAXIOPS_DB.PUBLIC_STAGING.stg_taxi_trips_silver
  
   as (
    

select
    event_id,
    schema_version,

    vendor_id,
    payment_type,
    ratecode_id,
    store_and_fwd_flag,

    pickup_datetime,
    dropoff_datetime,
    pickup_ts,
    dropoff_ts,
    event_ts,

    passenger_count,
    trip_distance,
    fare_amount,
    tip_amount,
    total_amount,
    extra,
    mta_tax,
    tolls_amount,
    improvement_surcharge,
    congestion_surcharge,
    airport_fee,

    pickup_location_id,
    dropoff_location_id,

    cast(pickup_ts as date) as pickup_date,
    date_part('hour', pickup_ts) as pickup_hour,

    round(datediff('second', pickup_ts, dropoff_ts) / 60.0, 2) as trip_duration_min,

    case
        when fare_amount > 0 then round(tip_amount / fare_amount, 4)
        else 0.0
    end as tip_rate,

    case
        when trip_distance > 0 then round(fare_amount / trip_distance, 2)
        else 0.0
    end as fare_per_mile,

    case
        when pickup_location_id in (132, 138) or dropoff_location_id in (132, 138) then true
        else false
    end as is_airport_trip,

    case
        when date_part('hour', pickup_ts) between 6 and 10 then 'morning'
        when date_part('hour', pickup_ts) between 11 and 15 then 'midday'
        when date_part('hour', pickup_ts) between 16 and 20 then 'evening'
        else 'overnight'
    end as trip_time_bucket

from TAXIOPS_DB.RAW.taxi_trips_silver
where pickup_ts is not null
  and dropoff_ts is not null
  and total_amount >= 0
  and fare_amount >= 0
  and trip_distance > 0
  and dropoff_ts > pickup_ts
  );
[0m04:40:14.659341 [debug] [Thread-1 (]: Opening a new connection, currently in state closed
[0m04:40:18.450990 [debug] [Thread-1 (]: SQL status: SUCCESS 1 in 4.0 seconds
[0m04:40:18.471853 [debug] [Thread-1 (]: Timing info for model.dbt_taxiops.stg_taxi_trips_silver (execute): 04:40:14.622206 => 04:40:18.471574
[0m04:40:18.472385 [debug] [Thread-1 (]: On model.dbt_taxiops.stg_taxi_trips_silver: Close
[0m04:40:18.545133 [debug] [Thread-1 (]: Sending event: {'category': 'dbt', 'action': 'run_model', 'label': 'b0b9101a-0f20-4666-96f0-03e62a1cd870', 'context': [<snowplow_tracker.self_describing_json.SelfDescribingJson object at 0x7d62444a1640>]}
[0m04:40:18.546237 [info ] [Thread-1 (]: 1 of 8 OK created sql view model PUBLIC_STAGING.stg_taxi_trips_silver .......... [[32mSUCCESS 1[0m in 3.94s]
[0m04:40:18.547217 [debug] [Thread-1 (]: Finished running node model.dbt_taxiops.stg_taxi_trips_silver
[0m04:40:18.549618 [debug] [Thread-3 (]: Began running node model.dbt_taxiops.airport_kpis
[0m04:40:18.550394 [debug] [Thread-4 (]: Began running node model.dbt_taxiops.dim_date
[0m04:40:18.551964 [debug] [Thread-2 (]: Began running node model.dbt_taxiops.dim_payment_type
[0m04:40:18.551367 [info ] [Thread-3 (]: 2 of 8 START sql table model PUBLIC_GOLD.airport_kpis .......................... [RUN]
[0m04:40:18.552961 [debug] [Thread-1 (]: Began running node model.dbt_taxiops.dim_vendor
[0m04:40:18.554580 [info ] [Thread-4 (]: 3 of 8 START sql table model PUBLIC.dim_date ................................... [RUN]
[0m04:40:18.555850 [info ] [Thread-2 (]: 4 of 8 START sql table model PUBLIC.dim_payment_type ........................... [RUN]
[0m04:40:18.557933 [debug] [Thread-3 (]: Re-using an available connection from the pool (formerly list_TAXIOPS_DB_PUBLIC_GOLD, now model.dbt_taxiops.airport_kpis)
[0m04:40:18.558922 [info ] [Thread-1 (]: 5 of 8 START sql table model PUBLIC.dim_vendor ................................. [RUN]
[0m04:40:18.560549 [debug] [Thread-4 (]: Acquiring new snowflake connection 'model.dbt_taxiops.dim_date'
[0m04:40:18.562570 [debug] [Thread-2 (]: Re-using an available connection from the pool (formerly list_TAXIOPS_DB_PUBLIC, now model.dbt_taxiops.dim_payment_type)
[0m04:40:18.563625 [debug] [Thread-3 (]: Began compiling node model.dbt_taxiops.airport_kpis
[0m04:40:18.564921 [debug] [Thread-1 (]: Re-using an available connection from the pool (formerly model.dbt_taxiops.stg_taxi_trips_silver, now model.dbt_taxiops.dim_vendor)
[0m04:40:18.565807 [debug] [Thread-4 (]: Began compiling node model.dbt_taxiops.dim_date
[0m04:40:18.566666 [debug] [Thread-2 (]: Began compiling node model.dbt_taxiops.dim_payment_type
[0m04:40:18.571339 [debug] [Thread-3 (]: Writing injected SQL for node "model.dbt_taxiops.airport_kpis"
[0m04:40:18.572154 [debug] [Thread-1 (]: Began compiling node model.dbt_taxiops.dim_vendor
[0m04:40:18.575730 [debug] [Thread-4 (]: Writing injected SQL for node "model.dbt_taxiops.dim_date"
[0m04:40:18.579683 [debug] [Thread-2 (]: Writing injected SQL for node "model.dbt_taxiops.dim_payment_type"
[0m04:40:18.583597 [debug] [Thread-1 (]: Writing injected SQL for node "model.dbt_taxiops.dim_vendor"
[0m04:40:18.585363 [debug] [Thread-3 (]: Timing info for model.dbt_taxiops.airport_kpis (compile): 04:40:18.567397 => 04:40:18.584961
[0m04:40:18.586864 [debug] [Thread-4 (]: Timing info for model.dbt_taxiops.dim_date (compile): 04:40:18.572715 => 04:40:18.586422
[0m04:40:18.588345 [debug] [Thread-2 (]: Timing info for model.dbt_taxiops.dim_payment_type (compile): 04:40:18.576446 => 04:40:18.587834
[0m04:40:18.589479 [debug] [Thread-3 (]: Began executing node model.dbt_taxiops.airport_kpis
[0m04:40:18.590653 [debug] [Thread-4 (]: Began executing node model.dbt_taxiops.dim_date
[0m04:40:18.591434 [debug] [Thread-1 (]: Timing info for model.dbt_taxiops.dim_vendor (compile): 04:40:18.580598 => 04:40:18.591071
[0m04:40:18.592366 [debug] [Thread-2 (]: Began executing node model.dbt_taxiops.dim_payment_type
[0m04:40:18.628377 [debug] [Thread-3 (]: Writing runtime sql for node "model.dbt_taxiops.airport_kpis"
[0m04:40:18.632212 [debug] [Thread-4 (]: Writing runtime sql for node "model.dbt_taxiops.dim_date"
[0m04:40:18.633123 [debug] [Thread-1 (]: Began executing node model.dbt_taxiops.dim_vendor
[0m04:40:18.637739 [debug] [Thread-2 (]: Writing runtime sql for node "model.dbt_taxiops.dim_payment_type"
[0m04:40:18.643849 [debug] [Thread-1 (]: Writing runtime sql for node "model.dbt_taxiops.dim_vendor"
[0m04:40:18.646095 [debug] [Thread-4 (]: Using snowflake connection "model.dbt_taxiops.dim_date"
[0m04:40:18.647763 [debug] [Thread-3 (]: Using snowflake connection "model.dbt_taxiops.airport_kpis"
[0m04:40:18.649916 [debug] [Thread-2 (]: Using snowflake connection "model.dbt_taxiops.dim_payment_type"
[0m04:40:18.650685 [debug] [Thread-4 (]: On model.dbt_taxiops.dim_date: /* {"app": "dbt", "dbt_version": "1.7.19", "profile_name": "dbt_taxiops", "target_name": "dev", "node_id": "model.dbt_taxiops.dim_date"} */
create or replace transient table TAXIOPS_DB.PUBLIC.dim_date
         as
        (

select distinct
    pickup_date as date_key,
    extract(year from pickup_date) as year,
    extract(quarter from pickup_date) as quarter,
    extract(month from pickup_date) as month_num,
    to_char(pickup_date, 'Mon') as month_name,
    extract(day from pickup_date) as day_of_month,
    extract(dayofweek from pickup_date) as day_of_week_num,
    trim(to_char(pickup_date, 'Day')) as day_name,
    case
        when extract(dayofweek from pickup_date) in (1, 7) then true
        else false
    end as is_weekend
from TAXIOPS_DB.PUBLIC_STAGING.stg_taxi_trips_silver
where pickup_date is not null
        );
[0m04:40:18.651785 [debug] [Thread-3 (]: On model.dbt_taxiops.airport_kpis: /* {"app": "dbt", "dbt_version": "1.7.19", "profile_name": "dbt_taxiops", "target_name": "dev", "node_id": "model.dbt_taxiops.airport_kpis"} */
create or replace transient table TAXIOPS_DB.PUBLIC_GOLD.airport_kpis
         as
        (

select
    pickup_date,
    is_airport_trip,

    count(*) as total_trips,
    round(sum(total_amount), 2) as total_revenue,
    round(avg(fare_amount), 2) as avg_fare_amount,
    round(avg(trip_distance), 2) as avg_trip_distance,
    round(avg(trip_duration_min), 2) as avg_trip_duration_min

from TAXIOPS_DB.PUBLIC_STAGING.stg_taxi_trips_silver
group by pickup_date, is_airport_trip
order by pickup_date, is_airport_trip
        );
[0m04:40:18.652683 [debug] [Thread-1 (]: Using snowflake connection "model.dbt_taxiops.dim_vendor"
[0m04:40:18.653975 [debug] [Thread-2 (]: On model.dbt_taxiops.dim_payment_type: /* {"app": "dbt", "dbt_version": "1.7.19", "profile_name": "dbt_taxiops", "target_name": "dev", "node_id": "model.dbt_taxiops.dim_payment_type"} */
create or replace transient table TAXIOPS_DB.PUBLIC.dim_payment_type
         as
        (

select distinct
    payment_type,
    case
        when payment_type = '1' then 'Credit Card'
        when payment_type = '2' then 'Cash'
        when payment_type = '3' then 'No Charge'
        when payment_type = '4' then 'Dispute'
        when payment_type = '5' then 'Unknown'
        when payment_type = '6' then 'Voided Trip'
        else 'Other'
    end as payment_type_desc
from TAXIOPS_DB.PUBLIC_STAGING.stg_taxi_trips_silver
where payment_type is not null
        );
[0m04:40:18.654626 [debug] [Thread-4 (]: Opening a new connection, currently in state init
[0m04:40:18.655221 [debug] [Thread-3 (]: Opening a new connection, currently in state closed
[0m04:40:18.656062 [debug] [Thread-1 (]: On model.dbt_taxiops.dim_vendor: /* {"app": "dbt", "dbt_version": "1.7.19", "profile_name": "dbt_taxiops", "target_name": "dev", "node_id": "model.dbt_taxiops.dim_vendor"} */
create or replace transient table TAXIOPS_DB.PUBLIC.dim_vendor
         as
        (

select distinct
    vendor_id,
    case
        when vendor_id = '1' then 'Creative Mobile Technologies'
        when vendor_id = '2' then 'VeriFone'
        else 'Unknown Vendor'
    end as vendor_name
from TAXIOPS_DB.PUBLIC_STAGING.stg_taxi_trips_silver
where vendor_id is not null
        );
[0m04:40:18.656626 [debug] [Thread-2 (]: Opening a new connection, currently in state closed
[0m04:40:18.702383 [debug] [Thread-1 (]: Opening a new connection, currently in state closed
[0m04:40:20.175716 [debug] [Thread-1 (]: SQL status: SUCCESS 1 in 1.0 seconds
[0m04:40:20.178851 [debug] [Thread-1 (]: Timing info for model.dbt_taxiops.dim_vendor (execute): 04:40:18.640044 => 04:40:20.178567
[0m04:40:20.179573 [debug] [Thread-1 (]: On model.dbt_taxiops.dim_vendor: Close
[0m04:40:20.241691 [debug] [Thread-1 (]: Sending event: {'category': 'dbt', 'action': 'run_model', 'label': 'b0b9101a-0f20-4666-96f0-03e62a1cd870', 'context': [<snowplow_tracker.self_describing_json.SelfDescribingJson object at 0x7d6244422630>]}
[0m04:40:20.242983 [info ] [Thread-1 (]: 5 of 8 OK created sql table model PUBLIC.dim_vendor ............................ [[32mSUCCESS 1[0m in 1.68s]
[0m04:40:20.244100 [debug] [Thread-1 (]: Finished running node model.dbt_taxiops.dim_vendor
[0m04:40:20.244791 [debug] [Thread-1 (]: Began running node model.dbt_taxiops.hourly_kpis
[0m04:40:20.245908 [info ] [Thread-1 (]: 6 of 8 START sql table model PUBLIC_GOLD.hourly_kpis ........................... [RUN]
[0m04:40:20.247734 [debug] [Thread-1 (]: Re-using an available connection from the pool (formerly model.dbt_taxiops.dim_vendor, now model.dbt_taxiops.hourly_kpis)
[0m04:40:20.248340 [debug] [Thread-1 (]: Began compiling node model.dbt_taxiops.hourly_kpis
[0m04:40:20.252937 [debug] [Thread-1 (]: Writing injected SQL for node "model.dbt_taxiops.hourly_kpis"
[0m04:40:20.254387 [debug] [Thread-1 (]: Timing info for model.dbt_taxiops.hourly_kpis (compile): 04:40:20.248721 => 04:40:20.253949
[0m04:40:20.255146 [debug] [Thread-1 (]: Began executing node model.dbt_taxiops.hourly_kpis
[0m04:40:20.260384 [debug] [Thread-1 (]: Writing runtime sql for node "model.dbt_taxiops.hourly_kpis"
[0m04:40:20.262315 [debug] [Thread-1 (]: Using snowflake connection "model.dbt_taxiops.hourly_kpis"
[0m04:40:20.263192 [debug] [Thread-1 (]: On model.dbt_taxiops.hourly_kpis: /* {"app": "dbt", "dbt_version": "1.7.19", "profile_name": "dbt_taxiops", "target_name": "dev", "node_id": "model.dbt_taxiops.hourly_kpis"} */
create or replace transient table TAXIOPS_DB.PUBLIC_GOLD.hourly_kpis
         as
        (

select
    pickup_date,
    pickup_hour,
    count(*) as total_trips,
    round(sum(total_amount), 2) as total_revenue,
    round(avg(fare_amount), 2) as avg_fare_amount,
    round(avg(tip_amount), 2) as avg_tip_amount,
    round(avg(trip_distance), 2) as avg_trip_distance,
    round(avg(trip_duration_min), 2) as avg_trip_duration_min,
    round(avg(fare_per_mile), 2) as avg_fare_per_mile,
    round(avg(tip_rate), 4) as avg_tip_rate
from TAXIOPS_DB.PUBLIC_STAGING.stg_taxi_trips_silver
group by pickup_date, pickup_hour
order by pickup_date, pickup_hour
        );
[0m04:40:20.263827 [debug] [Thread-1 (]: Opening a new connection, currently in state closed
[0m04:40:20.858869 [debug] [Thread-2 (]: SQL status: SUCCESS 1 in 2.0 seconds
[0m04:40:20.862207 [debug] [Thread-2 (]: Timing info for model.dbt_taxiops.dim_payment_type (execute): 04:40:18.634191 => 04:40:20.861957
[0m04:40:20.862842 [debug] [Thread-2 (]: On model.dbt_taxiops.dim_payment_type: Close
[0m04:40:20.886112 [debug] [Thread-4 (]: SQL status: SUCCESS 1 in 2.0 seconds
[0m04:40:20.888933 [debug] [Thread-4 (]: Timing info for model.dbt_taxiops.dim_date (execute): 04:40:18.604362 => 04:40:20.888686
[0m04:40:20.889455 [debug] [Thread-4 (]: On model.dbt_taxiops.dim_date: Close
[0m04:40:20.927394 [debug] [Thread-2 (]: Sending event: {'category': 'dbt', 'action': 'run_model', 'label': 'b0b9101a-0f20-4666-96f0-03e62a1cd870', 'context': [<snowplow_tracker.self_describing_json.SelfDescribingJson object at 0x7d6275e49df0>]}
[0m04:40:20.928222 [info ] [Thread-2 (]: 4 of 8 OK created sql table model PUBLIC.dim_payment_type ...................... [[32mSUCCESS 1[0m in 2.37s]
[0m04:40:20.929041 [debug] [Thread-2 (]: Finished running node model.dbt_taxiops.dim_payment_type
[0m04:40:20.929571 [debug] [Thread-2 (]: Began running node model.dbt_taxiops.vendor_kpis
[0m04:40:20.930414 [info ] [Thread-2 (]: 7 of 8 START sql table model PUBLIC_GOLD.vendor_kpis ........................... [RUN]
[0m04:40:20.931530 [debug] [Thread-2 (]: Re-using an available connection from the pool (formerly model.dbt_taxiops.dim_payment_type, now model.dbt_taxiops.vendor_kpis)
[0m04:40:20.932379 [debug] [Thread-2 (]: Began compiling node model.dbt_taxiops.vendor_kpis
[0m04:40:20.936588 [debug] [Thread-2 (]: Writing injected SQL for node "model.dbt_taxiops.vendor_kpis"
[0m04:40:20.938080 [debug] [Thread-2 (]: Timing info for model.dbt_taxiops.vendor_kpis (compile): 04:40:20.932703 => 04:40:20.937622
[0m04:40:20.938771 [debug] [Thread-2 (]: Began executing node model.dbt_taxiops.vendor_kpis
[0m04:40:20.942391 [debug] [Thread-2 (]: Writing runtime sql for node "model.dbt_taxiops.vendor_kpis"
[0m04:40:20.944675 [debug] [Thread-2 (]: Using snowflake connection "model.dbt_taxiops.vendor_kpis"
[0m04:40:20.945343 [debug] [Thread-2 (]: On model.dbt_taxiops.vendor_kpis: /* {"app": "dbt", "dbt_version": "1.7.19", "profile_name": "dbt_taxiops", "target_name": "dev", "node_id": "model.dbt_taxiops.vendor_kpis"} */
create or replace transient table TAXIOPS_DB.PUBLIC_GOLD.vendor_kpis
         as
        (

select
    s.pickup_date,
    s.vendor_id,
    d.vendor_name,
    count(*) as total_trips,
    round(sum(s.total_amount), 2) as total_revenue,
    round(avg(s.trip_distance), 2) as avg_trip_distance,
    round(avg(s.fare_amount), 2) as avg_fare_amount,
    round(avg(s.fare_per_mile), 2) as avg_fare_per_mile,
    round(avg(s.trip_duration_min), 2) as avg_trip_duration_min,
    round(max(s.total_amount), 2) as max_trip_total
from TAXIOPS_DB.PUBLIC_STAGING.stg_taxi_trips_silver s
left join TAXIOPS_DB.PUBLIC.dim_vendor d
    on s.vendor_id = d.vendor_id
group by s.pickup_date, s.vendor_id, d.vendor_name
order by s.pickup_date, s.vendor_id
        );
[0m04:40:20.945898 [debug] [Thread-2 (]: Opening a new connection, currently in state closed
[0m04:40:20.976526 [debug] [Thread-4 (]: Sending event: {'category': 'dbt', 'action': 'run_model', 'label': 'b0b9101a-0f20-4666-96f0-03e62a1cd870', 'context': [<snowplow_tracker.self_describing_json.SelfDescribingJson object at 0x7d6275e49400>]}
[0m04:40:20.977912 [info ] [Thread-4 (]: 3 of 8 OK created sql table model PUBLIC.dim_date .............................. [[32mSUCCESS 1[0m in 2.42s]
[0m04:40:20.979429 [debug] [Thread-4 (]: Finished running node model.dbt_taxiops.dim_date
[0m04:40:20.980566 [debug] [Thread-4 (]: Began running node model.dbt_taxiops.payment_kpis
[0m04:40:20.981940 [info ] [Thread-4 (]: 8 of 8 START sql table model PUBLIC_GOLD.payment_kpis .......................... [RUN]
[0m04:40:20.983649 [debug] [Thread-4 (]: Re-using an available connection from the pool (formerly model.dbt_taxiops.dim_date, now model.dbt_taxiops.payment_kpis)
[0m04:40:20.984445 [debug] [Thread-4 (]: Began compiling node model.dbt_taxiops.payment_kpis
[0m04:40:20.988705 [debug] [Thread-4 (]: Writing injected SQL for node "model.dbt_taxiops.payment_kpis"
[0m04:40:20.990799 [debug] [Thread-4 (]: Timing info for model.dbt_taxiops.payment_kpis (compile): 04:40:20.984927 => 04:40:20.990215
[0m04:40:20.991544 [debug] [Thread-4 (]: Began executing node model.dbt_taxiops.payment_kpis
[0m04:40:20.994843 [debug] [Thread-4 (]: Writing runtime sql for node "model.dbt_taxiops.payment_kpis"
[0m04:40:20.996617 [debug] [Thread-4 (]: Using snowflake connection "model.dbt_taxiops.payment_kpis"
[0m04:40:20.997283 [debug] [Thread-4 (]: On model.dbt_taxiops.payment_kpis: /* {"app": "dbt", "dbt_version": "1.7.19", "profile_name": "dbt_taxiops", "target_name": "dev", "node_id": "model.dbt_taxiops.payment_kpis"} */
create or replace transient table TAXIOPS_DB.PUBLIC_GOLD.payment_kpis
         as
        (

select
    s.pickup_date,
    s.payment_type,
    d.payment_type_desc,
    count(*) as total_trips,
    round(sum(s.total_amount), 2) as total_revenue,
    round(avg(s.fare_amount), 2) as avg_fare_amount,
    round(avg(s.tip_amount), 2) as avg_tip_amount,
    round(avg(s.tip_rate), 4) as avg_tip_rate,
    round(avg(s.trip_distance), 2) as avg_trip_distance
from TAXIOPS_DB.PUBLIC_STAGING.stg_taxi_trips_silver s
left join TAXIOPS_DB.PUBLIC.dim_payment_type d
    on s.payment_type = d.payment_type
group by s.pickup_date, s.payment_type, d.payment_type_desc
order by s.pickup_date, s.payment_type
        );
[0m04:40:20.997832 [debug] [Thread-4 (]: Opening a new connection, currently in state closed
[0m04:40:21.074184 [debug] [Thread-3 (]: SQL status: SUCCESS 1 in 2.0 seconds
[0m04:40:21.077233 [debug] [Thread-3 (]: Timing info for model.dbt_taxiops.airport_kpis (execute): 04:40:18.593419 => 04:40:21.076995
[0m04:40:21.077755 [debug] [Thread-3 (]: On model.dbt_taxiops.airport_kpis: Close
[0m04:40:21.151348 [debug] [Thread-3 (]: Sending event: {'category': 'dbt', 'action': 'run_model', 'label': 'b0b9101a-0f20-4666-96f0-03e62a1cd870', 'context': [<snowplow_tracker.self_describing_json.SelfDescribingJson object at 0x7d6275e4a750>]}
[0m04:40:21.152318 [info ] [Thread-3 (]: 2 of 8 OK created sql table model PUBLIC_GOLD.airport_kpis ..................... [[32mSUCCESS 1[0m in 2.59s]
[0m04:40:21.153190 [debug] [Thread-3 (]: Finished running node model.dbt_taxiops.airport_kpis
[0m04:40:24.209867 [debug] [Thread-1 (]: SQL status: SUCCESS 1 in 4.0 seconds
[0m04:40:24.213605 [debug] [Thread-1 (]: Timing info for model.dbt_taxiops.hourly_kpis (execute): 04:40:20.255675 => 04:40:24.213342
[0m04:40:24.214368 [debug] [Thread-1 (]: On model.dbt_taxiops.hourly_kpis: Close
[0m04:40:24.288987 [debug] [Thread-1 (]: Sending event: {'category': 'dbt', 'action': 'run_model', 'label': 'b0b9101a-0f20-4666-96f0-03e62a1cd870', 'context': [<snowplow_tracker.self_describing_json.SelfDescribingJson object at 0x7d62444231a0>]}
[0m04:40:24.290566 [info ] [Thread-1 (]: 6 of 8 OK created sql table model PUBLIC_GOLD.hourly_kpis ...................... [[32mSUCCESS 1[0m in 4.04s]
[0m04:40:24.292035 [debug] [Thread-1 (]: Finished running node model.dbt_taxiops.hourly_kpis
[0m04:40:24.402853 [debug] [Thread-2 (]: SQL status: SUCCESS 1 in 3.0 seconds
[0m04:40:24.405789 [debug] [Thread-2 (]: Timing info for model.dbt_taxiops.vendor_kpis (execute): 04:40:20.939282 => 04:40:24.405540
[0m04:40:24.406395 [debug] [Thread-2 (]: On model.dbt_taxiops.vendor_kpis: Close
[0m04:40:24.427098 [debug] [Thread-4 (]: SQL status: SUCCESS 1 in 3.0 seconds
[0m04:40:24.430407 [debug] [Thread-4 (]: Timing info for model.dbt_taxiops.payment_kpis (execute): 04:40:20.992005 => 04:40:24.430064
[0m04:40:24.431229 [debug] [Thread-4 (]: On model.dbt_taxiops.payment_kpis: Close
[0m04:40:24.474187 [debug] [Thread-2 (]: Sending event: {'category': 'dbt', 'action': 'run_model', 'label': 'b0b9101a-0f20-4666-96f0-03e62a1cd870', 'context': [<snowplow_tracker.self_describing_json.SelfDescribingJson object at 0x7d62444430b0>]}
[0m04:40:24.475149 [info ] [Thread-2 (]: 7 of 8 OK created sql table model PUBLIC_GOLD.vendor_kpis ...................... [[32mSUCCESS 1[0m in 3.54s]
[0m04:40:24.475879 [debug] [Thread-2 (]: Finished running node model.dbt_taxiops.vendor_kpis
[0m04:40:24.506065 [debug] [Thread-4 (]: Sending event: {'category': 'dbt', 'action': 'run_model', 'label': 'b0b9101a-0f20-4666-96f0-03e62a1cd870', 'context': [<snowplow_tracker.self_describing_json.SelfDescribingJson object at 0x7d6244563200>]}
[0m04:40:24.507020 [info ] [Thread-4 (]: 8 of 8 OK created sql table model PUBLIC_GOLD.payment_kpis ..................... [[32mSUCCESS 1[0m in 3.52s]
[0m04:40:24.507747 [debug] [Thread-4 (]: Finished running node model.dbt_taxiops.payment_kpis
[0m04:40:24.512632 [debug] [MainThread]: Connection 'master' was properly closed.
[0m04:40:24.513145 [debug] [MainThread]: Connection 'model.dbt_taxiops.airport_kpis' was properly closed.
[0m04:40:24.513497 [debug] [MainThread]: Connection 'model.dbt_taxiops.hourly_kpis' was properly closed.
[0m04:40:24.513831 [debug] [MainThread]: Connection 'model.dbt_taxiops.vendor_kpis' was properly closed.
[0m04:40:24.514209 [debug] [MainThread]: Connection 'model.dbt_taxiops.payment_kpis' was properly closed.
[0m04:40:24.514691 [info ] [MainThread]: 
[0m04:40:24.515187 [info ] [MainThread]: Finished running 1 view model, 7 table models in 0 hours 0 minutes and 22.67 seconds (22.67s).
[0m04:40:24.516852 [debug] [MainThread]: Command end result
[0m04:40:24.528923 [info ] [MainThread]: 
[0m04:40:24.530335 [info ] [MainThread]: [32mCompleted successfully[0m
[0m04:40:24.531736 [info ] [MainThread]: 
[0m04:40:24.532584 [info ] [MainThread]: Done. PASS=8 WARN=0 ERROR=0 SKIP=0 TOTAL=8
[0m04:40:24.534250 [debug] [MainThread]: Resource report: {"command_name": "run", "command_success": true, "command_wall_clock_time": 26.265385, "process_user_time": 7.091386, "process_kernel_time": 2.461856, "process_mem_max_rss": "201836", "process_in_blocks": "117336", "process_out_blocks": "2200"}
[0m04:40:24.535107 [debug] [MainThread]: Command `dbt run` succeeded at 04:40:24.534926 after 26.27 seconds
[0m04:40:24.535558 [debug] [MainThread]: Sending event: {'category': 'dbt', 'action': 'invocation', 'label': 'end', 'context': [<snowplow_tracker.self_describing_json.SelfDescribingJson object at 0x7d62a5c7bef0>, <snowplow_tracker.self_describing_json.SelfDescribingJson object at 0x7d626426bd40>, <snowplow_tracker.self_describing_json.SelfDescribingJson object at 0x7d62a6006330>]}
[0m04:40:24.536090 [debug] [MainThread]: Flushing usage events
[0m04:59:54.088873 [debug] [MainThread]: Sending event: {'category': 'dbt', 'action': 'invocation', 'label': 'start', 'context': [<snowplow_tracker.self_describing_json.SelfDescribingJson object at 0x778831a607d0>, <snowplow_tracker.self_describing_json.SelfDescribingJson object at 0x778831a60890>, <snowplow_tracker.self_describing_json.SelfDescribingJson object at 0x778831a60980>]}


============================== 04:59:54.099347 | 01c03a60-0f5a-4803-a677-261fab41e69e ==============================
[0m04:59:54.099347 [info ] [MainThread]: Running with dbt=1.7.19
[0m04:59:54.100098 [debug] [MainThread]: running dbt with arguments {'printer_width': '80', 'indirect_selection': 'eager', 'write_json': 'True', 'log_cache_events': 'False', 'partial_parse': 'True', 'cache_selected_only': 'False', 'profiles_dir': '/home/hiron/.dbt', 'fail_fast': 'False', 'version_check': 'True', 'log_path': '/home/hiron/Tega-Michael-Brian-Project/dbt_taxiops/logs', 'warn_error': 'None', 'debug': 'False', 'use_colors': 'True', 'use_experimental_parser': 'False', 'no_print': 'None', 'quiet': 'False', 'warn_error_options': 'WarnErrorOptions(include=[], exclude=[])', 'static_parser': 'True', 'introspect': 'True', 'log_format': 'default', 'target_path': 'None', 'invocation_command': 'dbt run --select stg_taxi_trips_silver dim_date dim_payment_type dim_vendor hourly_kpis payment_kpis vendor_kpis airport_kpis', 'send_anonymous_usage_stats': 'True'}
[0m04:59:55.635728 [debug] [MainThread]: Sending event: {'category': 'dbt', 'action': 'project_id', 'label': '01c03a60-0f5a-4803-a677-261fab41e69e', 'context': [<snowplow_tracker.self_describing_json.SelfDescribingJson object at 0x778832ee4ad0>]}
[0m04:59:55.695317 [debug] [MainThread]: Sending event: {'category': 'dbt', 'action': 'adapter_info', 'label': '01c03a60-0f5a-4803-a677-261fab41e69e', 'context': [<snowplow_tracker.self_describing_json.SelfDescribingJson object at 0x778802273230>]}
[0m04:59:55.697097 [info ] [MainThread]: Registered adapter: snowflake=1.7.5
[0m04:59:55.709282 [debug] [MainThread]: checksum: a8d43cdff37d0f32d7fbe4c5c25bea4bb6c86e162f8ce8fdb1a38cdcf7495431, vars: {}, profile: , target: , version: 1.7.19
[0m04:59:55.872379 [debug] [MainThread]: Partial parsing enabled: 0 files deleted, 0 files added, 0 files changed.
[0m04:59:55.872947 [debug] [MainThread]: Partial parsing enabled, no changes found, skipping parsing
[0m04:59:55.879067 [debug] [MainThread]: Sending event: {'category': 'dbt', 'action': 'load_project', 'label': '01c03a60-0f5a-4803-a677-261fab41e69e', 'context': [<snowplow_tracker.self_describing_json.SelfDescribingJson object at 0x77880286a2a0>]}
[0m04:59:55.901620 [debug] [MainThread]: Sending event: {'category': 'dbt', 'action': 'resource_counts', 'label': '01c03a60-0f5a-4803-a677-261fab41e69e', 'context': [<snowplow_tracker.self_describing_json.SelfDescribingJson object at 0x778801f2ae10>]}
[0m04:59:55.902313 [info ] [MainThread]: Found 15 tests, 9 models, 1 source, 0 exposures, 0 metrics, 431 macros, 0 groups, 0 semantic models
[0m04:59:55.902841 [debug] [MainThread]: Sending event: {'category': 'dbt', 'action': 'runnable_timing', 'label': '01c03a60-0f5a-4803-a677-261fab41e69e', 'context': [<snowplow_tracker.self_describing_json.SelfDescribingJson object at 0x77880242b9e0>]}
[0m04:59:55.905537 [info ] [MainThread]: 
[0m04:59:55.906832 [debug] [MainThread]: Acquiring new snowflake connection 'master'
[0m04:59:55.909428 [debug] [ThreadPool]: Acquiring new snowflake connection 'list_TAXIOPS_DB'
[0m04:59:55.917022 [debug] [ThreadPool]: Acquiring new snowflake connection 'list_TAXIOPS_DB'
[0m04:59:55.931336 [debug] [ThreadPool]: Using snowflake connection "list_TAXIOPS_DB"
[0m04:59:55.933037 [debug] [ThreadPool]: Acquiring new snowflake connection 'list_TAXIOPS_DB'
[0m04:59:55.928703 [debug] [ThreadPool]: Using snowflake connection "list_TAXIOPS_DB"
[0m04:59:55.934397 [debug] [ThreadPool]: On list_TAXIOPS_DB: /* {"app": "dbt", "dbt_version": "1.7.19", "profile_name": "dbt_taxiops", "target_name": "dev", "connection_name": "list_TAXIOPS_DB"} */
show terse schemas in database TAXIOPS_DB
    limit 10000
[0m04:59:55.938524 [debug] [ThreadPool]: Using snowflake connection "list_TAXIOPS_DB"
[0m04:59:55.939400 [debug] [ThreadPool]: On list_TAXIOPS_DB: /* {"app": "dbt", "dbt_version": "1.7.19", "profile_name": "dbt_taxiops", "target_name": "dev", "connection_name": "list_TAXIOPS_DB"} */
show terse schemas in database TAXIOPS_DB
    limit 10000
[0m04:59:55.940298 [debug] [ThreadPool]: Opening a new connection, currently in state init
[0m04:59:55.941121 [debug] [ThreadPool]: On list_TAXIOPS_DB: /* {"app": "dbt", "dbt_version": "1.7.19", "profile_name": "dbt_taxiops", "target_name": "dev", "connection_name": "list_TAXIOPS_DB"} */
show terse schemas in database TAXIOPS_DB
    limit 10000
[0m04:59:55.941876 [debug] [ThreadPool]: Opening a new connection, currently in state init
[0m04:59:55.944775 [debug] [ThreadPool]: Opening a new connection, currently in state init
[0m05:00:00.369659 [debug] [ThreadPool]: SQL status: SUCCESS 3 in 4.0 seconds
[0m05:00:00.371618 [debug] [ThreadPool]: On list_TAXIOPS_DB: Close
[0m05:00:00.372937 [debug] [ThreadPool]: SQL status: SUCCESS 3 in 4.0 seconds
[0m05:00:00.377716 [debug] [ThreadPool]: On list_TAXIOPS_DB: Close
[0m05:00:00.489136 [debug] [ThreadPool]: SQL status: SUCCESS 3 in 5.0 seconds
[0m05:00:00.490922 [debug] [ThreadPool]: On list_TAXIOPS_DB: Close
[0m05:00:00.554313 [debug] [ThreadPool]: Re-using an available connection from the pool (formerly list_TAXIOPS_DB, now create_TAXIOPS_DB_PUBLIC_GOLD)
[0m05:00:00.555982 [debug] [ThreadPool]: Re-using an available connection from the pool (formerly list_TAXIOPS_DB, now create_TAXIOPS_DB_PUBLIC_STAGING)
[0m05:00:00.558027 [debug] [ThreadPool]: Creating schema "database: "TAXIOPS_DB"
schema: "PUBLIC_GOLD"
"
[0m05:00:00.559643 [debug] [ThreadPool]: Creating schema "database: "TAXIOPS_DB"
schema: "PUBLIC_STAGING"
"
[0m05:00:00.565650 [debug] [ThreadPool]: Using snowflake connection "create_TAXIOPS_DB_PUBLIC_GOLD"
[0m05:00:00.569148 [debug] [ThreadPool]: Using snowflake connection "create_TAXIOPS_DB_PUBLIC_STAGING"
[0m05:00:00.570038 [debug] [ThreadPool]: On create_TAXIOPS_DB_PUBLIC_GOLD: /* {"app": "dbt", "dbt_version": "1.7.19", "profile_name": "dbt_taxiops", "target_name": "dev", "connection_name": "create_TAXIOPS_DB_PUBLIC_GOLD"} */
create schema if not exists TAXIOPS_DB.PUBLIC_GOLD
[0m05:00:00.570913 [debug] [ThreadPool]: On create_TAXIOPS_DB_PUBLIC_STAGING: /* {"app": "dbt", "dbt_version": "1.7.19", "profile_name": "dbt_taxiops", "target_name": "dev", "connection_name": "create_TAXIOPS_DB_PUBLIC_STAGING"} */
create schema if not exists TAXIOPS_DB.PUBLIC_STAGING
[0m05:00:00.571439 [debug] [ThreadPool]: Opening a new connection, currently in state closed
[0m05:00:00.572394 [debug] [ThreadPool]: Opening a new connection, currently in state closed
[0m05:00:02.970822 [debug] [ThreadPool]: SQL status: SUCCESS 1 in 2.0 seconds
[0m05:00:02.972636 [debug] [ThreadPool]: On create_TAXIOPS_DB_PUBLIC_STAGING: Close
[0m05:00:03.938797 [debug] [ThreadPool]: SQL status: SUCCESS 1 in 3.0 seconds
[0m05:00:03.939889 [debug] [ThreadPool]: On create_TAXIOPS_DB_PUBLIC_GOLD: Close
[0m05:00:04.020465 [debug] [ThreadPool]: Re-using an available connection from the pool (formerly create_TAXIOPS_DB_PUBLIC_GOLD, now list_TAXIOPS_DB_PUBLIC_GOLD)
[0m05:00:04.022318 [debug] [ThreadPool]: Re-using an available connection from the pool (formerly create_TAXIOPS_DB_PUBLIC_STAGING, now list_TAXIOPS_DB_PUBLIC_STAGING)
[0m05:00:04.029444 [debug] [ThreadPool]: Re-using an available connection from the pool (formerly list_TAXIOPS_DB, now list_TAXIOPS_DB_PUBLIC)
[0m05:00:04.033235 [debug] [ThreadPool]: Using snowflake connection "list_TAXIOPS_DB_PUBLIC_GOLD"
[0m05:00:04.041070 [debug] [ThreadPool]: Using snowflake connection "list_TAXIOPS_DB_PUBLIC_STAGING"
[0m05:00:04.155329 [debug] [ThreadPool]: Using snowflake connection "list_TAXIOPS_DB_PUBLIC"
[0m05:00:04.156509 [debug] [ThreadPool]: On list_TAXIOPS_DB_PUBLIC_GOLD: /* {"app": "dbt", "dbt_version": "1.7.19", "profile_name": "dbt_taxiops", "target_name": "dev", "connection_name": "list_TAXIOPS_DB_PUBLIC_GOLD"} */
show objects in TAXIOPS_DB.PUBLIC_GOLD limit 10000
[0m05:00:04.157505 [debug] [ThreadPool]: On list_TAXIOPS_DB_PUBLIC_STAGING: /* {"app": "dbt", "dbt_version": "1.7.19", "profile_name": "dbt_taxiops", "target_name": "dev", "connection_name": "list_TAXIOPS_DB_PUBLIC_STAGING"} */
show objects in TAXIOPS_DB.PUBLIC_STAGING limit 10000
[0m05:00:04.158079 [debug] [ThreadPool]: On list_TAXIOPS_DB_PUBLIC: /* {"app": "dbt", "dbt_version": "1.7.19", "profile_name": "dbt_taxiops", "target_name": "dev", "connection_name": "list_TAXIOPS_DB_PUBLIC"} */
show objects in TAXIOPS_DB.PUBLIC limit 10000
[0m05:00:04.158681 [debug] [ThreadPool]: Opening a new connection, currently in state closed
[0m05:00:04.159205 [debug] [ThreadPool]: Opening a new connection, currently in state closed
[0m05:00:04.160094 [debug] [ThreadPool]: Opening a new connection, currently in state closed
[0m05:00:06.556380 [debug] [ThreadPool]: SQL status: SUCCESS 0 in 2.0 seconds
[0m05:00:06.558056 [debug] [ThreadPool]: On list_TAXIOPS_DB_PUBLIC_GOLD: Close
[0m05:00:06.701023 [debug] [ThreadPool]: SQL status: SUCCESS 0 in 3.0 seconds
[0m05:00:06.702938 [debug] [ThreadPool]: On list_TAXIOPS_DB_PUBLIC_STAGING: Close
[0m05:00:07.696876 [debug] [ThreadPool]: SQL status: SUCCESS 0 in 4.0 seconds
[0m05:00:07.700335 [debug] [ThreadPool]: On list_TAXIOPS_DB_PUBLIC: Close
[0m05:00:07.816573 [debug] [MainThread]: Sending event: {'category': 'dbt', 'action': 'runnable_timing', 'label': '01c03a60-0f5a-4803-a677-261fab41e69e', 'context': [<snowplow_tracker.self_describing_json.SelfDescribingJson object at 0x778800500ce0>]}
[0m05:00:07.818601 [info ] [MainThread]: Concurrency: 4 threads (target='dev')
[0m05:00:07.819230 [info ] [MainThread]: 
[0m05:00:07.827560 [debug] [Thread-1 (]: Began running node model.dbt_taxiops.stg_taxi_trips_silver
[0m05:00:07.828685 [info ] [Thread-1 (]: 1 of 8 START sql view model PUBLIC_STAGING.stg_taxi_trips_silver ............... [RUN]
[0m05:00:07.830008 [debug] [Thread-1 (]: Re-using an available connection from the pool (formerly list_TAXIOPS_DB_PUBLIC_STAGING, now model.dbt_taxiops.stg_taxi_trips_silver)
[0m05:00:07.830837 [debug] [Thread-1 (]: Began compiling node model.dbt_taxiops.stg_taxi_trips_silver
[0m05:00:07.841102 [debug] [Thread-1 (]: Writing injected SQL for node "model.dbt_taxiops.stg_taxi_trips_silver"
[0m05:00:07.842505 [debug] [Thread-1 (]: Timing info for model.dbt_taxiops.stg_taxi_trips_silver (compile): 05:00:07.831233 => 05:00:07.842066
[0m05:00:07.843107 [debug] [Thread-1 (]: Began executing node model.dbt_taxiops.stg_taxi_trips_silver
[0m05:00:07.879635 [debug] [Thread-1 (]: Writing runtime sql for node "model.dbt_taxiops.stg_taxi_trips_silver"
[0m05:00:07.881985 [debug] [Thread-1 (]: Using snowflake connection "model.dbt_taxiops.stg_taxi_trips_silver"
[0m05:00:07.882777 [debug] [Thread-1 (]: On model.dbt_taxiops.stg_taxi_trips_silver: /* {"app": "dbt", "dbt_version": "1.7.19", "profile_name": "dbt_taxiops", "target_name": "dev", "node_id": "model.dbt_taxiops.stg_taxi_trips_silver"} */
create or replace   view TAXIOPS_DB.PUBLIC_STAGING.stg_taxi_trips_silver
  
   as (
    

select
    event_id,
    schema_version,

    vendor_id,
    payment_type,
    ratecode_id,
    store_and_fwd_flag,

    pickup_datetime,
    dropoff_datetime,
    pickup_ts,
    dropoff_ts,
    event_ts,

    passenger_count,
    trip_distance,
    fare_amount,
    tip_amount,
    total_amount,
    extra,
    mta_tax,
    tolls_amount,
    improvement_surcharge,
    congestion_surcharge,
    airport_fee,

    pickup_location_id,
    dropoff_location_id,

    cast(pickup_ts as date) as pickup_date,
    date_part('hour', pickup_ts) as pickup_hour,

    round(datediff('second', pickup_ts, dropoff_ts) / 60.0, 2) as trip_duration_min,

    case
        when fare_amount > 0 then round(tip_amount / fare_amount, 4)
        else 0.0
    end as tip_rate,

    case
        when trip_distance > 0 then round(fare_amount / trip_distance, 2)
        else 0.0
    end as fare_per_mile,

    case
        when pickup_location_id in (132, 138) or dropoff_location_id in (132, 138) then true
        else false
    end as is_airport_trip,

    case
        when date_part('hour', pickup_ts) between 6 and 10 then 'morning'
        when date_part('hour', pickup_ts) between 11 and 15 then 'midday'
        when date_part('hour', pickup_ts) between 16 and 20 then 'evening'
        else 'overnight'
    end as trip_time_bucket

from TAXIOPS_DB.RAW.taxi_trips_silver
where pickup_ts is not null
  and dropoff_ts is not null
  and total_amount >= 0
  and fare_amount >= 0
  and trip_distance > 0
  and dropoff_ts > pickup_ts
  );
[0m05:00:07.883383 [debug] [Thread-1 (]: Opening a new connection, currently in state closed
[0m05:00:11.944311 [debug] [Thread-1 (]: SQL status: SUCCESS 1 in 4.0 seconds
[0m05:00:11.964421 [debug] [Thread-1 (]: Timing info for model.dbt_taxiops.stg_taxi_trips_silver (execute): 05:00:07.843394 => 05:00:11.964190
[0m05:00:11.965016 [debug] [Thread-1 (]: On model.dbt_taxiops.stg_taxi_trips_silver: Close
[0m05:00:12.098950 [debug] [Thread-1 (]: Sending event: {'category': 'dbt', 'action': 'run_model', 'label': '01c03a60-0f5a-4803-a677-261fab41e69e', 'context': [<snowplow_tracker.self_describing_json.SelfDescribingJson object at 0x778801ed1460>]}
[0m05:00:12.100137 [info ] [Thread-1 (]: 1 of 8 OK created sql view model PUBLIC_STAGING.stg_taxi_trips_silver .......... [[32mSUCCESS 1[0m in 4.27s]
[0m05:00:12.101132 [debug] [Thread-1 (]: Finished running node model.dbt_taxiops.stg_taxi_trips_silver
[0m05:00:12.103443 [debug] [Thread-3 (]: Began running node model.dbt_taxiops.airport_kpis
[0m05:00:12.105490 [debug] [Thread-4 (]: Began running node model.dbt_taxiops.dim_date
[0m05:00:12.104811 [info ] [Thread-3 (]: 2 of 8 START sql table model PUBLIC_GOLD.airport_kpis .......................... [RUN]
[0m05:00:12.107174 [debug] [Thread-2 (]: Began running node model.dbt_taxiops.dim_payment_type
[0m05:00:12.107945 [info ] [Thread-4 (]: 3 of 8 START sql table model PUBLIC.dim_date ................................... [RUN]
[0m05:00:12.109154 [debug] [Thread-1 (]: Began running node model.dbt_taxiops.dim_vendor
[0m05:00:12.110348 [debug] [Thread-3 (]: Re-using an available connection from the pool (formerly list_TAXIOPS_DB_PUBLIC, now model.dbt_taxiops.airport_kpis)
[0m05:00:12.111285 [info ] [Thread-2 (]: 4 of 8 START sql table model PUBLIC.dim_payment_type ........................... [RUN]
[0m05:00:12.112955 [debug] [Thread-4 (]: Acquiring new snowflake connection 'model.dbt_taxiops.dim_date'
[0m05:00:12.114270 [info ] [Thread-1 (]: 5 of 8 START sql table model PUBLIC.dim_vendor ................................. [RUN]
[0m05:00:12.115479 [debug] [Thread-3 (]: Began compiling node model.dbt_taxiops.airport_kpis
[0m05:00:12.117343 [debug] [Thread-2 (]: Re-using an available connection from the pool (formerly list_TAXIOPS_DB_PUBLIC_GOLD, now model.dbt_taxiops.dim_payment_type)
[0m05:00:12.118265 [debug] [Thread-4 (]: Began compiling node model.dbt_taxiops.dim_date
[0m05:00:12.119639 [debug] [Thread-1 (]: Re-using an available connection from the pool (formerly model.dbt_taxiops.stg_taxi_trips_silver, now model.dbt_taxiops.dim_vendor)
[0m05:00:12.123631 [debug] [Thread-3 (]: Writing injected SQL for node "model.dbt_taxiops.airport_kpis"
[0m05:00:12.124607 [debug] [Thread-2 (]: Began compiling node model.dbt_taxiops.dim_payment_type
[0m05:00:12.130442 [debug] [Thread-4 (]: Writing injected SQL for node "model.dbt_taxiops.dim_date"
[0m05:00:12.131523 [debug] [Thread-1 (]: Began compiling node model.dbt_taxiops.dim_vendor
[0m05:00:12.136208 [debug] [Thread-2 (]: Writing injected SQL for node "model.dbt_taxiops.dim_payment_type"
[0m05:00:12.140948 [debug] [Thread-1 (]: Writing injected SQL for node "model.dbt_taxiops.dim_vendor"
[0m05:00:12.143090 [debug] [Thread-3 (]: Timing info for model.dbt_taxiops.airport_kpis (compile): 05:00:12.120344 => 05:00:12.142133
[0m05:00:12.144138 [debug] [Thread-4 (]: Timing info for model.dbt_taxiops.dim_date (compile): 05:00:12.125434 => 05:00:12.143632
[0m05:00:12.146544 [debug] [Thread-3 (]: Began executing node model.dbt_taxiops.airport_kpis
[0m05:00:12.147412 [debug] [Thread-2 (]: Timing info for model.dbt_taxiops.dim_payment_type (compile): 05:00:12.132561 => 05:00:12.147097
[0m05:00:12.148107 [debug] [Thread-1 (]: Timing info for model.dbt_taxiops.dim_vendor (compile): 05:00:12.137599 => 05:00:12.147834
[0m05:00:12.148844 [debug] [Thread-4 (]: Began executing node model.dbt_taxiops.dim_date
[0m05:00:12.166063 [debug] [Thread-2 (]: Began executing node model.dbt_taxiops.dim_payment_type
[0m05:00:12.173854 [debug] [Thread-3 (]: Writing runtime sql for node "model.dbt_taxiops.airport_kpis"
[0m05:00:12.174890 [debug] [Thread-1 (]: Began executing node model.dbt_taxiops.dim_vendor
[0m05:00:12.177857 [debug] [Thread-4 (]: Writing runtime sql for node "model.dbt_taxiops.dim_date"
[0m05:00:12.181929 [debug] [Thread-2 (]: Writing runtime sql for node "model.dbt_taxiops.dim_payment_type"
[0m05:00:12.187187 [debug] [Thread-1 (]: Writing runtime sql for node "model.dbt_taxiops.dim_vendor"
[0m05:00:12.189844 [debug] [Thread-3 (]: Using snowflake connection "model.dbt_taxiops.airport_kpis"
[0m05:00:12.191773 [debug] [Thread-4 (]: Using snowflake connection "model.dbt_taxiops.dim_date"
[0m05:00:12.193153 [debug] [Thread-3 (]: On model.dbt_taxiops.airport_kpis: /* {"app": "dbt", "dbt_version": "1.7.19", "profile_name": "dbt_taxiops", "target_name": "dev", "node_id": "model.dbt_taxiops.airport_kpis"} */
create or replace transient table TAXIOPS_DB.PUBLIC_GOLD.airport_kpis
         as
        (

select
    pickup_date,
    is_airport_trip,

    count(*) as total_trips,
    round(sum(total_amount), 2) as total_revenue,
    round(avg(fare_amount), 2) as avg_fare_amount,
    round(avg(trip_distance), 2) as avg_trip_distance,
    round(avg(trip_duration_min), 2) as avg_trip_duration_min

from TAXIOPS_DB.PUBLIC_STAGING.stg_taxi_trips_silver
group by pickup_date, is_airport_trip
order by pickup_date, is_airport_trip
        );
[0m05:00:12.194313 [debug] [Thread-2 (]: Using snowflake connection "model.dbt_taxiops.dim_payment_type"
[0m05:00:12.195290 [debug] [Thread-1 (]: Using snowflake connection "model.dbt_taxiops.dim_vendor"
[0m05:00:12.196521 [debug] [Thread-4 (]: On model.dbt_taxiops.dim_date: /* {"app": "dbt", "dbt_version": "1.7.19", "profile_name": "dbt_taxiops", "target_name": "dev", "node_id": "model.dbt_taxiops.dim_date"} */
create or replace transient table TAXIOPS_DB.PUBLIC.dim_date
         as
        (

select distinct
    pickup_date as date_key,
    extract(year from pickup_date) as year,
    extract(quarter from pickup_date) as quarter,
    extract(month from pickup_date) as month_num,
    to_char(pickup_date, 'Mon') as month_name,
    extract(day from pickup_date) as day_of_month,
    extract(dayofweek from pickup_date) as day_of_week_num,
    trim(to_char(pickup_date, 'Day')) as day_name,
    case
        when extract(dayofweek from pickup_date) in (1, 7) then true
        else false
    end as is_weekend
from TAXIOPS_DB.PUBLIC_STAGING.stg_taxi_trips_silver
where pickup_date is not null
        );
[0m05:00:12.197452 [debug] [Thread-3 (]: Opening a new connection, currently in state closed
[0m05:00:12.198108 [debug] [Thread-2 (]: On model.dbt_taxiops.dim_payment_type: /* {"app": "dbt", "dbt_version": "1.7.19", "profile_name": "dbt_taxiops", "target_name": "dev", "node_id": "model.dbt_taxiops.dim_payment_type"} */
create or replace transient table TAXIOPS_DB.PUBLIC.dim_payment_type
         as
        (

select distinct
    payment_type,
    case
        when payment_type = '1' then 'Credit Card'
        when payment_type = '2' then 'Cash'
        when payment_type = '3' then 'No Charge'
        when payment_type = '4' then 'Dispute'
        when payment_type = '5' then 'Unknown'
        when payment_type = '6' then 'Voided Trip'
        else 'Other'
    end as payment_type_desc
from TAXIOPS_DB.PUBLIC_STAGING.stg_taxi_trips_silver
where payment_type is not null
        );
[0m05:00:12.199007 [debug] [Thread-1 (]: On model.dbt_taxiops.dim_vendor: /* {"app": "dbt", "dbt_version": "1.7.19", "profile_name": "dbt_taxiops", "target_name": "dev", "node_id": "model.dbt_taxiops.dim_vendor"} */
create or replace transient table TAXIOPS_DB.PUBLIC.dim_vendor
         as
        (

select distinct
    vendor_id,
    case
        when vendor_id = '1' then 'Creative Mobile Technologies'
        when vendor_id = '2' then 'VeriFone'
        else 'Unknown Vendor'
    end as vendor_name
from TAXIOPS_DB.PUBLIC_STAGING.stg_taxi_trips_silver
where vendor_id is not null
        );
[0m05:00:12.199871 [debug] [Thread-4 (]: Opening a new connection, currently in state init
[0m05:00:12.203159 [debug] [Thread-2 (]: Opening a new connection, currently in state closed
[0m05:00:12.217881 [debug] [Thread-1 (]: Opening a new connection, currently in state closed
[0m05:00:13.596112 [debug] [Thread-3 (]: SQL status: SUCCESS 1 in 1.0 seconds
[0m05:00:13.599911 [debug] [Thread-3 (]: Timing info for model.dbt_taxiops.airport_kpis (execute): 05:00:12.149324 => 05:00:13.599685
[0m05:00:13.600470 [debug] [Thread-3 (]: On model.dbt_taxiops.airport_kpis: Close
[0m05:00:13.606252 [debug] [Thread-4 (]: Snowflake adapter: Snowflake query id: 01c3755c-0001-31ec-0018-f9430015245e
[0m05:00:13.606942 [debug] [Thread-4 (]: Snowflake adapter: Snowflake error: 100039 (22003): Numeric value '56238180' is out of range
[0m05:00:13.607504 [debug] [Thread-4 (]: Timing info for model.dbt_taxiops.dim_date (execute): 05:00:12.175410 => 05:00:13.607289
[0m05:00:13.607932 [debug] [Thread-4 (]: On model.dbt_taxiops.dim_date: Close
[0m05:00:13.750170 [debug] [Thread-4 (]: Database Error in model dim_date (models/dimentions/dim_date.sql)
  100039 (22003): Numeric value '56238180' is out of range
  compiled Code at target/run/dbt_taxiops/models/dimentions/dim_date.sql
[0m05:00:13.751081 [debug] [Thread-4 (]: Sending event: {'category': 'dbt', 'action': 'run_model', 'label': '01c03a60-0f5a-4803-a677-261fab41e69e', 'context': [<snowplow_tracker.self_describing_json.SelfDescribingJson object at 0x7787b1ddf170>]}
[0m05:00:13.751927 [error] [Thread-4 (]: 3 of 8 ERROR creating sql table model PUBLIC.dim_date .......................... [[31mERROR[0m in 1.64s]
[0m05:00:13.752746 [debug] [Thread-4 (]: Finished running node model.dbt_taxiops.dim_date
[0m05:00:13.753398 [debug] [Thread-4 (]: Began running node model.dbt_taxiops.hourly_kpis
[0m05:00:13.755196 [info ] [Thread-4 (]: 6 of 8 START sql table model PUBLIC_GOLD.hourly_kpis ........................... [RUN]
[0m05:00:13.756268 [debug] [Thread-4 (]: Re-using an available connection from the pool (formerly model.dbt_taxiops.dim_date, now model.dbt_taxiops.hourly_kpis)
[0m05:00:13.756790 [debug] [Thread-4 (]: Began compiling node model.dbt_taxiops.hourly_kpis
[0m05:00:13.761740 [debug] [Thread-4 (]: Writing injected SQL for node "model.dbt_taxiops.hourly_kpis"
[0m05:00:13.766060 [debug] [Thread-4 (]: Timing info for model.dbt_taxiops.hourly_kpis (compile): 05:00:13.757113 => 05:00:13.764303
[0m05:00:13.766908 [debug] [Thread-4 (]: Began executing node model.dbt_taxiops.hourly_kpis
[0m05:00:13.770513 [debug] [Thread-4 (]: Writing runtime sql for node "model.dbt_taxiops.hourly_kpis"
[0m05:00:13.772355 [debug] [Thread-4 (]: Using snowflake connection "model.dbt_taxiops.hourly_kpis"
[0m05:00:13.772970 [debug] [Thread-4 (]: On model.dbt_taxiops.hourly_kpis: /* {"app": "dbt", "dbt_version": "1.7.19", "profile_name": "dbt_taxiops", "target_name": "dev", "node_id": "model.dbt_taxiops.hourly_kpis"} */
create or replace transient table TAXIOPS_DB.PUBLIC_GOLD.hourly_kpis
         as
        (

select
    pickup_date,
    pickup_hour,
    count(*) as total_trips,
    round(sum(total_amount), 2) as total_revenue,
    round(avg(fare_amount), 2) as avg_fare_amount,
    round(avg(tip_amount), 2) as avg_tip_amount,
    round(avg(trip_distance), 2) as avg_trip_distance,
    round(avg(trip_duration_min), 2) as avg_trip_duration_min,
    round(avg(fare_per_mile), 2) as avg_fare_per_mile,
    round(avg(tip_rate), 4) as avg_tip_rate
from TAXIOPS_DB.PUBLIC_STAGING.stg_taxi_trips_silver
group by pickup_date, pickup_hour
order by pickup_date, pickup_hour
        );
[0m05:00:13.773423 [debug] [Thread-4 (]: Opening a new connection, currently in state closed
[0m05:00:13.804096 [debug] [Thread-3 (]: Sending event: {'category': 'dbt', 'action': 'run_model', 'label': '01c03a60-0f5a-4803-a677-261fab41e69e', 'context': [<snowplow_tracker.self_describing_json.SelfDescribingJson object at 0x7787b1dee420>]}
[0m05:00:13.805114 [info ] [Thread-3 (]: 2 of 8 OK created sql table model PUBLIC_GOLD.airport_kpis ..................... [[32mSUCCESS 1[0m in 1.69s]
[0m05:00:13.805980 [debug] [Thread-3 (]: Finished running node model.dbt_taxiops.airport_kpis
[0m05:00:14.203515 [debug] [Thread-2 (]: SQL status: SUCCESS 1 in 2.0 seconds
[0m05:00:14.206104 [debug] [Thread-2 (]: Timing info for model.dbt_taxiops.dim_payment_type (execute): 05:00:12.178690 => 05:00:14.205901
[0m05:00:14.206629 [debug] [Thread-2 (]: On model.dbt_taxiops.dim_payment_type: Close
[0m05:00:14.403147 [debug] [Thread-2 (]: Sending event: {'category': 'dbt', 'action': 'run_model', 'label': '01c03a60-0f5a-4803-a677-261fab41e69e', 'context': [<snowplow_tracker.self_describing_json.SelfDescribingJson object at 0x778801fbfef0>]}
[0m05:00:14.404262 [info ] [Thread-2 (]: 4 of 8 OK created sql table model PUBLIC.dim_payment_type ...................... [[32mSUCCESS 1[0m in 2.29s]
[0m05:00:14.405247 [debug] [Thread-2 (]: Finished running node model.dbt_taxiops.dim_payment_type
[0m05:00:14.406704 [debug] [Thread-3 (]: Began running node model.dbt_taxiops.payment_kpis
[0m05:00:14.407564 [info ] [Thread-3 (]: 7 of 8 START sql table model PUBLIC_GOLD.payment_kpis .......................... [RUN]
[0m05:00:14.408639 [debug] [Thread-3 (]: Re-using an available connection from the pool (formerly model.dbt_taxiops.airport_kpis, now model.dbt_taxiops.payment_kpis)
[0m05:00:14.409149 [debug] [Thread-3 (]: Began compiling node model.dbt_taxiops.payment_kpis
[0m05:00:14.413501 [debug] [Thread-3 (]: Writing injected SQL for node "model.dbt_taxiops.payment_kpis"
[0m05:00:14.414776 [debug] [Thread-3 (]: Timing info for model.dbt_taxiops.payment_kpis (compile): 05:00:14.409429 => 05:00:14.414278
[0m05:00:14.415355 [debug] [Thread-3 (]: Began executing node model.dbt_taxiops.payment_kpis
[0m05:00:14.418049 [debug] [Thread-3 (]: Writing runtime sql for node "model.dbt_taxiops.payment_kpis"
[0m05:00:14.419681 [debug] [Thread-3 (]: Using snowflake connection "model.dbt_taxiops.payment_kpis"
[0m05:00:14.420343 [debug] [Thread-3 (]: On model.dbt_taxiops.payment_kpis: /* {"app": "dbt", "dbt_version": "1.7.19", "profile_name": "dbt_taxiops", "target_name": "dev", "node_id": "model.dbt_taxiops.payment_kpis"} */
create or replace transient table TAXIOPS_DB.PUBLIC_GOLD.payment_kpis
         as
        (

select
    s.pickup_date,
    s.payment_type,
    d.payment_type_desc,
    count(*) as total_trips,
    round(sum(s.total_amount), 2) as total_revenue,
    round(avg(s.fare_amount), 2) as avg_fare_amount,
    round(avg(s.tip_amount), 2) as avg_tip_amount,
    round(avg(s.tip_rate), 4) as avg_tip_rate,
    round(avg(s.trip_distance), 2) as avg_trip_distance
from TAXIOPS_DB.PUBLIC_STAGING.stg_taxi_trips_silver s
left join TAXIOPS_DB.PUBLIC.dim_payment_type d
    on s.payment_type = d.payment_type
group by s.pickup_date, s.payment_type, d.payment_type_desc
order by s.pickup_date, s.payment_type
        );
[0m05:00:14.420901 [debug] [Thread-3 (]: Opening a new connection, currently in state closed
[0m05:00:14.546808 [debug] [Thread-1 (]: SQL status: SUCCESS 1 in 2.0 seconds
[0m05:00:14.549897 [debug] [Thread-1 (]: Timing info for model.dbt_taxiops.dim_vendor (execute): 05:00:12.182997 => 05:00:14.549659
[0m05:00:14.550475 [debug] [Thread-1 (]: On model.dbt_taxiops.dim_vendor: Close
[0m05:00:14.652006 [debug] [Thread-1 (]: Sending event: {'category': 'dbt', 'action': 'run_model', 'label': '01c03a60-0f5a-4803-a677-261fab41e69e', 'context': [<snowplow_tracker.self_describing_json.SelfDescribingJson object at 0x778801fbd0d0>]}
[0m05:00:14.653145 [info ] [Thread-1 (]: 5 of 8 OK created sql table model PUBLIC.dim_vendor ............................ [[32mSUCCESS 1[0m in 2.53s]
[0m05:00:14.654202 [debug] [Thread-1 (]: Finished running node model.dbt_taxiops.dim_vendor
[0m05:00:14.655981 [debug] [Thread-2 (]: Began running node model.dbt_taxiops.vendor_kpis
[0m05:00:14.656753 [info ] [Thread-2 (]: 8 of 8 START sql table model PUBLIC_GOLD.vendor_kpis ........................... [RUN]
[0m05:00:14.657633 [debug] [Thread-2 (]: Re-using an available connection from the pool (formerly model.dbt_taxiops.dim_payment_type, now model.dbt_taxiops.vendor_kpis)
[0m05:00:14.658133 [debug] [Thread-2 (]: Began compiling node model.dbt_taxiops.vendor_kpis
[0m05:00:14.661543 [debug] [Thread-2 (]: Writing injected SQL for node "model.dbt_taxiops.vendor_kpis"
[0m05:00:14.663944 [debug] [Thread-2 (]: Timing info for model.dbt_taxiops.vendor_kpis (compile): 05:00:14.658485 => 05:00:14.663563
[0m05:00:14.664544 [debug] [Thread-2 (]: Began executing node model.dbt_taxiops.vendor_kpis
[0m05:00:14.667897 [debug] [Thread-2 (]: Writing runtime sql for node "model.dbt_taxiops.vendor_kpis"
[0m05:00:14.669610 [debug] [Thread-2 (]: Using snowflake connection "model.dbt_taxiops.vendor_kpis"
[0m05:00:14.670169 [debug] [Thread-2 (]: On model.dbt_taxiops.vendor_kpis: /* {"app": "dbt", "dbt_version": "1.7.19", "profile_name": "dbt_taxiops", "target_name": "dev", "node_id": "model.dbt_taxiops.vendor_kpis"} */
create or replace transient table TAXIOPS_DB.PUBLIC_GOLD.vendor_kpis
         as
        (

select
    s.pickup_date,
    s.vendor_id,
    d.vendor_name,
    count(*) as total_trips,
    round(sum(s.total_amount), 2) as total_revenue,
    round(avg(s.trip_distance), 2) as avg_trip_distance,
    round(avg(s.fare_amount), 2) as avg_fare_amount,
    round(avg(s.fare_per_mile), 2) as avg_fare_per_mile,
    round(avg(s.trip_duration_min), 2) as avg_trip_duration_min,
    round(max(s.total_amount), 2) as max_trip_total
from TAXIOPS_DB.PUBLIC_STAGING.stg_taxi_trips_silver s
left join TAXIOPS_DB.PUBLIC.dim_vendor d
    on s.vendor_id = d.vendor_id
group by s.pickup_date, s.vendor_id, d.vendor_name
order by s.pickup_date, s.vendor_id
        );
[0m05:00:14.670707 [debug] [Thread-2 (]: Opening a new connection, currently in state closed
[0m05:00:18.011296 [debug] [Thread-4 (]: SQL status: SUCCESS 1 in 4.0 seconds
[0m05:00:18.014183 [debug] [Thread-4 (]: Timing info for model.dbt_taxiops.hourly_kpis (execute): 05:00:13.767355 => 05:00:18.013970
[0m05:00:18.014765 [debug] [Thread-4 (]: On model.dbt_taxiops.hourly_kpis: Close
[0m05:00:18.174098 [debug] [Thread-4 (]: Sending event: {'category': 'dbt', 'action': 'run_model', 'label': '01c03a60-0f5a-4803-a677-261fab41e69e', 'context': [<snowplow_tracker.self_describing_json.SelfDescribingJson object at 0x778801e3a240>]}
[0m05:00:18.175108 [info ] [Thread-4 (]: 6 of 8 OK created sql table model PUBLIC_GOLD.hourly_kpis ...................... [[32mSUCCESS 1[0m in 4.42s]
[0m05:00:18.175964 [debug] [Thread-4 (]: Finished running node model.dbt_taxiops.hourly_kpis
[0m05:00:18.881747 [debug] [Thread-3 (]: SQL status: SUCCESS 1 in 4.0 seconds
[0m05:00:18.885111 [debug] [Thread-3 (]: Timing info for model.dbt_taxiops.payment_kpis (execute): 05:00:14.415646 => 05:00:18.884872
[0m05:00:18.885719 [debug] [Thread-3 (]: On model.dbt_taxiops.payment_kpis: Close
[0m05:00:18.987477 [debug] [Thread-3 (]: Sending event: {'category': 'dbt', 'action': 'run_model', 'label': '01c03a60-0f5a-4803-a677-261fab41e69e', 'context': [<snowplow_tracker.self_describing_json.SelfDescribingJson object at 0x778801e398e0>]}
[0m05:00:18.988327 [info ] [Thread-3 (]: 7 of 8 OK created sql table model PUBLIC_GOLD.payment_kpis ..................... [[32mSUCCESS 1[0m in 4.58s]
[0m05:00:18.989181 [debug] [Thread-3 (]: Finished running node model.dbt_taxiops.payment_kpis
[0m05:00:19.639295 [debug] [Thread-2 (]: SQL status: SUCCESS 1 in 5.0 seconds
[0m05:00:19.642259 [debug] [Thread-2 (]: Timing info for model.dbt_taxiops.vendor_kpis (execute): 05:00:14.664889 => 05:00:19.642035
[0m05:00:19.642954 [debug] [Thread-2 (]: On model.dbt_taxiops.vendor_kpis: Close
[0m05:00:19.775784 [debug] [Thread-2 (]: Sending event: {'category': 'dbt', 'action': 'run_model', 'label': '01c03a60-0f5a-4803-a677-261fab41e69e', 'context': [<snowplow_tracker.self_describing_json.SelfDescribingJson object at 0x7787f01f31d0>]}
[0m05:00:19.776611 [info ] [Thread-2 (]: 8 of 8 OK created sql table model PUBLIC_GOLD.vendor_kpis ...................... [[32mSUCCESS 1[0m in 5.12s]
[0m05:00:19.777327 [debug] [Thread-2 (]: Finished running node model.dbt_taxiops.vendor_kpis
[0m05:00:19.782284 [debug] [MainThread]: Connection 'master' was properly closed.
[0m05:00:19.783021 [debug] [MainThread]: Connection 'model.dbt_taxiops.vendor_kpis' was properly closed.
[0m05:00:19.783482 [debug] [MainThread]: Connection 'model.dbt_taxiops.dim_vendor' was properly closed.
[0m05:00:19.783978 [debug] [MainThread]: Connection 'model.dbt_taxiops.payment_kpis' was properly closed.
[0m05:00:19.784564 [debug] [MainThread]: Connection 'model.dbt_taxiops.hourly_kpis' was properly closed.
[0m05:00:19.785490 [info ] [MainThread]: 
[0m05:00:19.786336 [info ] [MainThread]: Finished running 1 view model, 7 table models in 0 hours 0 minutes and 23.88 seconds (23.88s).
[0m05:00:19.788943 [debug] [MainThread]: Command end result
[0m05:00:19.804230 [info ] [MainThread]: 
[0m05:00:19.805130 [info ] [MainThread]: [31mCompleted with 1 error and 0 warnings:[0m
[0m05:00:19.805800 [info ] [MainThread]: 
[0m05:00:19.806651 [error] [MainThread]:   Database Error in model dim_date (models/dimentions/dim_date.sql)
  100039 (22003): Numeric value '56238180' is out of range
  compiled Code at target/run/dbt_taxiops/models/dimentions/dim_date.sql
[0m05:00:19.807620 [info ] [MainThread]: 
[0m05:00:19.808398 [info ] [MainThread]: Done. PASS=7 WARN=0 ERROR=1 SKIP=0 TOTAL=8
[0m05:00:19.811653 [debug] [MainThread]: Resource report: {"command_name": "run", "command_wall_clock_time": 28.681335, "process_user_time": 7.300888, "process_kernel_time": 2.885468, "process_mem_max_rss": "204772", "process_in_blocks": "102840", "process_out_blocks": "2208", "command_success": false}
[0m05:00:19.812998 [debug] [MainThread]: Command `dbt run` failed at 05:00:19.812598 after 28.68 seconds
[0m05:00:19.814105 [debug] [MainThread]: Sending event: {'category': 'dbt', 'action': 'invocation', 'label': 'end', 'context': [<snowplow_tracker.self_describing_json.SelfDescribingJson object at 0x778831a60320>, <snowplow_tracker.self_describing_json.SelfDescribingJson object at 0x7787d04e3ce0>, <snowplow_tracker.self_describing_json.SelfDescribingJson object at 0x7788320f65a0>]}
[0m05:00:19.815177 [debug] [MainThread]: Flushing usage events
[0m05:14:17.032150 [debug] [MainThread]: Sending event: {'category': 'dbt', 'action': 'invocation', 'label': 'start', 'context': [<snowplow_tracker.self_describing_json.SelfDescribingJson object at 0x770c60bae570>, <snowplow_tracker.self_describing_json.SelfDescribingJson object at 0x770c60bacb30>, <snowplow_tracker.self_describing_json.SelfDescribingJson object at 0x770c60bac9b0>]}


============================== 05:14:17.037688 | 7f936767-82e9-4068-9f2d-9edd2b327725 ==============================
[0m05:14:17.037688 [info ] [MainThread]: Running with dbt=1.7.19
[0m05:14:17.038505 [debug] [MainThread]: running dbt with arguments {'printer_width': '80', 'indirect_selection': 'eager', 'write_json': 'True', 'log_cache_events': 'False', 'partial_parse': 'True', 'cache_selected_only': 'False', 'profiles_dir': '/home/hiron/.dbt', 'fail_fast': 'False', 'version_check': 'True', 'log_path': '/home/hiron/Tega-Michael-Brian-Project/dbt_taxiops/logs', 'debug': 'False', 'warn_error': 'None', 'use_colors': 'True', 'use_experimental_parser': 'False', 'no_print': 'None', 'quiet': 'False', 'warn_error_options': 'WarnErrorOptions(include=[], exclude=[])', 'static_parser': 'True', 'introspect': 'True', 'invocation_command': 'dbt run --select stg_taxi_trips_silver dim_date dim_payment_type dim_vendor hourly_kpis payment_kpis vendor_kpis airport_kpis', 'target_path': 'None', 'log_format': 'default', 'send_anonymous_usage_stats': 'True'}
[0m05:14:17.923524 [debug] [MainThread]: Sending event: {'category': 'dbt', 'action': 'project_id', 'label': '7f936767-82e9-4068-9f2d-9edd2b327725', 'context': [<snowplow_tracker.self_describing_json.SelfDescribingJson object at 0x770c31bd5730>]}
[0m05:14:17.977532 [debug] [MainThread]: Sending event: {'category': 'dbt', 'action': 'adapter_info', 'label': '7f936767-82e9-4068-9f2d-9edd2b327725', 'context': [<snowplow_tracker.self_describing_json.SelfDescribingJson object at 0x770c31236420>]}
[0m05:14:17.978754 [info ] [MainThread]: Registered adapter: snowflake=1.7.5
[0m05:14:17.988079 [debug] [MainThread]: checksum: a8d43cdff37d0f32d7fbe4c5c25bea4bb6c86e162f8ce8fdb1a38cdcf7495431, vars: {}, profile: , target: , version: 1.7.19
[0m05:14:18.032529 [debug] [MainThread]: Partial parsing enabled: 0 files deleted, 0 files added, 1 files changed.
[0m05:14:18.033377 [debug] [MainThread]: Partial parsing: updated file: dbt_taxiops://models/staging/stg_taxi_trips_silver.sql
[0m05:14:18.311926 [debug] [MainThread]: Sending event: {'category': 'dbt', 'action': 'load_project', 'label': '7f936767-82e9-4068-9f2d-9edd2b327725', 'context': [<snowplow_tracker.self_describing_json.SelfDescribingJson object at 0x770c31045c70>]}
[0m05:14:18.325981 [debug] [MainThread]: Sending event: {'category': 'dbt', 'action': 'resource_counts', 'label': '7f936767-82e9-4068-9f2d-9edd2b327725', 'context': [<snowplow_tracker.self_describing_json.SelfDescribingJson object at 0x770c310a69c0>]}
[0m05:14:18.326687 [info ] [MainThread]: Found 15 tests, 9 models, 1 source, 0 exposures, 0 metrics, 431 macros, 0 groups, 0 semantic models
[0m05:14:18.327285 [debug] [MainThread]: Sending event: {'category': 'dbt', 'action': 'runnable_timing', 'label': '7f936767-82e9-4068-9f2d-9edd2b327725', 'context': [<snowplow_tracker.self_describing_json.SelfDescribingJson object at 0x770c2ad7a750>]}
[0m05:14:18.329989 [info ] [MainThread]: 
[0m05:14:18.331131 [debug] [MainThread]: Acquiring new snowflake connection 'master'
[0m05:14:18.333526 [debug] [ThreadPool]: Acquiring new snowflake connection 'list_TAXIOPS_DB'
[0m05:14:18.341528 [debug] [ThreadPool]: Acquiring new snowflake connection 'list_TAXIOPS_DB'
[0m05:14:18.353104 [debug] [ThreadPool]: Using snowflake connection "list_TAXIOPS_DB"
[0m05:14:18.355088 [debug] [ThreadPool]: Acquiring new snowflake connection 'list_TAXIOPS_DB'
[0m05:14:18.358616 [debug] [ThreadPool]: Using snowflake connection "list_TAXIOPS_DB"
[0m05:14:18.359673 [debug] [ThreadPool]: On list_TAXIOPS_DB: /* {"app": "dbt", "dbt_version": "1.7.19", "profile_name": "dbt_taxiops", "target_name": "dev", "connection_name": "list_TAXIOPS_DB"} */
show terse schemas in database TAXIOPS_DB
    limit 10000
[0m05:14:18.362038 [debug] [ThreadPool]: Using snowflake connection "list_TAXIOPS_DB"
[0m05:14:18.363034 [debug] [ThreadPool]: On list_TAXIOPS_DB: /* {"app": "dbt", "dbt_version": "1.7.19", "profile_name": "dbt_taxiops", "target_name": "dev", "connection_name": "list_TAXIOPS_DB"} */
show terse schemas in database TAXIOPS_DB
    limit 10000
[0m05:14:18.364099 [debug] [ThreadPool]: Opening a new connection, currently in state init
[0m05:14:18.364794 [debug] [ThreadPool]: On list_TAXIOPS_DB: /* {"app": "dbt", "dbt_version": "1.7.19", "profile_name": "dbt_taxiops", "target_name": "dev", "connection_name": "list_TAXIOPS_DB"} */
show terse schemas in database TAXIOPS_DB
    limit 10000
[0m05:14:18.365271 [debug] [ThreadPool]: Opening a new connection, currently in state init
[0m05:14:18.368170 [debug] [ThreadPool]: Opening a new connection, currently in state init
[0m05:14:23.374995 [debug] [ThreadPool]: SQL status: SUCCESS 3 in 5.0 seconds
[0m05:14:23.377550 [debug] [ThreadPool]: On list_TAXIOPS_DB: Close
[0m05:14:23.401352 [debug] [ThreadPool]: SQL status: SUCCESS 3 in 5.0 seconds
[0m05:14:23.403049 [debug] [ThreadPool]: On list_TAXIOPS_DB: Close
[0m05:14:23.517052 [debug] [ThreadPool]: SQL status: SUCCESS 3 in 5.0 seconds
[0m05:14:23.518765 [debug] [ThreadPool]: On list_TAXIOPS_DB: Close
[0m05:14:23.594676 [debug] [ThreadPool]: Re-using an available connection from the pool (formerly list_TAXIOPS_DB, now create_TAXIOPS_DB_PUBLIC_GOLD)
[0m05:14:23.595901 [debug] [ThreadPool]: Re-using an available connection from the pool (formerly list_TAXIOPS_DB, now create_TAXIOPS_DB_PUBLIC_STAGING)
[0m05:14:23.596894 [debug] [ThreadPool]: Creating schema "database: "TAXIOPS_DB"
schema: "PUBLIC_GOLD"
"
[0m05:14:23.598200 [debug] [ThreadPool]: Creating schema "database: "TAXIOPS_DB"
schema: "PUBLIC_STAGING"
"
[0m05:14:23.604898 [debug] [ThreadPool]: Using snowflake connection "create_TAXIOPS_DB_PUBLIC_GOLD"
[0m05:14:23.608090 [debug] [ThreadPool]: Using snowflake connection "create_TAXIOPS_DB_PUBLIC_STAGING"
[0m05:14:23.609342 [debug] [ThreadPool]: On create_TAXIOPS_DB_PUBLIC_GOLD: /* {"app": "dbt", "dbt_version": "1.7.19", "profile_name": "dbt_taxiops", "target_name": "dev", "connection_name": "create_TAXIOPS_DB_PUBLIC_GOLD"} */
create schema if not exists TAXIOPS_DB.PUBLIC_GOLD
[0m05:14:23.610313 [debug] [ThreadPool]: On create_TAXIOPS_DB_PUBLIC_STAGING: /* {"app": "dbt", "dbt_version": "1.7.19", "profile_name": "dbt_taxiops", "target_name": "dev", "connection_name": "create_TAXIOPS_DB_PUBLIC_STAGING"} */
create schema if not exists TAXIOPS_DB.PUBLIC_STAGING
[0m05:14:23.611077 [debug] [ThreadPool]: Opening a new connection, currently in state closed
[0m05:14:23.611760 [debug] [ThreadPool]: Opening a new connection, currently in state closed
[0m05:14:26.040758 [debug] [ThreadPool]: SQL status: SUCCESS 1 in 2.0 seconds
[0m05:14:26.041963 [debug] [ThreadPool]: On create_TAXIOPS_DB_PUBLIC_STAGING: Close
[0m05:14:27.354007 [debug] [ThreadPool]: SQL status: SUCCESS 1 in 4.0 seconds
[0m05:14:27.355504 [debug] [ThreadPool]: On create_TAXIOPS_DB_PUBLIC_GOLD: Close
[0m05:14:27.430454 [debug] [ThreadPool]: Re-using an available connection from the pool (formerly create_TAXIOPS_DB_PUBLIC_GOLD, now list_TAXIOPS_DB_PUBLIC_GOLD)
[0m05:14:27.432549 [debug] [ThreadPool]: Re-using an available connection from the pool (formerly create_TAXIOPS_DB_PUBLIC_STAGING, now list_TAXIOPS_DB_PUBLIC)
[0m05:14:27.440290 [debug] [ThreadPool]: Re-using an available connection from the pool (formerly list_TAXIOPS_DB, now list_TAXIOPS_DB_PUBLIC_STAGING)
[0m05:14:27.445428 [debug] [ThreadPool]: Using snowflake connection "list_TAXIOPS_DB_PUBLIC_GOLD"
[0m05:14:27.449586 [debug] [ThreadPool]: Using snowflake connection "list_TAXIOPS_DB_PUBLIC"
[0m05:14:27.452522 [debug] [ThreadPool]: Using snowflake connection "list_TAXIOPS_DB_PUBLIC_STAGING"
[0m05:14:27.453216 [debug] [ThreadPool]: On list_TAXIOPS_DB_PUBLIC_GOLD: /* {"app": "dbt", "dbt_version": "1.7.19", "profile_name": "dbt_taxiops", "target_name": "dev", "connection_name": "list_TAXIOPS_DB_PUBLIC_GOLD"} */
show objects in TAXIOPS_DB.PUBLIC_GOLD limit 10000
[0m05:14:27.453962 [debug] [ThreadPool]: On list_TAXIOPS_DB_PUBLIC: /* {"app": "dbt", "dbt_version": "1.7.19", "profile_name": "dbt_taxiops", "target_name": "dev", "connection_name": "list_TAXIOPS_DB_PUBLIC"} */
show objects in TAXIOPS_DB.PUBLIC limit 10000
[0m05:14:27.454912 [debug] [ThreadPool]: On list_TAXIOPS_DB_PUBLIC_STAGING: /* {"app": "dbt", "dbt_version": "1.7.19", "profile_name": "dbt_taxiops", "target_name": "dev", "connection_name": "list_TAXIOPS_DB_PUBLIC_STAGING"} */
show objects in TAXIOPS_DB.PUBLIC_STAGING limit 10000
[0m05:14:27.455491 [debug] [ThreadPool]: Opening a new connection, currently in state closed
[0m05:14:27.456108 [debug] [ThreadPool]: Opening a new connection, currently in state closed
[0m05:14:27.456817 [debug] [ThreadPool]: Opening a new connection, currently in state closed
[0m05:14:29.901982 [debug] [ThreadPool]: SQL status: SUCCESS 0 in 2.0 seconds
[0m05:14:29.903878 [debug] [ThreadPool]: On list_TAXIOPS_DB_PUBLIC_GOLD: Close
[0m05:14:29.986475 [debug] [ThreadPool]: SQL status: SUCCESS 0 in 3.0 seconds
[0m05:14:29.988507 [debug] [ThreadPool]: On list_TAXIOPS_DB_PUBLIC_STAGING: Close
[0m05:14:28.761963 [debug] [ThreadPool]: SQL status: SUCCESS 0 in 1.0 seconds
[0m05:14:28.763684 [debug] [ThreadPool]: On list_TAXIOPS_DB_PUBLIC: Close
[0m05:14:28.838399 [debug] [MainThread]: Sending event: {'category': 'dbt', 'action': 'runnable_timing', 'label': '7f936767-82e9-4068-9f2d-9edd2b327725', 'context': [<snowplow_tracker.self_describing_json.SelfDescribingJson object at 0x770c310a7410>]}
[0m05:14:28.839773 [info ] [MainThread]: Concurrency: 4 threads (target='dev')
[0m05:14:28.840436 [info ] [MainThread]: 
[0m05:14:28.845760 [debug] [Thread-1 (]: Began running node model.dbt_taxiops.stg_taxi_trips_silver
[0m05:14:28.846698 [info ] [Thread-1 (]: 1 of 8 START sql view model PUBLIC_STAGING.stg_taxi_trips_silver ............... [RUN]
[0m05:14:28.847987 [debug] [Thread-1 (]: Re-using an available connection from the pool (formerly list_TAXIOPS_DB_PUBLIC, now model.dbt_taxiops.stg_taxi_trips_silver)
[0m05:14:28.848848 [debug] [Thread-1 (]: Began compiling node model.dbt_taxiops.stg_taxi_trips_silver
[0m05:14:28.859123 [debug] [Thread-1 (]: Writing injected SQL for node "model.dbt_taxiops.stg_taxi_trips_silver"
[0m05:14:28.860762 [debug] [Thread-1 (]: Timing info for model.dbt_taxiops.stg_taxi_trips_silver (compile): 05:14:28.849445 => 05:14:28.860262
[0m05:14:28.861395 [debug] [Thread-1 (]: Began executing node model.dbt_taxiops.stg_taxi_trips_silver
[0m05:14:28.894918 [debug] [Thread-1 (]: Writing runtime sql for node "model.dbt_taxiops.stg_taxi_trips_silver"
[0m05:14:28.897951 [debug] [Thread-1 (]: Using snowflake connection "model.dbt_taxiops.stg_taxi_trips_silver"
[0m05:14:28.898532 [debug] [Thread-1 (]: On model.dbt_taxiops.stg_taxi_trips_silver: /* {"app": "dbt", "dbt_version": "1.7.19", "profile_name": "dbt_taxiops", "target_name": "dev", "node_id": "model.dbt_taxiops.stg_taxi_trips_silver"} */
create or replace   view TAXIOPS_DB.PUBLIC_STAGING.stg_taxi_trips_silver
  
   as (
    

with typed_trips as (

    select
        event_id,
        schema_version,

        vendor_id,
        payment_type,
        ratecode_id,
        store_and_fwd_flag,

        pickup_datetime,
        dropoff_datetime,

        try_to_timestamp_ntz(pickup_ts) as pickup_ts,
        try_to_timestamp_ntz(dropoff_ts) as dropoff_ts,
        try_to_timestamp_ntz(event_ts) as event_ts,

        passenger_count,
        trip_distance,
        fare_amount,
        tip_amount,
        total_amount,
        extra,
        mta_tax,
        tolls_amount,
        improvement_surcharge,
        congestion_surcharge,
        airport_fee,

        pickup_location_id,
        dropoff_location_id

    from TAXIOPS_DB.RAW.taxi_trips_silver

)

select
    event_id,
    schema_version,

    vendor_id,
    payment_type,
    ratecode_id,
    store_and_fwd_flag,

    pickup_datetime,
    dropoff_datetime,
    pickup_ts,
    dropoff_ts,
    event_ts,

    passenger_count,
    trip_distance,
    fare_amount,
    tip_amount,
    total_amount,
    extra,
    mta_tax,
    tolls_amount,
    improvement_surcharge,
    congestion_surcharge,
    airport_fee,

    pickup_location_id,
    dropoff_location_id,

    cast(pickup_ts as date) as pickup_date,
    date_part('hour', pickup_ts) as pickup_hour,

    round(datediff('second', pickup_ts, dropoff_ts) / 60.0, 2) as trip_duration_min,

    case
        when fare_amount > 0 then round(tip_amount / fare_amount, 4)
        else 0.0
    end as tip_rate,

    case
        when trip_distance > 0 then round(fare_amount / trip_distance, 2)
        else 0.0
    end as fare_per_mile,

    case
        when pickup_location_id in (132, 138) or dropoff_location_id in (132, 138) then true
        else false
    end as is_airport_trip,

    case
        when date_part('hour', pickup_ts) between 6 and 10 then 'morning'
        when date_part('hour', pickup_ts) between 11 and 15 then 'midday'
        when date_part('hour', pickup_ts) between 16 and 20 then 'evening'
        else 'overnight'
    end as trip_time_bucket

from typed_trips
where pickup_ts is not null
  and dropoff_ts is not null
  and event_ts is not null
  and total_amount >= 0
  and fare_amount >= 0
  and trip_distance > 0
  and dropoff_ts > pickup_ts
  and cast(pickup_ts as date) between '2025-01-01' and '2030-12-31'
  );
[0m05:14:28.898968 [debug] [Thread-1 (]: Opening a new connection, currently in state closed
[0m05:14:32.481768 [debug] [Thread-1 (]: SQL status: SUCCESS 1 in 4.0 seconds
[0m05:14:32.506511 [debug] [Thread-1 (]: Timing info for model.dbt_taxiops.stg_taxi_trips_silver (execute): 05:14:28.861676 => 05:14:32.506276
[0m05:14:32.507074 [debug] [Thread-1 (]: On model.dbt_taxiops.stg_taxi_trips_silver: Close
[0m05:14:32.581017 [debug] [Thread-1 (]: Sending event: {'category': 'dbt', 'action': 'run_model', 'label': '7f936767-82e9-4068-9f2d-9edd2b327725', 'context': [<snowplow_tracker.self_describing_json.SelfDescribingJson object at 0x770bf85bf860>]}
[0m05:14:32.582041 [info ] [Thread-1 (]: 1 of 8 OK created sql view model PUBLIC_STAGING.stg_taxi_trips_silver .......... [[32mSUCCESS 1[0m in 3.73s]
[0m05:14:32.583092 [debug] [Thread-1 (]: Finished running node model.dbt_taxiops.stg_taxi_trips_silver
[0m05:14:32.585380 [debug] [Thread-3 (]: Began running node model.dbt_taxiops.airport_kpis
[0m05:14:32.586481 [debug] [Thread-4 (]: Began running node model.dbt_taxiops.dim_date
[0m05:14:32.588540 [debug] [Thread-2 (]: Began running node model.dbt_taxiops.dim_payment_type
[0m05:14:32.589566 [debug] [Thread-1 (]: Began running node model.dbt_taxiops.dim_vendor
[0m05:14:32.587703 [info ] [Thread-3 (]: 2 of 8 START sql table model PUBLIC_GOLD.airport_kpis .......................... [RUN]
[0m05:14:32.591346 [info ] [Thread-4 (]: 3 of 8 START sql table model PUBLIC.dim_date ................................... [RUN]
[0m05:14:32.592642 [info ] [Thread-2 (]: 4 of 8 START sql table model PUBLIC.dim_payment_type ........................... [RUN]
[0m05:14:32.593721 [info ] [Thread-1 (]: 5 of 8 START sql table model PUBLIC.dim_vendor ................................. [RUN]
[0m05:14:32.595586 [debug] [Thread-3 (]: Re-using an available connection from the pool (formerly list_TAXIOPS_DB_PUBLIC_GOLD, now model.dbt_taxiops.airport_kpis)
[0m05:14:32.597098 [debug] [Thread-4 (]: Acquiring new snowflake connection 'model.dbt_taxiops.dim_date'
[0m05:14:32.599084 [debug] [Thread-2 (]: Re-using an available connection from the pool (formerly list_TAXIOPS_DB_PUBLIC_STAGING, now model.dbt_taxiops.dim_payment_type)
[0m05:14:32.601304 [debug] [Thread-1 (]: Re-using an available connection from the pool (formerly model.dbt_taxiops.stg_taxi_trips_silver, now model.dbt_taxiops.dim_vendor)
[0m05:14:32.602353 [debug] [Thread-3 (]: Began compiling node model.dbt_taxiops.airport_kpis
[0m05:14:32.603262 [debug] [Thread-4 (]: Began compiling node model.dbt_taxiops.dim_date
[0m05:14:32.604248 [debug] [Thread-2 (]: Began compiling node model.dbt_taxiops.dim_payment_type
[0m05:14:32.605481 [debug] [Thread-1 (]: Began compiling node model.dbt_taxiops.dim_vendor
[0m05:14:32.609406 [debug] [Thread-3 (]: Writing injected SQL for node "model.dbt_taxiops.airport_kpis"
[0m05:14:32.615791 [debug] [Thread-4 (]: Writing injected SQL for node "model.dbt_taxiops.dim_date"
[0m05:14:32.620878 [debug] [Thread-2 (]: Writing injected SQL for node "model.dbt_taxiops.dim_payment_type"
[0m05:14:32.624722 [debug] [Thread-1 (]: Writing injected SQL for node "model.dbt_taxiops.dim_vendor"
[0m05:14:32.627561 [debug] [Thread-4 (]: Timing info for model.dbt_taxiops.dim_date (compile): 05:14:32.610147 => 05:14:32.626799
[0m05:14:32.628712 [debug] [Thread-1 (]: Timing info for model.dbt_taxiops.dim_vendor (compile): 05:14:32.621666 => 05:14:32.628360
[0m05:14:32.629474 [debug] [Thread-4 (]: Began executing node model.dbt_taxiops.dim_date
[0m05:14:32.630351 [debug] [Thread-2 (]: Timing info for model.dbt_taxiops.dim_payment_type (compile): 05:14:32.616717 => 05:14:32.629876
[0m05:14:32.631798 [debug] [Thread-1 (]: Began executing node model.dbt_taxiops.dim_vendor
[0m05:14:32.632964 [debug] [Thread-3 (]: Timing info for model.dbt_taxiops.airport_kpis (compile): 05:14:32.606137 => 05:14:32.632308
[0m05:14:32.645629 [debug] [Thread-2 (]: Began executing node model.dbt_taxiops.dim_payment_type
[0m05:14:32.658883 [debug] [Thread-4 (]: Writing runtime sql for node "model.dbt_taxiops.dim_date"
[0m05:14:32.663252 [debug] [Thread-1 (]: Writing runtime sql for node "model.dbt_taxiops.dim_vendor"
[0m05:14:32.664343 [debug] [Thread-3 (]: Began executing node model.dbt_taxiops.airport_kpis
[0m05:14:32.667730 [debug] [Thread-2 (]: Writing runtime sql for node "model.dbt_taxiops.dim_payment_type"
[0m05:14:32.670172 [debug] [Thread-4 (]: Using snowflake connection "model.dbt_taxiops.dim_date"
[0m05:14:32.674017 [debug] [Thread-3 (]: Writing runtime sql for node "model.dbt_taxiops.airport_kpis"
[0m05:14:32.676259 [debug] [Thread-1 (]: Using snowflake connection "model.dbt_taxiops.dim_vendor"
[0m05:14:32.677559 [debug] [Thread-4 (]: On model.dbt_taxiops.dim_date: /* {"app": "dbt", "dbt_version": "1.7.19", "profile_name": "dbt_taxiops", "target_name": "dev", "node_id": "model.dbt_taxiops.dim_date"} */
create or replace transient table TAXIOPS_DB.PUBLIC.dim_date
         as
        (

select distinct
    pickup_date as date_key,
    extract(year from pickup_date) as year,
    extract(quarter from pickup_date) as quarter,
    extract(month from pickup_date) as month_num,
    to_char(pickup_date, 'Mon') as month_name,
    extract(day from pickup_date) as day_of_month,
    extract(dayofweek from pickup_date) as day_of_week_num,
    trim(to_char(pickup_date, 'Day')) as day_name,
    case
        when extract(dayofweek from pickup_date) in (1, 7) then true
        else false
    end as is_weekend
from TAXIOPS_DB.PUBLIC_STAGING.stg_taxi_trips_silver
where pickup_date is not null
        );
[0m05:14:32.679785 [debug] [Thread-2 (]: Using snowflake connection "model.dbt_taxiops.dim_payment_type"
[0m05:14:32.680868 [debug] [Thread-1 (]: On model.dbt_taxiops.dim_vendor: /* {"app": "dbt", "dbt_version": "1.7.19", "profile_name": "dbt_taxiops", "target_name": "dev", "node_id": "model.dbt_taxiops.dim_vendor"} */
create or replace transient table TAXIOPS_DB.PUBLIC.dim_vendor
         as
        (

select distinct
    vendor_id,
    case
        when vendor_id = '1' then 'Creative Mobile Technologies'
        when vendor_id = '2' then 'VeriFone'
        else 'Unknown Vendor'
    end as vendor_name
from TAXIOPS_DB.PUBLIC_STAGING.stg_taxi_trips_silver
where vendor_id is not null
        );
[0m05:14:32.682305 [debug] [Thread-3 (]: Using snowflake connection "model.dbt_taxiops.airport_kpis"
[0m05:14:32.682946 [debug] [Thread-4 (]: Opening a new connection, currently in state init
[0m05:14:32.684020 [debug] [Thread-2 (]: On model.dbt_taxiops.dim_payment_type: /* {"app": "dbt", "dbt_version": "1.7.19", "profile_name": "dbt_taxiops", "target_name": "dev", "node_id": "model.dbt_taxiops.dim_payment_type"} */
create or replace transient table TAXIOPS_DB.PUBLIC.dim_payment_type
         as
        (

select distinct
    payment_type,
    case
        when payment_type = '1' then 'Credit Card'
        when payment_type = '2' then 'Cash'
        when payment_type = '3' then 'No Charge'
        when payment_type = '4' then 'Dispute'
        when payment_type = '5' then 'Unknown'
        when payment_type = '6' then 'Voided Trip'
        else 'Other'
    end as payment_type_desc
from TAXIOPS_DB.PUBLIC_STAGING.stg_taxi_trips_silver
where payment_type is not null
        );
[0m05:14:32.684950 [debug] [Thread-1 (]: Opening a new connection, currently in state closed
[0m05:14:32.685604 [debug] [Thread-3 (]: On model.dbt_taxiops.airport_kpis: /* {"app": "dbt", "dbt_version": "1.7.19", "profile_name": "dbt_taxiops", "target_name": "dev", "node_id": "model.dbt_taxiops.airport_kpis"} */
create or replace transient table TAXIOPS_DB.PUBLIC_GOLD.airport_kpis
         as
        (

select
    pickup_date,
    is_airport_trip,

    count(*) as total_trips,
    round(sum(total_amount), 2) as total_revenue,
    round(avg(fare_amount), 2) as avg_fare_amount,
    round(avg(trip_distance), 2) as avg_trip_distance,
    round(avg(trip_duration_min), 2) as avg_trip_duration_min

from TAXIOPS_DB.PUBLIC_STAGING.stg_taxi_trips_silver
group by pickup_date, is_airport_trip
order by pickup_date, is_airport_trip
        );
[0m05:14:32.687386 [debug] [Thread-2 (]: Opening a new connection, currently in state closed
[0m05:14:32.724379 [debug] [Thread-3 (]: Opening a new connection, currently in state closed
[0m05:14:35.993042 [debug] [Thread-3 (]: SQL status: SUCCESS 1 in 3.0 seconds
[0m05:14:35.995931 [debug] [Thread-3 (]: Timing info for model.dbt_taxiops.airport_kpis (execute): 05:14:32.670943 => 05:14:35.995696
[0m05:14:35.996437 [debug] [Thread-3 (]: On model.dbt_taxiops.airport_kpis: Close
[0m05:14:36.062796 [debug] [Thread-3 (]: Sending event: {'category': 'dbt', 'action': 'run_model', 'label': '7f936767-82e9-4068-9f2d-9edd2b327725', 'context': [<snowplow_tracker.self_describing_json.SelfDescribingJson object at 0x770bb81ef1d0>]}
[0m05:14:36.063866 [info ] [Thread-3 (]: 2 of 8 OK created sql table model PUBLIC_GOLD.airport_kpis ..................... [[32mSUCCESS 1[0m in 3.47s]
[0m05:14:36.064898 [debug] [Thread-3 (]: Finished running node model.dbt_taxiops.airport_kpis
[0m05:14:36.065630 [debug] [Thread-3 (]: Began running node model.dbt_taxiops.hourly_kpis
[0m05:14:36.066785 [info ] [Thread-3 (]: 6 of 8 START sql table model PUBLIC_GOLD.hourly_kpis ........................... [RUN]
[0m05:14:36.068019 [debug] [Thread-3 (]: Re-using an available connection from the pool (formerly model.dbt_taxiops.airport_kpis, now model.dbt_taxiops.hourly_kpis)
[0m05:14:36.068593 [debug] [Thread-3 (]: Began compiling node model.dbt_taxiops.hourly_kpis
[0m05:14:36.072655 [debug] [Thread-3 (]: Writing injected SQL for node "model.dbt_taxiops.hourly_kpis"
[0m05:14:36.074114 [debug] [Thread-3 (]: Timing info for model.dbt_taxiops.hourly_kpis (compile): 05:14:36.068913 => 05:14:36.073679
[0m05:14:36.074770 [debug] [Thread-3 (]: Began executing node model.dbt_taxiops.hourly_kpis
[0m05:14:36.078641 [debug] [Thread-3 (]: Writing runtime sql for node "model.dbt_taxiops.hourly_kpis"
[0m05:14:36.080909 [debug] [Thread-3 (]: Using snowflake connection "model.dbt_taxiops.hourly_kpis"
[0m05:14:36.081675 [debug] [Thread-3 (]: On model.dbt_taxiops.hourly_kpis: /* {"app": "dbt", "dbt_version": "1.7.19", "profile_name": "dbt_taxiops", "target_name": "dev", "node_id": "model.dbt_taxiops.hourly_kpis"} */
create or replace transient table TAXIOPS_DB.PUBLIC_GOLD.hourly_kpis
         as
        (

select
    pickup_date,
    pickup_hour,
    count(*) as total_trips,
    round(sum(total_amount), 2) as total_revenue,
    round(avg(fare_amount), 2) as avg_fare_amount,
    round(avg(tip_amount), 2) as avg_tip_amount,
    round(avg(trip_distance), 2) as avg_trip_distance,
    round(avg(trip_duration_min), 2) as avg_trip_duration_min,
    round(avg(fare_per_mile), 2) as avg_fare_per_mile,
    round(avg(tip_rate), 4) as avg_tip_rate
from TAXIOPS_DB.PUBLIC_STAGING.stg_taxi_trips_silver
group by pickup_date, pickup_hour
order by pickup_date, pickup_hour
        );
[0m05:14:36.082375 [debug] [Thread-3 (]: Opening a new connection, currently in state closed
[0m05:14:37.188210 [debug] [Thread-1 (]: SQL status: SUCCESS 1 in 5.0 seconds
[0m05:14:37.191217 [debug] [Thread-1 (]: Timing info for model.dbt_taxiops.dim_vendor (execute): 05:14:32.659840 => 05:14:37.190934
[0m05:14:37.191841 [debug] [Thread-1 (]: On model.dbt_taxiops.dim_vendor: Close
[0m05:14:37.214553 [debug] [Thread-4 (]: SQL status: SUCCESS 1 in 5.0 seconds
[0m05:14:37.217921 [debug] [Thread-4 (]: Timing info for model.dbt_taxiops.dim_date (execute): 05:14:32.633472 => 05:14:37.217645
[0m05:14:37.218484 [debug] [Thread-4 (]: On model.dbt_taxiops.dim_date: Close
[0m05:14:37.295192 [debug] [Thread-4 (]: Sending event: {'category': 'dbt', 'action': 'run_model', 'label': '7f936767-82e9-4068-9f2d-9edd2b327725', 'context': [<snowplow_tracker.self_describing_json.SelfDescribingJson object at 0x770bb8171130>]}
[0m05:14:37.296366 [info ] [Thread-4 (]: 3 of 8 OK created sql table model PUBLIC.dim_date .............................. [[32mSUCCESS 1[0m in 4.70s]
[0m05:14:37.298322 [debug] [Thread-4 (]: Finished running node model.dbt_taxiops.dim_date
[0m05:14:37.300718 [debug] [Thread-1 (]: Sending event: {'category': 'dbt', 'action': 'run_model', 'label': '7f936767-82e9-4068-9f2d-9edd2b327725', 'context': [<snowplow_tracker.self_describing_json.SelfDescribingJson object at 0x770c63a65fd0>]}
[0m05:14:37.301735 [info ] [Thread-1 (]: 5 of 8 OK created sql table model PUBLIC.dim_vendor ............................ [[32mSUCCESS 1[0m in 4.70s]
[0m05:14:37.302609 [debug] [Thread-1 (]: Finished running node model.dbt_taxiops.dim_vendor
[0m05:14:37.304031 [debug] [Thread-4 (]: Began running node model.dbt_taxiops.vendor_kpis
[0m05:14:37.305018 [info ] [Thread-4 (]: 7 of 8 START sql table model PUBLIC_GOLD.vendor_kpis ........................... [RUN]
[0m05:14:37.306181 [debug] [Thread-4 (]: Re-using an available connection from the pool (formerly model.dbt_taxiops.dim_date, now model.dbt_taxiops.vendor_kpis)
[0m05:14:37.306887 [debug] [Thread-4 (]: Began compiling node model.dbt_taxiops.vendor_kpis
[0m05:14:37.310642 [debug] [Thread-4 (]: Writing injected SQL for node "model.dbt_taxiops.vendor_kpis"
[0m05:14:37.312512 [debug] [Thread-4 (]: Timing info for model.dbt_taxiops.vendor_kpis (compile): 05:14:37.307270 => 05:14:37.312004
[0m05:14:37.313335 [debug] [Thread-4 (]: Began executing node model.dbt_taxiops.vendor_kpis
[0m05:14:37.317000 [debug] [Thread-4 (]: Writing runtime sql for node "model.dbt_taxiops.vendor_kpis"
[0m05:14:37.318663 [debug] [Thread-4 (]: Using snowflake connection "model.dbt_taxiops.vendor_kpis"
[0m05:14:37.319514 [debug] [Thread-4 (]: On model.dbt_taxiops.vendor_kpis: /* {"app": "dbt", "dbt_version": "1.7.19", "profile_name": "dbt_taxiops", "target_name": "dev", "node_id": "model.dbt_taxiops.vendor_kpis"} */
create or replace transient table TAXIOPS_DB.PUBLIC_GOLD.vendor_kpis
         as
        (

select
    s.pickup_date,
    s.vendor_id,
    d.vendor_name,
    count(*) as total_trips,
    round(sum(s.total_amount), 2) as total_revenue,
    round(avg(s.trip_distance), 2) as avg_trip_distance,
    round(avg(s.fare_amount), 2) as avg_fare_amount,
    round(avg(s.fare_per_mile), 2) as avg_fare_per_mile,
    round(avg(s.trip_duration_min), 2) as avg_trip_duration_min,
    round(max(s.total_amount), 2) as max_trip_total
from TAXIOPS_DB.PUBLIC_STAGING.stg_taxi_trips_silver s
left join TAXIOPS_DB.PUBLIC.dim_vendor d
    on s.vendor_id = d.vendor_id
group by s.pickup_date, s.vendor_id, d.vendor_name
order by s.pickup_date, s.vendor_id
        );
[0m05:14:37.320187 [debug] [Thread-4 (]: Opening a new connection, currently in state closed
[0m05:14:38.398460 [debug] [Thread-2 (]: SQL status: SUCCESS 1 in 6.0 seconds
[0m05:14:38.401729 [debug] [Thread-2 (]: Timing info for model.dbt_taxiops.dim_payment_type (execute): 05:14:32.664988 => 05:14:38.401473
[0m05:14:38.402321 [debug] [Thread-2 (]: On model.dbt_taxiops.dim_payment_type: Close
[0m05:14:38.479792 [debug] [Thread-2 (]: Sending event: {'category': 'dbt', 'action': 'run_model', 'label': '7f936767-82e9-4068-9f2d-9edd2b327725', 'context': [<snowplow_tracker.self_describing_json.SelfDescribingJson object at 0x770bb813a210>]}
[0m05:14:38.480934 [info ] [Thread-2 (]: 4 of 8 OK created sql table model PUBLIC.dim_payment_type ...................... [[32mSUCCESS 1[0m in 5.88s]
[0m05:14:38.481876 [debug] [Thread-2 (]: Finished running node model.dbt_taxiops.dim_payment_type
[0m05:14:38.483119 [debug] [Thread-1 (]: Began running node model.dbt_taxiops.payment_kpis
[0m05:14:38.484113 [info ] [Thread-1 (]: 8 of 8 START sql table model PUBLIC_GOLD.payment_kpis .......................... [RUN]
[0m05:14:38.485321 [debug] [Thread-1 (]: Re-using an available connection from the pool (formerly model.dbt_taxiops.dim_vendor, now model.dbt_taxiops.payment_kpis)
[0m05:14:38.485902 [debug] [Thread-1 (]: Began compiling node model.dbt_taxiops.payment_kpis
[0m05:14:38.489930 [debug] [Thread-1 (]: Writing injected SQL for node "model.dbt_taxiops.payment_kpis"
[0m05:14:38.491107 [debug] [Thread-1 (]: Timing info for model.dbt_taxiops.payment_kpis (compile): 05:14:38.486183 => 05:14:38.490699
[0m05:14:38.491846 [debug] [Thread-1 (]: Began executing node model.dbt_taxiops.payment_kpis
[0m05:14:38.495264 [debug] [Thread-1 (]: Writing runtime sql for node "model.dbt_taxiops.payment_kpis"
[0m05:14:38.497244 [debug] [Thread-1 (]: Using snowflake connection "model.dbt_taxiops.payment_kpis"
[0m05:14:38.498055 [debug] [Thread-1 (]: On model.dbt_taxiops.payment_kpis: /* {"app": "dbt", "dbt_version": "1.7.19", "profile_name": "dbt_taxiops", "target_name": "dev", "node_id": "model.dbt_taxiops.payment_kpis"} */
create or replace transient table TAXIOPS_DB.PUBLIC_GOLD.payment_kpis
         as
        (

select
    s.pickup_date,
    s.payment_type,
    d.payment_type_desc,
    count(*) as total_trips,
    round(sum(s.total_amount), 2) as total_revenue,
    round(avg(s.fare_amount), 2) as avg_fare_amount,
    round(avg(s.tip_amount), 2) as avg_tip_amount,
    round(avg(s.tip_rate), 4) as avg_tip_rate,
    round(avg(s.trip_distance), 2) as avg_trip_distance
from TAXIOPS_DB.PUBLIC_STAGING.stg_taxi_trips_silver s
left join TAXIOPS_DB.PUBLIC.dim_payment_type d
    on s.payment_type = d.payment_type
group by s.pickup_date, s.payment_type, d.payment_type_desc
order by s.pickup_date, s.payment_type
        );
[0m05:14:38.498755 [debug] [Thread-1 (]: Opening a new connection, currently in state closed
[0m05:14:40.110928 [debug] [Thread-3 (]: SQL status: SUCCESS 1 in 4.0 seconds
[0m05:14:40.114162 [debug] [Thread-3 (]: Timing info for model.dbt_taxiops.hourly_kpis (execute): 05:14:36.075161 => 05:14:40.113907
[0m05:14:40.114737 [debug] [Thread-3 (]: On model.dbt_taxiops.hourly_kpis: Close
[0m05:14:40.182859 [debug] [Thread-3 (]: Sending event: {'category': 'dbt', 'action': 'run_model', 'label': '7f936767-82e9-4068-9f2d-9edd2b327725', 'context': [<snowplow_tracker.self_describing_json.SelfDescribingJson object at 0x770bb81ec260>]}
[0m05:14:40.183852 [info ] [Thread-3 (]: 6 of 8 OK created sql table model PUBLIC_GOLD.hourly_kpis ...................... [[32mSUCCESS 1[0m in 4.12s]
[0m05:14:40.184585 [debug] [Thread-3 (]: Finished running node model.dbt_taxiops.hourly_kpis
[0m05:14:40.879614 [debug] [Thread-4 (]: SQL status: SUCCESS 1 in 4.0 seconds
[0m05:14:40.882858 [debug] [Thread-4 (]: Timing info for model.dbt_taxiops.vendor_kpis (execute): 05:14:37.313759 => 05:14:40.882600
[0m05:14:40.883511 [debug] [Thread-4 (]: On model.dbt_taxiops.vendor_kpis: Close
[0m05:14:40.967675 [debug] [Thread-4 (]: Sending event: {'category': 'dbt', 'action': 'run_model', 'label': '7f936767-82e9-4068-9f2d-9edd2b327725', 'context': [<snowplow_tracker.self_describing_json.SelfDescribingJson object at 0x770bb8171130>]}
[0m05:14:40.968629 [info ] [Thread-4 (]: 7 of 8 OK created sql table model PUBLIC_GOLD.vendor_kpis ...................... [[32mSUCCESS 1[0m in 3.66s]
[0m05:14:40.969410 [debug] [Thread-4 (]: Finished running node model.dbt_taxiops.vendor_kpis
[0m05:14:41.935940 [debug] [Thread-1 (]: SQL status: SUCCESS 1 in 3.0 seconds
[0m05:14:41.939158 [debug] [Thread-1 (]: Timing info for model.dbt_taxiops.payment_kpis (execute): 05:14:38.492309 => 05:14:41.938887
[0m05:14:41.939936 [debug] [Thread-1 (]: On model.dbt_taxiops.payment_kpis: Close
[0m05:14:42.006207 [debug] [Thread-1 (]: Sending event: {'category': 'dbt', 'action': 'run_model', 'label': '7f936767-82e9-4068-9f2d-9edd2b327725', 'context': [<snowplow_tracker.self_describing_json.SelfDescribingJson object at 0x770bb8139310>]}
[0m05:14:42.007236 [info ] [Thread-1 (]: 8 of 8 OK created sql table model PUBLIC_GOLD.payment_kpis ..................... [[32mSUCCESS 1[0m in 3.52s]
[0m05:14:42.008107 [debug] [Thread-1 (]: Finished running node model.dbt_taxiops.payment_kpis
[0m05:14:42.012058 [debug] [MainThread]: Connection 'master' was properly closed.
[0m05:14:42.012669 [debug] [MainThread]: Connection 'model.dbt_taxiops.hourly_kpis' was properly closed.
[0m05:14:42.013055 [debug] [MainThread]: Connection 'model.dbt_taxiops.dim_payment_type' was properly closed.
[0m05:14:42.013425 [debug] [MainThread]: Connection 'model.dbt_taxiops.payment_kpis' was properly closed.
[0m05:14:42.013869 [debug] [MainThread]: Connection 'model.dbt_taxiops.vendor_kpis' was properly closed.
[0m05:14:42.014444 [info ] [MainThread]: 
[0m05:14:42.014917 [info ] [MainThread]: Finished running 1 view model, 7 table models in 0 hours 0 minutes and 23.68 seconds (23.68s).
[0m05:14:42.016589 [debug] [MainThread]: Command end result
[0m05:14:42.027261 [info ] [MainThread]: 
[0m05:14:42.028240 [info ] [MainThread]: [32mCompleted successfully[0m
[0m05:14:42.028897 [info ] [MainThread]: 
[0m05:14:42.029361 [info ] [MainThread]: Done. PASS=8 WARN=0 ERROR=0 SKIP=0 TOTAL=8
[0m05:14:42.030742 [debug] [MainThread]: Resource report: {"command_name": "run", "command_success": true, "command_wall_clock_time": 27.011534, "process_user_time": 7.423475, "process_kernel_time": 2.236683, "process_mem_max_rss": "210400", "process_in_blocks": "1104", "process_out_blocks": "3144"}
[0m05:14:42.031687 [debug] [MainThread]: Command `dbt run` succeeded at 05:14:42.031439 after 27.01 seconds
[0m05:14:42.032360 [debug] [MainThread]: Sending event: {'category': 'dbt', 'action': 'invocation', 'label': 'end', 'context': [<snowplow_tracker.self_describing_json.SelfDescribingJson object at 0x770c60bac9b0>, <snowplow_tracker.self_describing_json.SelfDescribingJson object at 0x770c2ada9880>, <snowplow_tracker.self_describing_json.SelfDescribingJson object at 0x770c2ada9730>]}
[0m05:14:42.032824 [debug] [MainThread]: Flushing usage events
[0m06:07:08.543987 [debug] [MainThread]: Sending event: {'category': 'dbt', 'action': 'invocation', 'label': 'start', 'context': [<snowplow_tracker.self_describing_json.SelfDescribingJson object at 0x759e84b64c20>, <snowplow_tracker.self_describing_json.SelfDescribingJson object at 0x759e84b64d40>, <snowplow_tracker.self_describing_json.SelfDescribingJson object at 0x759e84b64ad0>]}


============================== 06:07:08.557036 | 29240287-77f2-4a06-86e6-e5438963d0e2 ==============================
[0m06:07:08.557036 [info ] [MainThread]: Running with dbt=1.7.19
[0m06:07:08.558030 [debug] [MainThread]: running dbt with arguments {'printer_width': '80', 'indirect_selection': 'eager', 'write_json': 'True', 'log_cache_events': 'False', 'partial_parse': 'True', 'cache_selected_only': 'False', 'warn_error': 'None', 'debug': 'False', 'profiles_dir': '/home/hiron/.dbt', 'log_path': '/home/hiron/Tega-Michael-Brian-Project/dbt_taxiops/logs', 'fail_fast': 'False', 'version_check': 'True', 'use_colors': 'True', 'use_experimental_parser': 'False', 'no_print': 'None', 'quiet': 'False', 'warn_error_options': 'WarnErrorOptions(include=[], exclude=[])', 'invocation_command': 'dbt run --select stg_taxi_trips_silver dim_date dim_payment_type dim_vendor hourly_kpis payment_kpis vendor_kpis airport_kpis', 'introspect': 'True', 'log_format': 'default', 'target_path': 'None', 'static_parser': 'True', 'send_anonymous_usage_stats': 'True'}
[0m06:07:10.038689 [debug] [MainThread]: Sending event: {'category': 'dbt', 'action': 'project_id', 'label': '29240287-77f2-4a06-86e6-e5438963d0e2', 'context': [<snowplow_tracker.self_describing_json.SelfDescribingJson object at 0x759e577628a0>]}
[0m06:07:10.108978 [debug] [MainThread]: Sending event: {'category': 'dbt', 'action': 'adapter_info', 'label': '29240287-77f2-4a06-86e6-e5438963d0e2', 'context': [<snowplow_tracker.self_describing_json.SelfDescribingJson object at 0x759e5529b2c0>]}
[0m06:07:10.111257 [info ] [MainThread]: Registered adapter: snowflake=1.7.5
[0m06:07:10.131241 [debug] [MainThread]: checksum: a8d43cdff37d0f32d7fbe4c5c25bea4bb6c86e162f8ce8fdb1a38cdcf7495431, vars: {}, profile: , target: , version: 1.7.19
[0m06:07:10.318127 [debug] [MainThread]: Partial parsing enabled: 0 files deleted, 0 files added, 0 files changed.
[0m06:07:10.318893 [debug] [MainThread]: Partial parsing enabled, no changes found, skipping parsing
[0m06:07:10.326309 [debug] [MainThread]: Sending event: {'category': 'dbt', 'action': 'load_project', 'label': '29240287-77f2-4a06-86e6-e5438963d0e2', 'context': [<snowplow_tracker.self_describing_json.SelfDescribingJson object at 0x759e84bc5370>]}
[0m06:07:10.354427 [debug] [MainThread]: Sending event: {'category': 'dbt', 'action': 'resource_counts', 'label': '29240287-77f2-4a06-86e6-e5438963d0e2', 'context': [<snowplow_tracker.self_describing_json.SelfDescribingJson object at 0x759e5501aae0>]}
[0m06:07:10.355090 [info ] [MainThread]: Found 15 tests, 9 models, 1 source, 0 exposures, 0 metrics, 431 macros, 0 groups, 0 semantic models
[0m06:07:10.355651 [debug] [MainThread]: Sending event: {'category': 'dbt', 'action': 'runnable_timing', 'label': '29240287-77f2-4a06-86e6-e5438963d0e2', 'context': [<snowplow_tracker.self_describing_json.SelfDescribingJson object at 0x759e559e21b0>]}
[0m06:07:10.359078 [info ] [MainThread]: 
[0m06:07:10.360276 [debug] [MainThread]: Acquiring new snowflake connection 'master'
[0m06:07:10.362844 [debug] [ThreadPool]: Acquiring new snowflake connection 'list_TAXIOPS_DB'
[0m06:07:10.370666 [debug] [ThreadPool]: Acquiring new snowflake connection 'list_TAXIOPS_DB'
[0m06:07:10.379349 [debug] [ThreadPool]: Acquiring new snowflake connection 'list_TAXIOPS_DB'
[0m06:07:10.406935 [debug] [ThreadPool]: Using snowflake connection "list_TAXIOPS_DB"
[0m06:07:10.408486 [debug] [ThreadPool]: Using snowflake connection "list_TAXIOPS_DB"
[0m06:07:10.413789 [debug] [ThreadPool]: Using snowflake connection "list_TAXIOPS_DB"
[0m06:07:10.414947 [debug] [ThreadPool]: On list_TAXIOPS_DB: /* {"app": "dbt", "dbt_version": "1.7.19", "profile_name": "dbt_taxiops", "target_name": "dev", "connection_name": "list_TAXIOPS_DB"} */
show terse schemas in database TAXIOPS_DB
    limit 10000
[0m06:07:10.416020 [debug] [ThreadPool]: On list_TAXIOPS_DB: /* {"app": "dbt", "dbt_version": "1.7.19", "profile_name": "dbt_taxiops", "target_name": "dev", "connection_name": "list_TAXIOPS_DB"} */
show terse schemas in database TAXIOPS_DB
    limit 10000
[0m06:07:10.417319 [debug] [ThreadPool]: On list_TAXIOPS_DB: /* {"app": "dbt", "dbt_version": "1.7.19", "profile_name": "dbt_taxiops", "target_name": "dev", "connection_name": "list_TAXIOPS_DB"} */
show terse schemas in database TAXIOPS_DB
    limit 10000
[0m06:07:10.418457 [debug] [ThreadPool]: Opening a new connection, currently in state init
[0m06:07:10.419824 [debug] [ThreadPool]: Opening a new connection, currently in state init
[0m06:07:10.420933 [debug] [ThreadPool]: Opening a new connection, currently in state init
[0m06:07:15.778323 [debug] [ThreadPool]: SQL status: SUCCESS 3 in 5.0 seconds
[0m06:07:15.780970 [debug] [ThreadPool]: On list_TAXIOPS_DB: Close
[0m06:07:15.818938 [debug] [ThreadPool]: SQL status: SUCCESS 3 in 5.0 seconds
[0m06:07:15.819932 [debug] [ThreadPool]: SQL status: SUCCESS 3 in 5.0 seconds
[0m06:07:15.822070 [debug] [ThreadPool]: On list_TAXIOPS_DB: Close
[0m06:07:15.824076 [debug] [ThreadPool]: On list_TAXIOPS_DB: Close
[0m06:07:15.914595 [debug] [ThreadPool]: Re-using an available connection from the pool (formerly list_TAXIOPS_DB, now create_TAXIOPS_DB_PUBLIC_STAGING)
[0m06:07:15.915660 [debug] [ThreadPool]: Re-using an available connection from the pool (formerly list_TAXIOPS_DB, now create_TAXIOPS_DB_PUBLIC_GOLD)
[0m06:07:15.918298 [debug] [ThreadPool]: Creating schema "database: "TAXIOPS_DB"
schema: "PUBLIC_STAGING"
"
[0m06:07:15.920074 [debug] [ThreadPool]: Creating schema "database: "TAXIOPS_DB"
schema: "PUBLIC_GOLD"
"
[0m06:07:15.926208 [debug] [ThreadPool]: Using snowflake connection "create_TAXIOPS_DB_PUBLIC_STAGING"
[0m06:07:15.928953 [debug] [ThreadPool]: Using snowflake connection "create_TAXIOPS_DB_PUBLIC_GOLD"
[0m06:07:15.929698 [debug] [ThreadPool]: On create_TAXIOPS_DB_PUBLIC_STAGING: /* {"app": "dbt", "dbt_version": "1.7.19", "profile_name": "dbt_taxiops", "target_name": "dev", "connection_name": "create_TAXIOPS_DB_PUBLIC_STAGING"} */
create schema if not exists TAXIOPS_DB.PUBLIC_STAGING
[0m06:07:15.930271 [debug] [ThreadPool]: On create_TAXIOPS_DB_PUBLIC_GOLD: /* {"app": "dbt", "dbt_version": "1.7.19", "profile_name": "dbt_taxiops", "target_name": "dev", "connection_name": "create_TAXIOPS_DB_PUBLIC_GOLD"} */
create schema if not exists TAXIOPS_DB.PUBLIC_GOLD
[0m06:07:15.930790 [debug] [ThreadPool]: Opening a new connection, currently in state closed
[0m06:07:15.931291 [debug] [ThreadPool]: Opening a new connection, currently in state closed
[0m06:07:18.476067 [debug] [ThreadPool]: SQL status: SUCCESS 1 in 3.0 seconds
[0m06:07:18.477449 [debug] [ThreadPool]: On create_TAXIOPS_DB_PUBLIC_GOLD: Close
[0m06:07:19.758158 [debug] [ThreadPool]: SQL status: SUCCESS 1 in 4.0 seconds
[0m06:07:19.759509 [debug] [ThreadPool]: On create_TAXIOPS_DB_PUBLIC_STAGING: Close
[0m06:07:19.820397 [debug] [ThreadPool]: Re-using an available connection from the pool (formerly create_TAXIOPS_DB_PUBLIC_STAGING, now list_TAXIOPS_DB_PUBLIC_STAGING)
[0m06:07:19.822384 [debug] [ThreadPool]: Re-using an available connection from the pool (formerly create_TAXIOPS_DB_PUBLIC_GOLD, now list_TAXIOPS_DB_PUBLIC)
[0m06:07:19.824579 [debug] [ThreadPool]: Re-using an available connection from the pool (formerly list_TAXIOPS_DB, now list_TAXIOPS_DB_PUBLIC_GOLD)
[0m06:07:19.835949 [debug] [ThreadPool]: Using snowflake connection "list_TAXIOPS_DB_PUBLIC_STAGING"
[0m06:07:19.979970 [debug] [ThreadPool]: Using snowflake connection "list_TAXIOPS_DB_PUBLIC"
[0m06:07:19.983185 [debug] [ThreadPool]: Using snowflake connection "list_TAXIOPS_DB_PUBLIC_GOLD"
[0m06:07:19.984016 [debug] [ThreadPool]: On list_TAXIOPS_DB_PUBLIC_STAGING: /* {"app": "dbt", "dbt_version": "1.7.19", "profile_name": "dbt_taxiops", "target_name": "dev", "connection_name": "list_TAXIOPS_DB_PUBLIC_STAGING"} */
show objects in TAXIOPS_DB.PUBLIC_STAGING limit 10000
[0m06:07:19.984904 [debug] [ThreadPool]: On list_TAXIOPS_DB_PUBLIC: /* {"app": "dbt", "dbt_version": "1.7.19", "profile_name": "dbt_taxiops", "target_name": "dev", "connection_name": "list_TAXIOPS_DB_PUBLIC"} */
show objects in TAXIOPS_DB.PUBLIC limit 10000
[0m06:07:19.985674 [debug] [ThreadPool]: On list_TAXIOPS_DB_PUBLIC_GOLD: /* {"app": "dbt", "dbt_version": "1.7.19", "profile_name": "dbt_taxiops", "target_name": "dev", "connection_name": "list_TAXIOPS_DB_PUBLIC_GOLD"} */
show objects in TAXIOPS_DB.PUBLIC_GOLD limit 10000
[0m06:07:19.986484 [debug] [ThreadPool]: Opening a new connection, currently in state closed
[0m06:07:19.987363 [debug] [ThreadPool]: Opening a new connection, currently in state closed
[0m06:07:19.987882 [debug] [ThreadPool]: Opening a new connection, currently in state closed
[0m06:07:21.239257 [debug] [ThreadPool]: SQL status: SUCCESS 0 in 1.0 seconds
[0m06:07:21.240995 [debug] [ThreadPool]: On list_TAXIOPS_DB_PUBLIC_STAGING: Close
[0m06:07:21.245290 [debug] [ThreadPool]: SQL status: SUCCESS 0 in 1.0 seconds
[0m06:07:21.247683 [debug] [ThreadPool]: On list_TAXIOPS_DB_PUBLIC: Close
[0m06:07:21.616799 [debug] [ThreadPool]: SQL status: SUCCESS 0 in 2.0 seconds
[0m06:07:21.618438 [debug] [ThreadPool]: On list_TAXIOPS_DB_PUBLIC_GOLD: Close
[0m06:07:21.711642 [debug] [MainThread]: Sending event: {'category': 'dbt', 'action': 'runnable_timing', 'label': '29240287-77f2-4a06-86e6-e5438963d0e2', 'context': [<snowplow_tracker.self_describing_json.SelfDescribingJson object at 0x759e5539d190>]}
[0m06:07:21.712933 [info ] [MainThread]: Concurrency: 4 threads (target='dev')
[0m06:07:21.713595 [info ] [MainThread]: 
[0m06:07:21.721384 [debug] [Thread-1 (]: Began running node model.dbt_taxiops.stg_taxi_trips_silver
[0m06:07:21.722474 [info ] [Thread-1 (]: 1 of 8 START sql view model PUBLIC_STAGING.stg_taxi_trips_silver ............... [RUN]
[0m06:07:21.723645 [debug] [Thread-1 (]: Re-using an available connection from the pool (formerly list_TAXIOPS_DB_PUBLIC_GOLD, now model.dbt_taxiops.stg_taxi_trips_silver)
[0m06:07:21.724412 [debug] [Thread-1 (]: Began compiling node model.dbt_taxiops.stg_taxi_trips_silver
[0m06:07:21.732880 [debug] [Thread-1 (]: Writing injected SQL for node "model.dbt_taxiops.stg_taxi_trips_silver"
[0m06:07:21.735311 [debug] [Thread-1 (]: Timing info for model.dbt_taxiops.stg_taxi_trips_silver (compile): 06:07:21.724974 => 06:07:21.734813
[0m06:07:21.736041 [debug] [Thread-1 (]: Began executing node model.dbt_taxiops.stg_taxi_trips_silver
[0m06:07:21.773289 [debug] [Thread-1 (]: Writing runtime sql for node "model.dbt_taxiops.stg_taxi_trips_silver"
[0m06:07:21.776259 [debug] [Thread-1 (]: Using snowflake connection "model.dbt_taxiops.stg_taxi_trips_silver"
[0m06:07:21.776862 [debug] [Thread-1 (]: On model.dbt_taxiops.stg_taxi_trips_silver: /* {"app": "dbt", "dbt_version": "1.7.19", "profile_name": "dbt_taxiops", "target_name": "dev", "node_id": "model.dbt_taxiops.stg_taxi_trips_silver"} */
create or replace   view TAXIOPS_DB.PUBLIC_STAGING.stg_taxi_trips_silver
  
   as (
    

with typed_trips as (

    select
        event_id,
        schema_version,

        vendor_id,
        payment_type,
        ratecode_id,
        store_and_fwd_flag,

        pickup_datetime,
        dropoff_datetime,

        try_to_timestamp_ntz(pickup_ts) as pickup_ts,
        try_to_timestamp_ntz(dropoff_ts) as dropoff_ts,
        try_to_timestamp_ntz(event_ts) as event_ts,

        passenger_count,
        trip_distance,
        fare_amount,
        tip_amount,
        total_amount,
        extra,
        mta_tax,
        tolls_amount,
        improvement_surcharge,
        congestion_surcharge,
        airport_fee,

        pickup_location_id,
        dropoff_location_id

    from TAXIOPS_DB.RAW.taxi_trips_silver

)

select
    event_id,
    schema_version,

    vendor_id,
    payment_type,
    ratecode_id,
    store_and_fwd_flag,

    pickup_datetime,
    dropoff_datetime,
    pickup_ts,
    dropoff_ts,
    event_ts,

    passenger_count,
    trip_distance,
    fare_amount,
    tip_amount,
    total_amount,
    extra,
    mta_tax,
    tolls_amount,
    improvement_surcharge,
    congestion_surcharge,
    airport_fee,

    pickup_location_id,
    dropoff_location_id,

    cast(pickup_ts as date) as pickup_date,
    date_part('hour', pickup_ts) as pickup_hour,

    round(datediff('second', pickup_ts, dropoff_ts) / 60.0, 2) as trip_duration_min,

    case
        when fare_amount > 0 then round(tip_amount / fare_amount, 4)
        else 0.0
    end as tip_rate,

    case
        when trip_distance > 0 then round(fare_amount / trip_distance, 2)
        else 0.0
    end as fare_per_mile,

    case
        when pickup_location_id in (132, 138) or dropoff_location_id in (132, 138) then true
        else false
    end as is_airport_trip,

    case
        when date_part('hour', pickup_ts) between 6 and 10 then 'morning'
        when date_part('hour', pickup_ts) between 11 and 15 then 'midday'
        when date_part('hour', pickup_ts) between 16 and 20 then 'evening'
        else 'overnight'
    end as trip_time_bucket

from typed_trips
where pickup_ts is not null
  and dropoff_ts is not null
  and event_ts is not null
  and total_amount >= 0
  and fare_amount >= 0
  and trip_distance > 0
  and dropoff_ts > pickup_ts
  and cast(pickup_ts as date) between '2025-01-01' and '2030-12-31'
  );
[0m06:07:21.777340 [debug] [Thread-1 (]: Opening a new connection, currently in state closed
[0m06:07:25.915304 [debug] [Thread-1 (]: SQL status: SUCCESS 1 in 4.0 seconds
[0m06:07:25.935410 [debug] [Thread-1 (]: Timing info for model.dbt_taxiops.stg_taxi_trips_silver (execute): 06:07:21.736466 => 06:07:25.935192
[0m06:07:25.935934 [debug] [Thread-1 (]: On model.dbt_taxiops.stg_taxi_trips_silver: Close
[0m06:07:26.007984 [debug] [Thread-1 (]: Sending event: {'category': 'dbt', 'action': 'run_model', 'label': '29240287-77f2-4a06-86e6-e5438963d0e2', 'context': [<snowplow_tracker.self_describing_json.SelfDescribingJson object at 0x759e87a06300>]}
[0m06:07:26.008965 [info ] [Thread-1 (]: 1 of 8 OK created sql view model PUBLIC_STAGING.stg_taxi_trips_silver .......... [[32mSUCCESS 1[0m in 4.28s]
[0m06:07:26.009725 [debug] [Thread-1 (]: Finished running node model.dbt_taxiops.stg_taxi_trips_silver
[0m06:07:26.012039 [debug] [Thread-3 (]: Began running node model.dbt_taxiops.airport_kpis
[0m06:07:26.013506 [debug] [Thread-4 (]: Began running node model.dbt_taxiops.dim_date
[0m06:07:26.014746 [debug] [Thread-2 (]: Began running node model.dbt_taxiops.dim_payment_type
[0m06:07:26.015801 [info ] [Thread-3 (]: 2 of 8 START sql table model PUBLIC_GOLD.airport_kpis .......................... [RUN]
[0m06:07:26.017122 [debug] [Thread-1 (]: Began running node model.dbt_taxiops.dim_vendor
[0m06:07:26.018527 [info ] [Thread-4 (]: 3 of 8 START sql table model PUBLIC.dim_date ................................... [RUN]
[0m06:07:26.019921 [info ] [Thread-2 (]: 4 of 8 START sql table model PUBLIC.dim_payment_type ........................... [RUN]
[0m06:07:26.021333 [debug] [Thread-3 (]: Re-using an available connection from the pool (formerly list_TAXIOPS_DB_PUBLIC_STAGING, now model.dbt_taxiops.airport_kpis)
[0m06:07:26.022218 [info ] [Thread-1 (]: 5 of 8 START sql table model PUBLIC.dim_vendor ................................. [RUN]
[0m06:07:26.024137 [debug] [Thread-4 (]: Acquiring new snowflake connection 'model.dbt_taxiops.dim_date'
[0m06:07:26.025812 [debug] [Thread-2 (]: Re-using an available connection from the pool (formerly list_TAXIOPS_DB_PUBLIC, now model.dbt_taxiops.dim_payment_type)
[0m06:07:26.026976 [debug] [Thread-3 (]: Began compiling node model.dbt_taxiops.airport_kpis
[0m06:07:26.028650 [debug] [Thread-1 (]: Re-using an available connection from the pool (formerly model.dbt_taxiops.stg_taxi_trips_silver, now model.dbt_taxiops.dim_vendor)
[0m06:07:26.030058 [debug] [Thread-4 (]: Began compiling node model.dbt_taxiops.dim_date
[0m06:07:26.031149 [debug] [Thread-2 (]: Began compiling node model.dbt_taxiops.dim_payment_type
[0m06:07:26.034988 [debug] [Thread-3 (]: Writing injected SQL for node "model.dbt_taxiops.airport_kpis"
[0m06:07:26.036027 [debug] [Thread-1 (]: Began compiling node model.dbt_taxiops.dim_vendor
[0m06:07:26.039763 [debug] [Thread-4 (]: Writing injected SQL for node "model.dbt_taxiops.dim_date"
[0m06:07:26.044135 [debug] [Thread-2 (]: Writing injected SQL for node "model.dbt_taxiops.dim_payment_type"
[0m06:07:26.049083 [debug] [Thread-1 (]: Writing injected SQL for node "model.dbt_taxiops.dim_vendor"
[0m06:07:26.051344 [debug] [Thread-3 (]: Timing info for model.dbt_taxiops.airport_kpis (compile): 06:07:26.031708 => 06:07:26.050742
[0m06:07:26.053855 [debug] [Thread-4 (]: Timing info for model.dbt_taxiops.dim_date (compile): 06:07:26.036646 => 06:07:26.053456
[0m06:07:26.055218 [debug] [Thread-3 (]: Began executing node model.dbt_taxiops.airport_kpis
[0m06:07:26.056723 [debug] [Thread-1 (]: Timing info for model.dbt_taxiops.dim_vendor (compile): 06:07:26.045126 => 06:07:26.056216
[0m06:07:26.057516 [debug] [Thread-2 (]: Timing info for model.dbt_taxiops.dim_payment_type (compile): 06:07:26.040389 => 06:07:26.057154
[0m06:07:26.058049 [debug] [Thread-4 (]: Began executing node model.dbt_taxiops.dim_date
[0m06:07:26.075522 [debug] [Thread-1 (]: Began executing node model.dbt_taxiops.dim_vendor
[0m06:07:26.084361 [debug] [Thread-3 (]: Writing runtime sql for node "model.dbt_taxiops.airport_kpis"
[0m06:07:26.085762 [debug] [Thread-2 (]: Began executing node model.dbt_taxiops.dim_payment_type
[0m06:07:26.091671 [debug] [Thread-4 (]: Writing runtime sql for node "model.dbt_taxiops.dim_date"
[0m06:07:26.095735 [debug] [Thread-1 (]: Writing runtime sql for node "model.dbt_taxiops.dim_vendor"
[0m06:07:26.099797 [debug] [Thread-2 (]: Writing runtime sql for node "model.dbt_taxiops.dim_payment_type"
[0m06:07:26.102548 [debug] [Thread-3 (]: Using snowflake connection "model.dbt_taxiops.airport_kpis"
[0m06:07:26.104593 [debug] [Thread-1 (]: Using snowflake connection "model.dbt_taxiops.dim_vendor"
[0m06:07:26.106863 [debug] [Thread-4 (]: Using snowflake connection "model.dbt_taxiops.dim_date"
[0m06:07:26.107690 [debug] [Thread-3 (]: On model.dbt_taxiops.airport_kpis: /* {"app": "dbt", "dbt_version": "1.7.19", "profile_name": "dbt_taxiops", "target_name": "dev", "node_id": "model.dbt_taxiops.airport_kpis"} */
create or replace transient table TAXIOPS_DB.PUBLIC_GOLD.airport_kpis
         as
        (

select
    pickup_date,
    is_airport_trip,

    count(*) as total_trips,
    round(sum(total_amount), 2) as total_revenue,
    round(avg(fare_amount), 2) as avg_fare_amount,
    round(avg(trip_distance), 2) as avg_trip_distance,
    round(avg(trip_duration_min), 2) as avg_trip_duration_min

from TAXIOPS_DB.PUBLIC_STAGING.stg_taxi_trips_silver
group by pickup_date, is_airport_trip
order by pickup_date, is_airport_trip
        );
[0m06:07:26.108432 [debug] [Thread-1 (]: On model.dbt_taxiops.dim_vendor: /* {"app": "dbt", "dbt_version": "1.7.19", "profile_name": "dbt_taxiops", "target_name": "dev", "node_id": "model.dbt_taxiops.dim_vendor"} */
create or replace transient table TAXIOPS_DB.PUBLIC.dim_vendor
         as
        (

select distinct
    vendor_id,
    case
        when vendor_id = '1' then 'Creative Mobile Technologies'
        when vendor_id = '2' then 'VeriFone'
        else 'Unknown Vendor'
    end as vendor_name
from TAXIOPS_DB.PUBLIC_STAGING.stg_taxi_trips_silver
where vendor_id is not null
        );
[0m06:07:26.109852 [debug] [Thread-2 (]: Using snowflake connection "model.dbt_taxiops.dim_payment_type"
[0m06:07:26.110709 [debug] [Thread-4 (]: On model.dbt_taxiops.dim_date: /* {"app": "dbt", "dbt_version": "1.7.19", "profile_name": "dbt_taxiops", "target_name": "dev", "node_id": "model.dbt_taxiops.dim_date"} */
create or replace transient table TAXIOPS_DB.PUBLIC.dim_date
         as
        (

select distinct
    pickup_date as date_key,
    extract(year from pickup_date) as year,
    extract(quarter from pickup_date) as quarter,
    extract(month from pickup_date) as month_num,
    to_char(pickup_date, 'Mon') as month_name,
    extract(day from pickup_date) as day_of_month,
    extract(dayofweek from pickup_date) as day_of_week_num,
    trim(to_char(pickup_date, 'Day')) as day_name,
    case
        when extract(dayofweek from pickup_date) in (1, 7) then true
        else false
    end as is_weekend
from TAXIOPS_DB.PUBLIC_STAGING.stg_taxi_trips_silver
where pickup_date is not null
        );
[0m06:07:26.111592 [debug] [Thread-3 (]: Opening a new connection, currently in state closed
[0m06:07:26.113049 [debug] [Thread-1 (]: Opening a new connection, currently in state closed
[0m06:07:26.113733 [debug] [Thread-2 (]: On model.dbt_taxiops.dim_payment_type: /* {"app": "dbt", "dbt_version": "1.7.19", "profile_name": "dbt_taxiops", "target_name": "dev", "node_id": "model.dbt_taxiops.dim_payment_type"} */
create or replace transient table TAXIOPS_DB.PUBLIC.dim_payment_type
         as
        (

select distinct
    payment_type,
    case
        when payment_type = '1' then 'Credit Card'
        when payment_type = '2' then 'Cash'
        when payment_type = '3' then 'No Charge'
        when payment_type = '4' then 'Dispute'
        when payment_type = '5' then 'Unknown'
        when payment_type = '6' then 'Voided Trip'
        else 'Other'
    end as payment_type_desc
from TAXIOPS_DB.PUBLIC_STAGING.stg_taxi_trips_silver
where payment_type is not null
        );
[0m06:07:26.114966 [debug] [Thread-4 (]: Opening a new connection, currently in state init
[0m06:07:26.130440 [debug] [Thread-2 (]: Opening a new connection, currently in state closed
[0m06:07:28.905476 [debug] [Thread-1 (]: SQL status: SUCCESS 1 in 3.0 seconds
[0m06:07:28.908722 [debug] [Thread-1 (]: Timing info for model.dbt_taxiops.dim_vendor (execute): 06:07:26.092568 => 06:07:28.908442
[0m06:07:28.909393 [debug] [Thread-1 (]: On model.dbt_taxiops.dim_vendor: Close
[0m06:07:28.991422 [debug] [Thread-1 (]: Sending event: {'category': 'dbt', 'action': 'run_model', 'label': '29240287-77f2-4a06-86e6-e5438963d0e2', 'context': [<snowplow_tracker.self_describing_json.SelfDescribingJson object at 0x759e54fea3f0>]}
[0m06:07:28.992531 [info ] [Thread-1 (]: 5 of 8 OK created sql table model PUBLIC.dim_vendor ............................ [[32mSUCCESS 1[0m in 2.96s]
[0m06:07:28.993821 [debug] [Thread-1 (]: Finished running node model.dbt_taxiops.dim_vendor
[0m06:07:28.994523 [debug] [Thread-1 (]: Began running node model.dbt_taxiops.hourly_kpis
[0m06:07:28.996070 [info ] [Thread-1 (]: 6 of 8 START sql table model PUBLIC_GOLD.hourly_kpis ........................... [RUN]
[0m06:07:28.997503 [debug] [Thread-1 (]: Re-using an available connection from the pool (formerly model.dbt_taxiops.dim_vendor, now model.dbt_taxiops.hourly_kpis)
[0m06:07:28.998178 [debug] [Thread-1 (]: Began compiling node model.dbt_taxiops.hourly_kpis
[0m06:07:29.004206 [debug] [Thread-1 (]: Writing injected SQL for node "model.dbt_taxiops.hourly_kpis"
[0m06:07:29.006820 [debug] [Thread-1 (]: Timing info for model.dbt_taxiops.hourly_kpis (compile): 06:07:28.998703 => 06:07:29.006368
[0m06:07:29.007598 [debug] [Thread-1 (]: Began executing node model.dbt_taxiops.hourly_kpis
[0m06:07:29.011697 [debug] [Thread-1 (]: Writing runtime sql for node "model.dbt_taxiops.hourly_kpis"
[0m06:07:29.013617 [debug] [Thread-1 (]: Using snowflake connection "model.dbt_taxiops.hourly_kpis"
[0m06:07:29.014350 [debug] [Thread-1 (]: On model.dbt_taxiops.hourly_kpis: /* {"app": "dbt", "dbt_version": "1.7.19", "profile_name": "dbt_taxiops", "target_name": "dev", "node_id": "model.dbt_taxiops.hourly_kpis"} */
create or replace transient table TAXIOPS_DB.PUBLIC_GOLD.hourly_kpis
         as
        (

select
    pickup_date,
    pickup_hour,
    count(*) as total_trips,
    round(sum(total_amount), 2) as total_revenue,
    round(avg(fare_amount), 2) as avg_fare_amount,
    round(avg(tip_amount), 2) as avg_tip_amount,
    round(avg(trip_distance), 2) as avg_trip_distance,
    round(avg(trip_duration_min), 2) as avg_trip_duration_min,
    round(avg(fare_per_mile), 2) as avg_fare_per_mile,
    round(avg(tip_rate), 4) as avg_tip_rate
from TAXIOPS_DB.PUBLIC_STAGING.stg_taxi_trips_silver
group by pickup_date, pickup_hour
order by pickup_date, pickup_hour
        );
[0m06:07:29.015043 [debug] [Thread-1 (]: Opening a new connection, currently in state closed
[0m06:07:29.542222 [debug] [Thread-3 (]: SQL status: SUCCESS 1 in 3.0 seconds
[0m06:07:29.545153 [debug] [Thread-3 (]: Timing info for model.dbt_taxiops.airport_kpis (execute): 06:07:26.058677 => 06:07:29.544926
[0m06:07:29.545657 [debug] [Thread-3 (]: On model.dbt_taxiops.airport_kpis: Close
[0m06:07:29.623494 [debug] [Thread-3 (]: Sending event: {'category': 'dbt', 'action': 'run_model', 'label': '29240287-77f2-4a06-86e6-e5438963d0e2', 'context': [<snowplow_tracker.self_describing_json.SelfDescribingJson object at 0x759e55069c10>]}
[0m06:07:29.624332 [info ] [Thread-3 (]: 2 of 8 OK created sql table model PUBLIC_GOLD.airport_kpis ..................... [[32mSUCCESS 1[0m in 3.60s]
[0m06:07:29.625215 [debug] [Thread-3 (]: Finished running node model.dbt_taxiops.airport_kpis
[0m06:07:29.625788 [debug] [Thread-3 (]: Began running node model.dbt_taxiops.vendor_kpis
[0m06:07:29.626639 [info ] [Thread-3 (]: 7 of 8 START sql table model PUBLIC_GOLD.vendor_kpis ........................... [RUN]
[0m06:07:29.627625 [debug] [Thread-3 (]: Re-using an available connection from the pool (formerly model.dbt_taxiops.airport_kpis, now model.dbt_taxiops.vendor_kpis)
[0m06:07:29.628300 [debug] [Thread-3 (]: Began compiling node model.dbt_taxiops.vendor_kpis
[0m06:07:29.633259 [debug] [Thread-3 (]: Writing injected SQL for node "model.dbt_taxiops.vendor_kpis"
[0m06:07:29.637792 [debug] [Thread-3 (]: Timing info for model.dbt_taxiops.vendor_kpis (compile): 06:07:29.628807 => 06:07:29.637347
[0m06:07:29.638325 [debug] [Thread-3 (]: Began executing node model.dbt_taxiops.vendor_kpis
[0m06:07:29.641197 [debug] [Thread-3 (]: Writing runtime sql for node "model.dbt_taxiops.vendor_kpis"
[0m06:07:29.644430 [debug] [Thread-3 (]: Using snowflake connection "model.dbt_taxiops.vendor_kpis"
[0m06:07:29.645071 [debug] [Thread-3 (]: On model.dbt_taxiops.vendor_kpis: /* {"app": "dbt", "dbt_version": "1.7.19", "profile_name": "dbt_taxiops", "target_name": "dev", "node_id": "model.dbt_taxiops.vendor_kpis"} */
create or replace transient table TAXIOPS_DB.PUBLIC_GOLD.vendor_kpis
         as
        (

select
    s.pickup_date,
    s.vendor_id,
    d.vendor_name,
    count(*) as total_trips,
    round(sum(s.total_amount), 2) as total_revenue,
    round(avg(s.trip_distance), 2) as avg_trip_distance,
    round(avg(s.fare_amount), 2) as avg_fare_amount,
    round(avg(s.fare_per_mile), 2) as avg_fare_per_mile,
    round(avg(s.trip_duration_min), 2) as avg_trip_duration_min,
    round(max(s.total_amount), 2) as max_trip_total
from TAXIOPS_DB.PUBLIC_STAGING.stg_taxi_trips_silver s
left join TAXIOPS_DB.PUBLIC.dim_vendor d
    on s.vendor_id = d.vendor_id
group by s.pickup_date, s.vendor_id, d.vendor_name
order by s.pickup_date, s.vendor_id
        );
[0m06:07:29.645599 [debug] [Thread-3 (]: Opening a new connection, currently in state closed
[0m06:07:30.359286 [debug] [Thread-2 (]: SQL status: SUCCESS 1 in 4.0 seconds
[0m06:07:30.362427 [debug] [Thread-2 (]: Timing info for model.dbt_taxiops.dim_payment_type (execute): 06:07:26.096803 => 06:07:30.362209
[0m06:07:30.362939 [debug] [Thread-2 (]: On model.dbt_taxiops.dim_payment_type: Close
[0m06:07:30.416377 [debug] [Thread-4 (]: SQL status: SUCCESS 1 in 4.0 seconds
[0m06:07:30.419513 [debug] [Thread-4 (]: Timing info for model.dbt_taxiops.dim_date (execute): 06:07:26.086533 => 06:07:30.419279
[0m06:07:30.420029 [debug] [Thread-4 (]: On model.dbt_taxiops.dim_date: Close
[0m06:07:30.429999 [debug] [Thread-2 (]: Sending event: {'category': 'dbt', 'action': 'run_model', 'label': '29240287-77f2-4a06-86e6-e5438963d0e2', 'context': [<snowplow_tracker.self_describing_json.SelfDescribingJson object at 0x759e5506a780>]}
[0m06:07:30.431239 [info ] [Thread-2 (]: 4 of 8 OK created sql table model PUBLIC.dim_payment_type ...................... [[32mSUCCESS 1[0m in 4.40s]
[0m06:07:30.432305 [debug] [Thread-2 (]: Finished running node model.dbt_taxiops.dim_payment_type
[0m06:07:30.433501 [debug] [Thread-2 (]: Began running node model.dbt_taxiops.payment_kpis
[0m06:07:30.434157 [info ] [Thread-2 (]: 8 of 8 START sql table model PUBLIC_GOLD.payment_kpis .......................... [RUN]
[0m06:07:30.435077 [debug] [Thread-2 (]: Re-using an available connection from the pool (formerly model.dbt_taxiops.dim_payment_type, now model.dbt_taxiops.payment_kpis)
[0m06:07:30.435609 [debug] [Thread-2 (]: Began compiling node model.dbt_taxiops.payment_kpis
[0m06:07:30.440014 [debug] [Thread-2 (]: Writing injected SQL for node "model.dbt_taxiops.payment_kpis"
[0m06:07:30.442314 [debug] [Thread-2 (]: Timing info for model.dbt_taxiops.payment_kpis (compile): 06:07:30.435886 => 06:07:30.441799
[0m06:07:30.442972 [debug] [Thread-2 (]: Began executing node model.dbt_taxiops.payment_kpis
[0m06:07:30.446159 [debug] [Thread-2 (]: Writing runtime sql for node "model.dbt_taxiops.payment_kpis"
[0m06:07:30.448432 [debug] [Thread-2 (]: Using snowflake connection "model.dbt_taxiops.payment_kpis"
[0m06:07:30.449838 [debug] [Thread-2 (]: On model.dbt_taxiops.payment_kpis: /* {"app": "dbt", "dbt_version": "1.7.19", "profile_name": "dbt_taxiops", "target_name": "dev", "node_id": "model.dbt_taxiops.payment_kpis"} */
create or replace transient table TAXIOPS_DB.PUBLIC_GOLD.payment_kpis
         as
        (

select
    s.pickup_date,
    s.payment_type,
    d.payment_type_desc,
    count(*) as total_trips,
    round(sum(s.total_amount), 2) as total_revenue,
    round(avg(s.fare_amount), 2) as avg_fare_amount,
    round(avg(s.tip_amount), 2) as avg_tip_amount,
    round(avg(s.tip_rate), 4) as avg_tip_rate,
    round(avg(s.trip_distance), 2) as avg_trip_distance
from TAXIOPS_DB.PUBLIC_STAGING.stg_taxi_trips_silver s
left join TAXIOPS_DB.PUBLIC.dim_payment_type d
    on s.payment_type = d.payment_type
group by s.pickup_date, s.payment_type, d.payment_type_desc
order by s.pickup_date, s.payment_type
        );
[0m06:07:30.451402 [debug] [Thread-2 (]: Opening a new connection, currently in state closed
[0m06:07:30.492421 [debug] [Thread-4 (]: Sending event: {'category': 'dbt', 'action': 'run_model', 'label': '29240287-77f2-4a06-86e6-e5438963d0e2', 'context': [<snowplow_tracker.self_describing_json.SelfDescribingJson object at 0x759e5506a8a0>]}
[0m06:07:30.493516 [info ] [Thread-4 (]: 3 of 8 OK created sql table model PUBLIC.dim_date .............................. [[32mSUCCESS 1[0m in 4.47s]
[0m06:07:30.494402 [debug] [Thread-4 (]: Finished running node model.dbt_taxiops.dim_date
[0m06:07:32.966735 [debug] [Thread-1 (]: SQL status: SUCCESS 1 in 4.0 seconds
[0m06:07:32.970193 [debug] [Thread-1 (]: Timing info for model.dbt_taxiops.hourly_kpis (execute): 06:07:29.008097 => 06:07:32.969941
[0m06:07:32.970789 [debug] [Thread-1 (]: On model.dbt_taxiops.hourly_kpis: Close
[0m06:07:33.045819 [debug] [Thread-1 (]: Sending event: {'category': 'dbt', 'action': 'run_model', 'label': '29240287-77f2-4a06-86e6-e5438963d0e2', 'context': [<snowplow_tracker.self_describing_json.SelfDescribingJson object at 0x759e2c40f890>]}
[0m06:07:33.046694 [info ] [Thread-1 (]: 6 of 8 OK created sql table model PUBLIC_GOLD.hourly_kpis ...................... [[32mSUCCESS 1[0m in 4.05s]
[0m06:07:33.047631 [debug] [Thread-1 (]: Finished running node model.dbt_taxiops.hourly_kpis
[0m06:07:33.990007 [debug] [Thread-3 (]: SQL status: SUCCESS 1 in 4.0 seconds
[0m06:07:33.992984 [debug] [Thread-3 (]: Timing info for model.dbt_taxiops.vendor_kpis (execute): 06:07:29.638627 => 06:07:33.992701
[0m06:07:33.993578 [debug] [Thread-3 (]: On model.dbt_taxiops.vendor_kpis: Close
[0m06:07:34.078235 [debug] [Thread-3 (]: Sending event: {'category': 'dbt', 'action': 'run_model', 'label': '29240287-77f2-4a06-86e6-e5438963d0e2', 'context': [<snowplow_tracker.self_describing_json.SelfDescribingJson object at 0x759e0cca3440>]}
[0m06:07:34.079158 [info ] [Thread-3 (]: 7 of 8 OK created sql table model PUBLIC_GOLD.vendor_kpis ...................... [[32mSUCCESS 1[0m in 4.45s]
[0m06:07:34.079949 [debug] [Thread-3 (]: Finished running node model.dbt_taxiops.vendor_kpis
[0m06:07:34.494228 [debug] [Thread-2 (]: SQL status: SUCCESS 1 in 4.0 seconds
[0m06:07:34.496958 [debug] [Thread-2 (]: Timing info for model.dbt_taxiops.payment_kpis (execute): 06:07:30.443351 => 06:07:34.496692
[0m06:07:34.497455 [debug] [Thread-2 (]: On model.dbt_taxiops.payment_kpis: Close
[0m06:07:34.563510 [debug] [Thread-2 (]: Sending event: {'category': 'dbt', 'action': 'run_model', 'label': '29240287-77f2-4a06-86e6-e5438963d0e2', 'context': [<snowplow_tracker.self_describing_json.SelfDescribingJson object at 0x759e0cc90fb0>]}
[0m06:07:34.564527 [info ] [Thread-2 (]: 8 of 8 OK created sql table model PUBLIC_GOLD.payment_kpis ..................... [[32mSUCCESS 1[0m in 4.13s]
[0m06:07:34.565514 [debug] [Thread-2 (]: Finished running node model.dbt_taxiops.payment_kpis
[0m06:07:34.568925 [debug] [MainThread]: Connection 'master' was properly closed.
[0m06:07:34.569424 [debug] [MainThread]: Connection 'model.dbt_taxiops.payment_kpis' was properly closed.
[0m06:07:34.569741 [debug] [MainThread]: Connection 'model.dbt_taxiops.vendor_kpis' was properly closed.
[0m06:07:34.570053 [debug] [MainThread]: Connection 'model.dbt_taxiops.hourly_kpis' was properly closed.
[0m06:07:34.570362 [debug] [MainThread]: Connection 'model.dbt_taxiops.dim_date' was properly closed.
[0m06:07:34.570799 [info ] [MainThread]: 
[0m06:07:34.571261 [info ] [MainThread]: Finished running 1 view model, 7 table models in 0 hours 0 minutes and 24.21 seconds (24.21s).
[0m06:07:34.573065 [debug] [MainThread]: Command end result
[0m06:07:34.586471 [info ] [MainThread]: 
[0m06:07:34.587344 [info ] [MainThread]: [32mCompleted successfully[0m
[0m06:07:34.588034 [info ] [MainThread]: 
[0m06:07:34.588485 [info ] [MainThread]: Done. PASS=8 WARN=0 ERROR=0 SKIP=0 TOTAL=8
[0m06:07:34.589935 [debug] [MainThread]: Resource report: {"command_name": "run", "command_success": true, "command_wall_clock_time": 28.063091, "process_user_time": 7.540113, "process_kernel_time": 2.874472, "process_mem_max_rss": "206004", "process_in_blocks": "80320", "process_out_blocks": "2216"}
[0m06:07:34.590591 [debug] [MainThread]: Command `dbt run` succeeded at 06:07:34.590452 after 28.06 seconds
[0m06:07:34.591023 [debug] [MainThread]: Sending event: {'category': 'dbt', 'action': 'invocation', 'label': 'end', 'context': [<snowplow_tracker.self_describing_json.SelfDescribingJson object at 0x759e85325100>, <snowplow_tracker.self_describing_json.SelfDescribingJson object at 0x759e55929670>, <snowplow_tracker.self_describing_json.SelfDescribingJson object at 0x759e5532d550>]}
[0m06:07:34.591437 [debug] [MainThread]: Flushing usage events
[0m06:13:36.636476 [debug] [MainThread]: Sending event: {'category': 'dbt', 'action': 'invocation', 'label': 'start', 'context': [<snowplow_tracker.self_describing_json.SelfDescribingJson object at 0x7b5cb576e870>, <snowplow_tracker.self_describing_json.SelfDescribingJson object at 0x7b5cb576c860>, <snowplow_tracker.self_describing_json.SelfDescribingJson object at 0x7b5cb576c710>]}


============================== 06:13:36.644344 | e51263ee-d647-4b7a-8cf7-7fef7e5430bb ==============================
[0m06:13:36.644344 [info ] [MainThread]: Running with dbt=1.7.19
[0m06:13:36.645309 [debug] [MainThread]: running dbt with arguments {'printer_width': '80', 'indirect_selection': 'eager', 'write_json': 'True', 'log_cache_events': 'False', 'partial_parse': 'True', 'cache_selected_only': 'False', 'profiles_dir': '/home/hiron/.dbt', 'version_check': 'True', 'fail_fast': 'False', 'log_path': '/home/hiron/Tega-Michael-Brian-Project/dbt_taxiops/logs', 'warn_error': 'None', 'debug': 'False', 'use_colors': 'True', 'use_experimental_parser': 'False', 'no_print': 'None', 'quiet': 'False', 'warn_error_options': 'WarnErrorOptions(include=[], exclude=[])', 'introspect': 'True', 'static_parser': 'True', 'invocation_command': 'dbt run --select stg_taxi_trips_silver dim_date dim_payment_type dim_vendor hourly_kpis payment_kpis vendor_kpis airport_kpis', 'target_path': 'None', 'log_format': 'default', 'send_anonymous_usage_stats': 'True'}
[0m06:13:37.918215 [debug] [MainThread]: Sending event: {'category': 'dbt', 'action': 'project_id', 'label': 'e51263ee-d647-4b7a-8cf7-7fef7e5430bb', 'context': [<snowplow_tracker.self_describing_json.SelfDescribingJson object at 0x7b5c8832d580>]}
[0m06:13:37.975265 [debug] [MainThread]: Sending event: {'category': 'dbt', 'action': 'adapter_info', 'label': 'e51263ee-d647-4b7a-8cf7-7fef7e5430bb', 'context': [<snowplow_tracker.self_describing_json.SelfDescribingJson object at 0x7b5c883b3680>]}
[0m06:13:37.977076 [info ] [MainThread]: Registered adapter: snowflake=1.7.5
[0m06:13:37.986330 [debug] [MainThread]: checksum: a8d43cdff37d0f32d7fbe4c5c25bea4bb6c86e162f8ce8fdb1a38cdcf7495431, vars: {}, profile: , target: , version: 1.7.19
[0m06:13:38.110291 [debug] [MainThread]: Partial parsing enabled: 0 files deleted, 0 files added, 0 files changed.
[0m06:13:38.110972 [debug] [MainThread]: Partial parsing enabled, no changes found, skipping parsing
[0m06:13:38.117160 [debug] [MainThread]: Sending event: {'category': 'dbt', 'action': 'load_project', 'label': 'e51263ee-d647-4b7a-8cf7-7fef7e5430bb', 'context': [<snowplow_tracker.self_describing_json.SelfDescribingJson object at 0x7b5c8a599dc0>]}
[0m06:13:38.137209 [debug] [MainThread]: Sending event: {'category': 'dbt', 'action': 'resource_counts', 'label': 'e51263ee-d647-4b7a-8cf7-7fef7e5430bb', 'context': [<snowplow_tracker.self_describing_json.SelfDescribingJson object at 0x7b5c85c1abd0>]}
[0m06:13:38.138089 [info ] [MainThread]: Found 15 tests, 9 models, 1 source, 0 exposures, 0 metrics, 431 macros, 0 groups, 0 semantic models
[0m06:13:38.138697 [debug] [MainThread]: Sending event: {'category': 'dbt', 'action': 'runnable_timing', 'label': 'e51263ee-d647-4b7a-8cf7-7fef7e5430bb', 'context': [<snowplow_tracker.self_describing_json.SelfDescribingJson object at 0x7b5c8a5ebd70>]}
[0m06:13:38.141299 [info ] [MainThread]: 
[0m06:13:38.142399 [debug] [MainThread]: Acquiring new snowflake connection 'master'
[0m06:13:38.144868 [debug] [ThreadPool]: Acquiring new snowflake connection 'list_TAXIOPS_DB'
[0m06:13:38.146811 [debug] [ThreadPool]: Acquiring new snowflake connection 'list_TAXIOPS_DB'
[0m06:13:38.166926 [debug] [ThreadPool]: Using snowflake connection "list_TAXIOPS_DB"
[0m06:13:38.167736 [debug] [ThreadPool]: Using snowflake connection "list_TAXIOPS_DB"
[0m06:13:38.168987 [debug] [ThreadPool]: Acquiring new snowflake connection 'list_TAXIOPS_DB'
[0m06:13:38.169608 [debug] [ThreadPool]: On list_TAXIOPS_DB: /* {"app": "dbt", "dbt_version": "1.7.19", "profile_name": "dbt_taxiops", "target_name": "dev", "connection_name": "list_TAXIOPS_DB"} */
show terse schemas in database TAXIOPS_DB
    limit 10000
[0m06:13:38.170655 [debug] [ThreadPool]: On list_TAXIOPS_DB: /* {"app": "dbt", "dbt_version": "1.7.19", "profile_name": "dbt_taxiops", "target_name": "dev", "connection_name": "list_TAXIOPS_DB"} */
show terse schemas in database TAXIOPS_DB
    limit 10000
[0m06:13:38.173386 [debug] [ThreadPool]: Using snowflake connection "list_TAXIOPS_DB"
[0m06:13:38.174585 [debug] [ThreadPool]: Opening a new connection, currently in state init
[0m06:13:38.175485 [debug] [ThreadPool]: Opening a new connection, currently in state init
[0m06:13:38.176277 [debug] [ThreadPool]: On list_TAXIOPS_DB: /* {"app": "dbt", "dbt_version": "1.7.19", "profile_name": "dbt_taxiops", "target_name": "dev", "connection_name": "list_TAXIOPS_DB"} */
show terse schemas in database TAXIOPS_DB
    limit 10000
[0m06:13:38.182640 [debug] [ThreadPool]: Opening a new connection, currently in state init
[0m06:13:43.196628 [debug] [ThreadPool]: SQL status: SUCCESS 3 in 5.0 seconds
[0m06:13:43.199280 [debug] [ThreadPool]: On list_TAXIOPS_DB: Close
[0m06:13:43.209900 [debug] [ThreadPool]: SQL status: SUCCESS 3 in 5.0 seconds
[0m06:13:43.211542 [debug] [ThreadPool]: On list_TAXIOPS_DB: Close
[0m06:13:43.741792 [debug] [ThreadPool]: SQL status: SUCCESS 3 in 6.0 seconds
[0m06:13:43.743450 [debug] [ThreadPool]: On list_TAXIOPS_DB: Close
[0m06:13:43.814250 [debug] [ThreadPool]: Re-using an available connection from the pool (formerly list_TAXIOPS_DB, now create_TAXIOPS_DB_PUBLIC_GOLD)
[0m06:13:43.815680 [debug] [ThreadPool]: Re-using an available connection from the pool (formerly list_TAXIOPS_DB, now create_TAXIOPS_DB_PUBLIC_STAGING)
[0m06:13:43.817409 [debug] [ThreadPool]: Creating schema "database: "TAXIOPS_DB"
schema: "PUBLIC_GOLD"
"
[0m06:13:43.818764 [debug] [ThreadPool]: Creating schema "database: "TAXIOPS_DB"
schema: "PUBLIC_STAGING"
"
[0m06:13:43.825407 [debug] [ThreadPool]: Using snowflake connection "create_TAXIOPS_DB_PUBLIC_GOLD"
[0m06:13:43.828401 [debug] [ThreadPool]: Using snowflake connection "create_TAXIOPS_DB_PUBLIC_STAGING"
[0m06:13:43.829384 [debug] [ThreadPool]: On create_TAXIOPS_DB_PUBLIC_GOLD: /* {"app": "dbt", "dbt_version": "1.7.19", "profile_name": "dbt_taxiops", "target_name": "dev", "connection_name": "create_TAXIOPS_DB_PUBLIC_GOLD"} */
create schema if not exists TAXIOPS_DB.PUBLIC_GOLD
[0m06:13:43.831056 [debug] [ThreadPool]: On create_TAXIOPS_DB_PUBLIC_STAGING: /* {"app": "dbt", "dbt_version": "1.7.19", "profile_name": "dbt_taxiops", "target_name": "dev", "connection_name": "create_TAXIOPS_DB_PUBLIC_STAGING"} */
create schema if not exists TAXIOPS_DB.PUBLIC_STAGING
[0m06:13:43.831768 [debug] [ThreadPool]: Opening a new connection, currently in state closed
[0m06:13:43.832454 [debug] [ThreadPool]: Opening a new connection, currently in state closed
[0m06:13:46.427139 [debug] [ThreadPool]: SQL status: SUCCESS 1 in 3.0 seconds
[0m06:13:46.428532 [debug] [ThreadPool]: On create_TAXIOPS_DB_PUBLIC_GOLD: Close
[0m06:13:47.494810 [debug] [ThreadPool]: SQL status: SUCCESS 1 in 4.0 seconds
[0m06:13:47.496642 [debug] [ThreadPool]: On create_TAXIOPS_DB_PUBLIC_STAGING: Close
[0m06:13:47.574614 [debug] [ThreadPool]: Re-using an available connection from the pool (formerly create_TAXIOPS_DB_PUBLIC_STAGING, now list_TAXIOPS_DB_PUBLIC_GOLD)
[0m06:13:47.576152 [debug] [ThreadPool]: Re-using an available connection from the pool (formerly create_TAXIOPS_DB_PUBLIC_GOLD, now list_TAXIOPS_DB_PUBLIC_STAGING)
[0m06:13:47.578307 [debug] [ThreadPool]: Re-using an available connection from the pool (formerly list_TAXIOPS_DB, now list_TAXIOPS_DB_PUBLIC)
[0m06:13:47.587848 [debug] [ThreadPool]: Using snowflake connection "list_TAXIOPS_DB_PUBLIC_GOLD"
[0m06:13:47.591490 [debug] [ThreadPool]: Using snowflake connection "list_TAXIOPS_DB_PUBLIC_STAGING"
[0m06:13:47.711764 [debug] [ThreadPool]: Using snowflake connection "list_TAXIOPS_DB_PUBLIC"
[0m06:13:47.712728 [debug] [ThreadPool]: On list_TAXIOPS_DB_PUBLIC_GOLD: /* {"app": "dbt", "dbt_version": "1.7.19", "profile_name": "dbt_taxiops", "target_name": "dev", "connection_name": "list_TAXIOPS_DB_PUBLIC_GOLD"} */
show objects in TAXIOPS_DB.PUBLIC_GOLD limit 10000
[0m06:13:47.713623 [debug] [ThreadPool]: On list_TAXIOPS_DB_PUBLIC_STAGING: /* {"app": "dbt", "dbt_version": "1.7.19", "profile_name": "dbt_taxiops", "target_name": "dev", "connection_name": "list_TAXIOPS_DB_PUBLIC_STAGING"} */
show objects in TAXIOPS_DB.PUBLIC_STAGING limit 10000
[0m06:13:47.714429 [debug] [ThreadPool]: On list_TAXIOPS_DB_PUBLIC: /* {"app": "dbt", "dbt_version": "1.7.19", "profile_name": "dbt_taxiops", "target_name": "dev", "connection_name": "list_TAXIOPS_DB_PUBLIC"} */
show objects in TAXIOPS_DB.PUBLIC limit 10000
[0m06:13:47.715224 [debug] [ThreadPool]: Opening a new connection, currently in state closed
[0m06:13:47.716097 [debug] [ThreadPool]: Opening a new connection, currently in state closed
[0m06:13:47.716871 [debug] [ThreadPool]: Opening a new connection, currently in state closed
[0m06:13:50.973629 [debug] [ThreadPool]: SQL status: SUCCESS 0 in 3.0 seconds
[0m06:13:50.975798 [debug] [ThreadPool]: On list_TAXIOPS_DB_PUBLIC: Close
[0m06:13:51.822897 [debug] [ThreadPool]: SQL status: SUCCESS 0 in 4.0 seconds
[0m06:13:51.824878 [debug] [ThreadPool]: On list_TAXIOPS_DB_PUBLIC_GOLD: Close
[0m06:13:51.944028 [debug] [ThreadPool]: SQL status: SUCCESS 0 in 4.0 seconds
[0m06:13:51.946359 [debug] [ThreadPool]: On list_TAXIOPS_DB_PUBLIC_STAGING: Close
[0m06:13:52.014668 [debug] [MainThread]: Sending event: {'category': 'dbt', 'action': 'runnable_timing', 'label': 'e51263ee-d647-4b7a-8cf7-7fef7e5430bb', 'context': [<snowplow_tracker.self_describing_json.SelfDescribingJson object at 0x7b5c743f68d0>]}
[0m06:13:52.015784 [info ] [MainThread]: Concurrency: 4 threads (target='dev')
[0m06:13:52.016309 [info ] [MainThread]: 
[0m06:13:52.021655 [debug] [Thread-1 (]: Began running node model.dbt_taxiops.stg_taxi_trips_silver
[0m06:13:52.022558 [info ] [Thread-1 (]: 1 of 8 START sql view model PUBLIC_STAGING.stg_taxi_trips_silver ............... [RUN]
[0m06:13:52.023555 [debug] [Thread-1 (]: Re-using an available connection from the pool (formerly list_TAXIOPS_DB_PUBLIC_STAGING, now model.dbt_taxiops.stg_taxi_trips_silver)
[0m06:13:52.024311 [debug] [Thread-1 (]: Began compiling node model.dbt_taxiops.stg_taxi_trips_silver
[0m06:13:52.033219 [debug] [Thread-1 (]: Writing injected SQL for node "model.dbt_taxiops.stg_taxi_trips_silver"
[0m06:13:52.034453 [debug] [Thread-1 (]: Timing info for model.dbt_taxiops.stg_taxi_trips_silver (compile): 06:13:52.024783 => 06:13:52.034112
[0m06:13:52.034985 [debug] [Thread-1 (]: Began executing node model.dbt_taxiops.stg_taxi_trips_silver
[0m06:13:52.070354 [debug] [Thread-1 (]: Writing runtime sql for node "model.dbt_taxiops.stg_taxi_trips_silver"
[0m06:13:52.073332 [debug] [Thread-1 (]: Using snowflake connection "model.dbt_taxiops.stg_taxi_trips_silver"
[0m06:13:52.074056 [debug] [Thread-1 (]: On model.dbt_taxiops.stg_taxi_trips_silver: /* {"app": "dbt", "dbt_version": "1.7.19", "profile_name": "dbt_taxiops", "target_name": "dev", "node_id": "model.dbt_taxiops.stg_taxi_trips_silver"} */
create or replace   view TAXIOPS_DB.PUBLIC_STAGING.stg_taxi_trips_silver
  
   as (
    

with typed_trips as (

    select
        event_id,
        schema_version,

        vendor_id,
        payment_type,
        ratecode_id,
        store_and_fwd_flag,

        pickup_datetime,
        dropoff_datetime,

        try_to_timestamp_ntz(pickup_ts) as pickup_ts,
        try_to_timestamp_ntz(dropoff_ts) as dropoff_ts,
        try_to_timestamp_ntz(event_ts) as event_ts,

        passenger_count,
        trip_distance,
        fare_amount,
        tip_amount,
        total_amount,
        extra,
        mta_tax,
        tolls_amount,
        improvement_surcharge,
        congestion_surcharge,
        airport_fee,

        pickup_location_id,
        dropoff_location_id

    from TAXIOPS_DB.RAW.taxi_trips_silver

)

select
    event_id,
    schema_version,

    vendor_id,
    payment_type,
    ratecode_id,
    store_and_fwd_flag,

    pickup_datetime,
    dropoff_datetime,
    pickup_ts,
    dropoff_ts,
    event_ts,

    passenger_count,
    trip_distance,
    fare_amount,
    tip_amount,
    total_amount,
    extra,
    mta_tax,
    tolls_amount,
    improvement_surcharge,
    congestion_surcharge,
    airport_fee,

    pickup_location_id,
    dropoff_location_id,

    cast(pickup_ts as date) as pickup_date,
    date_part('hour', pickup_ts) as pickup_hour,

    round(datediff('second', pickup_ts, dropoff_ts) / 60.0, 2) as trip_duration_min,

    case
        when fare_amount > 0 then round(tip_amount / fare_amount, 4)
        else 0.0
    end as tip_rate,

    case
        when trip_distance > 0 then round(fare_amount / trip_distance, 2)
        else 0.0
    end as fare_per_mile,

    case
        when pickup_location_id in (132, 138) or dropoff_location_id in (132, 138) then true
        else false
    end as is_airport_trip,

    case
        when date_part('hour', pickup_ts) between 6 and 10 then 'morning'
        when date_part('hour', pickup_ts) between 11 and 15 then 'midday'
        when date_part('hour', pickup_ts) between 16 and 20 then 'evening'
        else 'overnight'
    end as trip_time_bucket

from typed_trips
where pickup_ts is not null
  and dropoff_ts is not null
  and event_ts is not null
  and total_amount >= 0
  and fare_amount >= 0
  and trip_distance > 0
  and dropoff_ts > pickup_ts
  and cast(pickup_ts as date) between '2025-01-01' and '2030-12-31'
  );
[0m06:13:52.074594 [debug] [Thread-1 (]: Opening a new connection, currently in state closed
[0m06:13:53.590370 [debug] [Thread-1 (]: SQL status: SUCCESS 1 in 2.0 seconds
[0m06:13:53.612074 [debug] [Thread-1 (]: Timing info for model.dbt_taxiops.stg_taxi_trips_silver (execute): 06:13:52.035276 => 06:13:53.611852
[0m06:13:53.612669 [debug] [Thread-1 (]: On model.dbt_taxiops.stg_taxi_trips_silver: Close
[0m06:13:53.676856 [debug] [Thread-1 (]: Sending event: {'category': 'dbt', 'action': 'run_model', 'label': 'e51263ee-d647-4b7a-8cf7-7fef7e5430bb', 'context': [<snowplow_tracker.self_describing_json.SelfDescribingJson object at 0x7b5c5411ac60>]}
[0m06:13:53.677780 [info ] [Thread-1 (]: 1 of 8 OK created sql view model PUBLIC_STAGING.stg_taxi_trips_silver .......... [[32mSUCCESS 1[0m in 1.65s]
[0m06:13:53.678654 [debug] [Thread-1 (]: Finished running node model.dbt_taxiops.stg_taxi_trips_silver
[0m06:13:53.680568 [debug] [Thread-3 (]: Began running node model.dbt_taxiops.airport_kpis
[0m06:13:53.681679 [debug] [Thread-4 (]: Began running node model.dbt_taxiops.dim_date
[0m06:13:53.683127 [info ] [Thread-3 (]: 2 of 8 START sql table model PUBLIC_GOLD.airport_kpis .......................... [RUN]
[0m06:13:53.684511 [debug] [Thread-2 (]: Began running node model.dbt_taxiops.dim_payment_type
[0m06:13:53.685744 [info ] [Thread-4 (]: 3 of 8 START sql table model PUBLIC.dim_date ................................... [RUN]
[0m06:13:53.687091 [debug] [Thread-1 (]: Began running node model.dbt_taxiops.dim_vendor
[0m06:13:53.688292 [debug] [Thread-3 (]: Re-using an available connection from the pool (formerly list_TAXIOPS_DB_PUBLIC, now model.dbt_taxiops.airport_kpis)
[0m06:13:53.690356 [info ] [Thread-2 (]: 4 of 8 START sql table model PUBLIC.dim_payment_type ........................... [RUN]
[0m06:13:53.692174 [debug] [Thread-4 (]: Acquiring new snowflake connection 'model.dbt_taxiops.dim_date'
[0m06:13:53.693238 [info ] [Thread-1 (]: 5 of 8 START sql table model PUBLIC.dim_vendor ................................. [RUN]
[0m06:13:53.694625 [debug] [Thread-3 (]: Began compiling node model.dbt_taxiops.airport_kpis
[0m06:13:53.696112 [debug] [Thread-2 (]: Re-using an available connection from the pool (formerly list_TAXIOPS_DB_PUBLIC_GOLD, now model.dbt_taxiops.dim_payment_type)
[0m06:13:53.696908 [debug] [Thread-4 (]: Began compiling node model.dbt_taxiops.dim_date
[0m06:13:53.698429 [debug] [Thread-1 (]: Re-using an available connection from the pool (formerly model.dbt_taxiops.stg_taxi_trips_silver, now model.dbt_taxiops.dim_vendor)
[0m06:13:53.703268 [debug] [Thread-3 (]: Writing injected SQL for node "model.dbt_taxiops.airport_kpis"
[0m06:13:53.704325 [debug] [Thread-2 (]: Began compiling node model.dbt_taxiops.dim_payment_type
[0m06:13:53.708879 [debug] [Thread-4 (]: Writing injected SQL for node "model.dbt_taxiops.dim_date"
[0m06:13:53.709851 [debug] [Thread-1 (]: Began compiling node model.dbt_taxiops.dim_vendor
[0m06:13:53.714398 [debug] [Thread-2 (]: Writing injected SQL for node "model.dbt_taxiops.dim_payment_type"
[0m06:13:53.715750 [debug] [Thread-3 (]: Timing info for model.dbt_taxiops.airport_kpis (compile): 06:13:53.699571 => 06:13:53.715399
[0m06:13:53.719305 [debug] [Thread-1 (]: Writing injected SQL for node "model.dbt_taxiops.dim_vendor"
[0m06:13:53.720643 [debug] [Thread-4 (]: Timing info for model.dbt_taxiops.dim_date (compile): 06:13:53.705028 => 06:13:53.720125
[0m06:13:53.721648 [debug] [Thread-3 (]: Began executing node model.dbt_taxiops.airport_kpis
[0m06:13:53.722812 [debug] [Thread-2 (]: Timing info for model.dbt_taxiops.dim_payment_type (compile): 06:13:53.710657 => 06:13:53.722534
[0m06:13:53.723752 [debug] [Thread-4 (]: Began executing node model.dbt_taxiops.dim_date
[0m06:13:53.735918 [debug] [Thread-1 (]: Timing info for model.dbt_taxiops.dim_vendor (compile): 06:13:53.716345 => 06:13:53.735456
[0m06:13:53.742787 [debug] [Thread-2 (]: Began executing node model.dbt_taxiops.dim_payment_type
[0m06:13:53.750686 [debug] [Thread-3 (]: Writing runtime sql for node "model.dbt_taxiops.airport_kpis"
[0m06:13:53.755956 [debug] [Thread-4 (]: Writing runtime sql for node "model.dbt_taxiops.dim_date"
[0m06:13:53.757033 [debug] [Thread-1 (]: Began executing node model.dbt_taxiops.dim_vendor
[0m06:13:53.760628 [debug] [Thread-2 (]: Writing runtime sql for node "model.dbt_taxiops.dim_payment_type"
[0m06:13:53.765954 [debug] [Thread-1 (]: Writing runtime sql for node "model.dbt_taxiops.dim_vendor"
[0m06:13:53.767739 [debug] [Thread-3 (]: Using snowflake connection "model.dbt_taxiops.airport_kpis"
[0m06:13:53.769328 [debug] [Thread-4 (]: Using snowflake connection "model.dbt_taxiops.dim_date"
[0m06:13:53.771498 [debug] [Thread-1 (]: Using snowflake connection "model.dbt_taxiops.dim_vendor"
[0m06:13:53.772177 [debug] [Thread-3 (]: On model.dbt_taxiops.airport_kpis: /* {"app": "dbt", "dbt_version": "1.7.19", "profile_name": "dbt_taxiops", "target_name": "dev", "node_id": "model.dbt_taxiops.airport_kpis"} */
create or replace transient table TAXIOPS_DB.PUBLIC_GOLD.airport_kpis
         as
        (

select
    pickup_date,
    is_airport_trip,

    count(*) as total_trips,
    round(sum(total_amount), 2) as total_revenue,
    round(avg(fare_amount), 2) as avg_fare_amount,
    round(avg(trip_distance), 2) as avg_trip_distance,
    round(avg(trip_duration_min), 2) as avg_trip_duration_min

from TAXIOPS_DB.PUBLIC_STAGING.stg_taxi_trips_silver
group by pickup_date, is_airport_trip
order by pickup_date, is_airport_trip
        );
[0m06:13:53.773932 [debug] [Thread-2 (]: Using snowflake connection "model.dbt_taxiops.dim_payment_type"
[0m06:13:53.774939 [debug] [Thread-4 (]: On model.dbt_taxiops.dim_date: /* {"app": "dbt", "dbt_version": "1.7.19", "profile_name": "dbt_taxiops", "target_name": "dev", "node_id": "model.dbt_taxiops.dim_date"} */
create or replace transient table TAXIOPS_DB.PUBLIC.dim_date
         as
        (

select distinct
    pickup_date as date_key,
    extract(year from pickup_date) as year,
    extract(quarter from pickup_date) as quarter,
    extract(month from pickup_date) as month_num,
    to_char(pickup_date, 'Mon') as month_name,
    extract(day from pickup_date) as day_of_month,
    extract(dayofweek from pickup_date) as day_of_week_num,
    trim(to_char(pickup_date, 'Day')) as day_name,
    case
        when extract(dayofweek from pickup_date) in (1, 7) then true
        else false
    end as is_weekend
from TAXIOPS_DB.PUBLIC_STAGING.stg_taxi_trips_silver
where pickup_date is not null
        );
[0m06:13:53.776285 [debug] [Thread-1 (]: On model.dbt_taxiops.dim_vendor: /* {"app": "dbt", "dbt_version": "1.7.19", "profile_name": "dbt_taxiops", "target_name": "dev", "node_id": "model.dbt_taxiops.dim_vendor"} */
create or replace transient table TAXIOPS_DB.PUBLIC.dim_vendor
         as
        (

select distinct
    vendor_id,
    case
        when vendor_id = '1' then 'Creative Mobile Technologies'
        when vendor_id = '2' then 'VeriFone'
        else 'Unknown Vendor'
    end as vendor_name
from TAXIOPS_DB.PUBLIC_STAGING.stg_taxi_trips_silver
where vendor_id is not null
        );
[0m06:13:53.777014 [debug] [Thread-3 (]: Opening a new connection, currently in state closed
[0m06:13:53.777624 [debug] [Thread-2 (]: On model.dbt_taxiops.dim_payment_type: /* {"app": "dbt", "dbt_version": "1.7.19", "profile_name": "dbt_taxiops", "target_name": "dev", "node_id": "model.dbt_taxiops.dim_payment_type"} */
create or replace transient table TAXIOPS_DB.PUBLIC.dim_payment_type
         as
        (

select distinct
    payment_type,
    case
        when payment_type = '1' then 'Credit Card'
        when payment_type = '2' then 'Cash'
        when payment_type = '3' then 'No Charge'
        when payment_type = '4' then 'Dispute'
        when payment_type = '5' then 'Unknown'
        when payment_type = '6' then 'Voided Trip'
        else 'Other'
    end as payment_type_desc
from TAXIOPS_DB.PUBLIC_STAGING.stg_taxi_trips_silver
where payment_type is not null
        );
[0m06:13:53.778698 [debug] [Thread-4 (]: Opening a new connection, currently in state init
[0m06:13:53.779908 [debug] [Thread-1 (]: Opening a new connection, currently in state closed
[0m06:13:53.797100 [debug] [Thread-2 (]: Opening a new connection, currently in state closed
[0m06:13:57.269217 [debug] [Thread-3 (]: SQL status: SUCCESS 1 in 3.0 seconds
[0m06:13:57.272470 [debug] [Thread-3 (]: Timing info for model.dbt_taxiops.airport_kpis (execute): 06:13:53.724620 => 06:13:57.272222
[0m06:13:57.273093 [debug] [Thread-3 (]: On model.dbt_taxiops.airport_kpis: Close
[0m06:13:57.345986 [debug] [Thread-3 (]: Sending event: {'category': 'dbt', 'action': 'run_model', 'label': 'e51263ee-d647-4b7a-8cf7-7fef7e5430bb', 'context': [<snowplow_tracker.self_describing_json.SelfDescribingJson object at 0x7b5c85bcc650>]}
[0m06:13:57.346997 [info ] [Thread-3 (]: 2 of 8 OK created sql table model PUBLIC_GOLD.airport_kpis ..................... [[32mSUCCESS 1[0m in 3.66s]
[0m06:13:57.348208 [debug] [Thread-3 (]: Finished running node model.dbt_taxiops.airport_kpis
[0m06:13:57.349031 [debug] [Thread-3 (]: Began running node model.dbt_taxiops.hourly_kpis
[0m06:13:57.350283 [info ] [Thread-3 (]: 6 of 8 START sql table model PUBLIC_GOLD.hourly_kpis ........................... [RUN]
[0m06:13:57.351672 [debug] [Thread-3 (]: Re-using an available connection from the pool (formerly model.dbt_taxiops.airport_kpis, now model.dbt_taxiops.hourly_kpis)
[0m06:13:57.352520 [debug] [Thread-3 (]: Began compiling node model.dbt_taxiops.hourly_kpis
[0m06:13:57.357912 [debug] [Thread-3 (]: Writing injected SQL for node "model.dbt_taxiops.hourly_kpis"
[0m06:13:57.359556 [debug] [Thread-3 (]: Timing info for model.dbt_taxiops.hourly_kpis (compile): 06:13:57.353088 => 06:13:57.359127
[0m06:13:57.360264 [debug] [Thread-3 (]: Began executing node model.dbt_taxiops.hourly_kpis
[0m06:13:57.364064 [debug] [Thread-3 (]: Writing runtime sql for node "model.dbt_taxiops.hourly_kpis"
[0m06:13:57.366608 [debug] [Thread-3 (]: Using snowflake connection "model.dbt_taxiops.hourly_kpis"
[0m06:13:57.367536 [debug] [Thread-3 (]: On model.dbt_taxiops.hourly_kpis: /* {"app": "dbt", "dbt_version": "1.7.19", "profile_name": "dbt_taxiops", "target_name": "dev", "node_id": "model.dbt_taxiops.hourly_kpis"} */
create or replace transient table TAXIOPS_DB.PUBLIC_GOLD.hourly_kpis
         as
        (

select
    pickup_date,
    pickup_hour,
    count(*) as total_trips,
    round(sum(total_amount), 2) as total_revenue,
    round(avg(fare_amount), 2) as avg_fare_amount,
    round(avg(tip_amount), 2) as avg_tip_amount,
    round(avg(trip_distance), 2) as avg_trip_distance,
    round(avg(trip_duration_min), 2) as avg_trip_duration_min,
    round(avg(fare_per_mile), 2) as avg_fare_per_mile,
    round(avg(tip_rate), 4) as avg_tip_rate
from TAXIOPS_DB.PUBLIC_STAGING.stg_taxi_trips_silver
group by pickup_date, pickup_hour
order by pickup_date, pickup_hour
        );
[0m06:13:57.368214 [debug] [Thread-3 (]: Opening a new connection, currently in state closed
[0m06:13:57.962210 [debug] [Thread-1 (]: SQL status: SUCCESS 1 in 4.0 seconds
[0m06:13:57.965149 [debug] [Thread-1 (]: Timing info for model.dbt_taxiops.dim_vendor (execute): 06:13:53.763007 => 06:13:57.964837
[0m06:13:57.965755 [debug] [Thread-1 (]: On model.dbt_taxiops.dim_vendor: Close
[0m06:13:58.004101 [debug] [Thread-2 (]: SQL status: SUCCESS 1 in 4.0 seconds
[0m06:13:58.007760 [debug] [Thread-2 (]: Timing info for model.dbt_taxiops.dim_payment_type (execute): 06:13:53.757661 => 06:13:58.007528
[0m06:13:58.008391 [debug] [Thread-2 (]: On model.dbt_taxiops.dim_payment_type: Close
[0m06:13:58.032845 [debug] [Thread-1 (]: Sending event: {'category': 'dbt', 'action': 'run_model', 'label': 'e51263ee-d647-4b7a-8cf7-7fef7e5430bb', 'context': [<snowplow_tracker.self_describing_json.SelfDescribingJson object at 0x7b5c84182600>]}
[0m06:13:58.035712 [info ] [Thread-1 (]: 5 of 8 OK created sql table model PUBLIC.dim_vendor ............................ [[32mSUCCESS 1[0m in 4.34s]
[0m06:13:58.037907 [debug] [Thread-1 (]: Finished running node model.dbt_taxiops.dim_vendor
[0m06:13:58.039656 [debug] [Thread-1 (]: Began running node model.dbt_taxiops.vendor_kpis
[0m06:13:58.040450 [info ] [Thread-1 (]: 7 of 8 START sql table model PUBLIC_GOLD.vendor_kpis ........................... [RUN]
[0m06:13:58.041621 [debug] [Thread-1 (]: Re-using an available connection from the pool (formerly model.dbt_taxiops.dim_vendor, now model.dbt_taxiops.vendor_kpis)
[0m06:13:58.042534 [debug] [Thread-1 (]: Began compiling node model.dbt_taxiops.vendor_kpis
[0m06:13:58.046482 [debug] [Thread-1 (]: Writing injected SQL for node "model.dbt_taxiops.vendor_kpis"
[0m06:13:58.047883 [debug] [Thread-1 (]: Timing info for model.dbt_taxiops.vendor_kpis (compile): 06:13:58.043025 => 06:13:58.047446
[0m06:13:58.048856 [debug] [Thread-1 (]: Began executing node model.dbt_taxiops.vendor_kpis
[0m06:13:58.052914 [debug] [Thread-1 (]: Writing runtime sql for node "model.dbt_taxiops.vendor_kpis"
[0m06:13:58.054939 [debug] [Thread-1 (]: Using snowflake connection "model.dbt_taxiops.vendor_kpis"
[0m06:13:58.056215 [debug] [Thread-1 (]: On model.dbt_taxiops.vendor_kpis: /* {"app": "dbt", "dbt_version": "1.7.19", "profile_name": "dbt_taxiops", "target_name": "dev", "node_id": "model.dbt_taxiops.vendor_kpis"} */
create or replace transient table TAXIOPS_DB.PUBLIC_GOLD.vendor_kpis
         as
        (

select
    s.pickup_date,
    s.vendor_id,
    d.vendor_name,
    count(*) as total_trips,
    round(sum(s.total_amount), 2) as total_revenue,
    round(avg(s.trip_distance), 2) as avg_trip_distance,
    round(avg(s.fare_amount), 2) as avg_fare_amount,
    round(avg(s.fare_per_mile), 2) as avg_fare_per_mile,
    round(avg(s.trip_duration_min), 2) as avg_trip_duration_min,
    round(max(s.total_amount), 2) as max_trip_total
from TAXIOPS_DB.PUBLIC_STAGING.stg_taxi_trips_silver s
left join TAXIOPS_DB.PUBLIC.dim_vendor d
    on s.vendor_id = d.vendor_id
group by s.pickup_date, s.vendor_id, d.vendor_name
order by s.pickup_date, s.vendor_id
        );
[0m06:13:58.056982 [debug] [Thread-1 (]: Opening a new connection, currently in state closed
[0m06:13:58.084955 [debug] [Thread-2 (]: Sending event: {'category': 'dbt', 'action': 'run_model', 'label': 'e51263ee-d647-4b7a-8cf7-7fef7e5430bb', 'context': [<snowplow_tracker.self_describing_json.SelfDescribingJson object at 0x7b5c85bccf80>]}
[0m06:13:58.089193 [info ] [Thread-2 (]: 4 of 8 OK created sql table model PUBLIC.dim_payment_type ...................... [[32mSUCCESS 1[0m in 4.39s]
[0m06:13:58.096597 [debug] [Thread-2 (]: Finished running node model.dbt_taxiops.dim_payment_type
[0m06:13:58.098230 [debug] [Thread-2 (]: Began running node model.dbt_taxiops.payment_kpis
[0m06:13:58.099523 [info ] [Thread-2 (]: 8 of 8 START sql table model PUBLIC_GOLD.payment_kpis .......................... [RUN]
[0m06:13:58.101557 [debug] [Thread-2 (]: Re-using an available connection from the pool (formerly model.dbt_taxiops.dim_payment_type, now model.dbt_taxiops.payment_kpis)
[0m06:13:58.102464 [debug] [Thread-2 (]: Began compiling node model.dbt_taxiops.payment_kpis
[0m06:13:58.106898 [debug] [Thread-2 (]: Writing injected SQL for node "model.dbt_taxiops.payment_kpis"
[0m06:13:58.109222 [debug] [Thread-2 (]: Timing info for model.dbt_taxiops.payment_kpis (compile): 06:13:58.102919 => 06:13:58.108619
[0m06:13:58.110114 [debug] [Thread-2 (]: Began executing node model.dbt_taxiops.payment_kpis
[0m06:13:58.114148 [debug] [Thread-2 (]: Writing runtime sql for node "model.dbt_taxiops.payment_kpis"
[0m06:13:58.117480 [debug] [Thread-2 (]: Using snowflake connection "model.dbt_taxiops.payment_kpis"
[0m06:13:58.118098 [debug] [Thread-2 (]: On model.dbt_taxiops.payment_kpis: /* {"app": "dbt", "dbt_version": "1.7.19", "profile_name": "dbt_taxiops", "target_name": "dev", "node_id": "model.dbt_taxiops.payment_kpis"} */
create or replace transient table TAXIOPS_DB.PUBLIC_GOLD.payment_kpis
         as
        (

select
    s.pickup_date,
    s.payment_type,
    d.payment_type_desc,
    count(*) as total_trips,
    round(sum(s.total_amount), 2) as total_revenue,
    round(avg(s.fare_amount), 2) as avg_fare_amount,
    round(avg(s.tip_amount), 2) as avg_tip_amount,
    round(avg(s.tip_rate), 4) as avg_tip_rate,
    round(avg(s.trip_distance), 2) as avg_trip_distance
from TAXIOPS_DB.PUBLIC_STAGING.stg_taxi_trips_silver s
left join TAXIOPS_DB.PUBLIC.dim_payment_type d
    on s.payment_type = d.payment_type
group by s.pickup_date, s.payment_type, d.payment_type_desc
order by s.pickup_date, s.payment_type
        );
[0m06:13:58.118672 [debug] [Thread-2 (]: Opening a new connection, currently in state closed
[0m06:13:58.217178 [debug] [Thread-4 (]: SQL status: SUCCESS 1 in 4.0 seconds
[0m06:13:58.220546 [debug] [Thread-4 (]: Timing info for model.dbt_taxiops.dim_date (execute): 06:13:53.751578 => 06:13:58.220259
[0m06:13:58.221202 [debug] [Thread-4 (]: On model.dbt_taxiops.dim_date: Close
[0m06:13:58.342337 [debug] [Thread-4 (]: Sending event: {'category': 'dbt', 'action': 'run_model', 'label': 'e51263ee-d647-4b7a-8cf7-7fef7e5430bb', 'context': [<snowplow_tracker.self_describing_json.SelfDescribingJson object at 0x7b5c85bcc920>]}
[0m06:13:58.343302 [info ] [Thread-4 (]: 3 of 8 OK created sql table model PUBLIC.dim_date .............................. [[32mSUCCESS 1[0m in 4.65s]
[0m06:13:58.344219 [debug] [Thread-4 (]: Finished running node model.dbt_taxiops.dim_date
[0m06:14:01.620255 [debug] [Thread-3 (]: SQL status: SUCCESS 1 in 4.0 seconds
[0m06:14:01.623033 [debug] [Thread-3 (]: Timing info for model.dbt_taxiops.hourly_kpis (execute): 06:13:57.360728 => 06:14:01.622813
[0m06:14:01.623584 [debug] [Thread-3 (]: On model.dbt_taxiops.hourly_kpis: Close
[0m06:14:01.700701 [debug] [Thread-3 (]: Sending event: {'category': 'dbt', 'action': 'run_model', 'label': 'e51263ee-d647-4b7a-8cf7-7fef7e5430bb', 'context': [<snowplow_tracker.self_describing_json.SelfDescribingJson object at 0x7b5c543b4e30>]}
[0m06:14:01.701842 [info ] [Thread-3 (]: 6 of 8 OK created sql table model PUBLIC_GOLD.hourly_kpis ...................... [[32mSUCCESS 1[0m in 4.35s]
[0m06:14:01.702828 [debug] [Thread-3 (]: Finished running node model.dbt_taxiops.hourly_kpis
[0m06:14:02.397314 [debug] [Thread-1 (]: SQL status: SUCCESS 1 in 4.0 seconds
[0m06:14:02.400215 [debug] [Thread-1 (]: Timing info for model.dbt_taxiops.vendor_kpis (execute): 06:13:58.049487 => 06:14:02.400006
[0m06:14:02.400736 [debug] [Thread-1 (]: On model.dbt_taxiops.vendor_kpis: Close
[0m06:14:02.509199 [debug] [Thread-1 (]: Sending event: {'category': 'dbt', 'action': 'run_model', 'label': 'e51263ee-d647-4b7a-8cf7-7fef7e5430bb', 'context': [<snowplow_tracker.self_describing_json.SelfDescribingJson object at 0x7b5c35ac6570>]}
[0m06:14:02.510275 [info ] [Thread-1 (]: 7 of 8 OK created sql table model PUBLIC_GOLD.vendor_kpis ...................... [[32mSUCCESS 1[0m in 4.47s]
[0m06:14:02.511495 [debug] [Thread-1 (]: Finished running node model.dbt_taxiops.vendor_kpis
[0m06:14:02.526778 [debug] [Thread-2 (]: SQL status: SUCCESS 1 in 4.0 seconds
[0m06:14:02.529858 [debug] [Thread-2 (]: Timing info for model.dbt_taxiops.payment_kpis (execute): 06:13:58.110561 => 06:14:02.529625
[0m06:14:02.530459 [debug] [Thread-2 (]: On model.dbt_taxiops.payment_kpis: Close
[0m06:14:02.631408 [debug] [Thread-2 (]: Sending event: {'category': 'dbt', 'action': 'run_model', 'label': 'e51263ee-d647-4b7a-8cf7-7fef7e5430bb', 'context': [<snowplow_tracker.self_describing_json.SelfDescribingJson object at 0x7b5c5411a000>]}
[0m06:14:02.632265 [info ] [Thread-2 (]: 8 of 8 OK created sql table model PUBLIC_GOLD.payment_kpis ..................... [[32mSUCCESS 1[0m in 4.53s]
[0m06:14:02.632993 [debug] [Thread-2 (]: Finished running node model.dbt_taxiops.payment_kpis
[0m06:14:02.637183 [debug] [MainThread]: Connection 'master' was properly closed.
[0m06:14:02.637818 [debug] [MainThread]: Connection 'model.dbt_taxiops.hourly_kpis' was properly closed.
[0m06:14:02.638141 [debug] [MainThread]: Connection 'model.dbt_taxiops.vendor_kpis' was properly closed.
[0m06:14:02.638499 [debug] [MainThread]: Connection 'model.dbt_taxiops.payment_kpis' was properly closed.
[0m06:14:02.638801 [debug] [MainThread]: Connection 'model.dbt_taxiops.dim_date' was properly closed.
[0m06:14:02.639255 [info ] [MainThread]: 
[0m06:14:02.639785 [info ] [MainThread]: Finished running 1 view model, 7 table models in 0 hours 0 minutes and 24.50 seconds (24.50s).
[0m06:14:02.641517 [debug] [MainThread]: Command end result
[0m06:14:02.653140 [info ] [MainThread]: 
[0m06:14:02.653932 [info ] [MainThread]: [32mCompleted successfully[0m
[0m06:14:02.654593 [info ] [MainThread]: 
[0m06:14:02.655350 [info ] [MainThread]: Done. PASS=8 WARN=0 ERROR=0 SKIP=0 TOTAL=8
[0m06:14:02.657081 [debug] [MainThread]: Resource report: {"command_name": "run", "command_success": true, "command_wall_clock_time": 27.999628, "process_user_time": 7.270952, "process_kernel_time": 2.489051, "process_mem_max_rss": "204396", "process_in_blocks": "63224", "process_out_blocks": "2224"}
[0m06:14:02.657948 [debug] [MainThread]: Command `dbt run` succeeded at 06:14:02.657815 after 28.00 seconds
[0m06:14:02.658395 [debug] [MainThread]: Sending event: {'category': 'dbt', 'action': 'invocation', 'label': 'end', 'context': [<snowplow_tracker.self_describing_json.SelfDescribingJson object at 0x7b5cb5c59280>, <snowplow_tracker.self_describing_json.SelfDescribingJson object at 0x7b5cb9c3dac0>, <snowplow_tracker.self_describing_json.SelfDescribingJson object at 0x7b5cb5dfcb30>]}
[0m06:14:02.658852 [debug] [MainThread]: Flushing usage events
